{
  "edge_4": {
    "Text": "透析治療に関わる医療スタッフと患者、患者の夫を交えて、透析治療を行うかどうかについて話し合いの場を設ける。",
    "RFA": [
      0
    ],
    "BAN": [
      0
    ],
    "JST": [
      0
    ],
    "CM": [
      0
    ]
  },
  "edge_5": {
    "Text": "患者本人には同意能力がないと判断できるため、患者の夫の同意を取る。",
    "RFA": [
      0
    ],
    "BAN": [
      0
    ],
    "JST": [
      0
    ],
    "CM": [
      0
    ]
  },
  "edge_6": {
    "Text": "患者に、透析治療は全く痛みがない治療であることを説明し、患者本人の同意を得る。",
    "RFA": [
      12
    ],
    "BAN": [
      0
    ],
    "JST": [
      0
    ],
    "CM": [
      4
    ]
  },
  "edge_7": {
    "Text": "患者の意向を尊重し、透析治療は差し控える。差し控えによるリスクについての説明を同意を取得する。",
    "RFA": [
      12
    ],
    "BAN": [
      11
    ],
    "JST": [
      0
    ],
    "CM": [
      0
    ]
  },
  "edge_9": {
    "Text": "透析治療に関わる医療スタッフと患者、患者の夫を交えて、透析治療を中断するかどうかについて話し合いの場を設ける。",
    "RFA": [
      0
    ],
    "BAN": [
      0
    ],
    "JST": [
      0
    ],
    "CM": [
      0
    ]
  },
  "edge_10": {
    "Text": "一度始めた透析治療は続けないといけない、と患者を叱咤する。",
    "RFA": [
      13
    ],
    "BAN": [
      0
    ],
    "JST": [
      0
    ],
    "CM": [
      5
    ]
  },
  "edge_11": {
    "Text": "患者の意向を尊重し、透析治療を中断する。中断によるリスクについての説明を同意を取得する。",
    "RFA": [
      0
    ],
    "BAN": [
      0
    ],
    "JST": [
      0
    ],
    "CM": [
      0
    ]
  },
  "edge_12": {
    "Text": "患者の夫の意向も考慮し、患者の夫と一緒になって患者を強く説得する。",
    "RFA": [
      13
    ],
    "BAN": [
      0
    ],
    "JST": [
      0
    ],
    "CM": [
      5
    ]
  },
  "edge_13": {
    "Text": "患者の意向を尊重し、透析治療を中断する。中断によるリスクについての説明を同意を取得する。",
    "RFA": [
      0
    ],
    "BAN": [
      0
    ],
    "JST": [
      0
    ],
    "CM": [
      0
    ]
  },
  "edge_14": {
    "Text": "患者に透析治療を行える他の医療機関を紹介し、紹介状を手渡す。",
    "RFA": [
      0
    ],
    "BAN": [
      0
    ],
    "JST": [
      0
    ],
    "CM": [
      0
    ]
  },
  "edge_15": {
    "Text": "２日後に予約を取り、患者が落ち着いてから話をする予定とする。",
    "RFA": [
      0
    ],
    "BAN": [
      0
    ],
    "JST": [
      0
    ],
    "CM": [
      0
    ]
  },
  "edge_16": {
    "Text": "現在の患者は同意能力がないと判断できるため、患者の苦痛を取り除いてから、透析治療再開について話し合いを行う。",
    "RFA": [
      0
    ],
    "BAN": [
      0
    ],
    "JST": [
      0
    ],
    "CM": [
      0
    ]
  },
  "edge_17": {
    "Text": "事前の患者の意思表示を尊重し、苦痛を取り除き看取りを行う緩和ケアを行う。",
    "RFA": [
      13
    ],
    "BAN": [
      11
    ],
    "JST": [
      0
    ],
    "CM": [
      0
    ]
  },
  "edge_18": {
    "Text": "患者の生命に関わるため、患者が拒否する場合は抑制した上で速やかに透析治療を行う。",
    "RFA": [
      11
    ],
    "BAN": [
      0
    ],
    "JST": [
      0
    ],
    "CM": [
      6
    ]
  },
  "edge_19": {
    "Text": "現在の患者は同意能力がないと判断できるため、患者の夫に同意をとり、透析治療を行う。",
    "RFA": [
      0
    ],
    "BAN": [
      0
    ],
    "JST": [
      0
    ],
    "CM": [
      0
    ]
  }
}