{
  "edge_3": {
    "Text": "子宮筋腫核出術の方針とするが、\n 出血多量など生命の危機にさらされた場合は、単純子宮全摘術に切り替える可能性もあることを説明する。",
    "RFA": [
      0
    ],
    "BAN": [
      0
    ],
    "JST": [
      0
    ],
    "CM": [
      0
    ]
  },
  "edge_4": {
    "Text": "子宮筋腫核出術についてのみ、手術の内容とメリットとデメリットの説明を行う。",
    "RFA": [
      12
    ],
    "BAN": [
      0
    ],
    "JST": [
      0
    ],
    "CM": [
      0
    ]
  },
  "edge_5": {
    "Text": "子宮筋腫を放置すると、将来的な不妊や流産のリスクとなることを説明し、手術の必要性を説得する。",
    "RFA": [
      0
    ],
    "BAN": [
      0
    ],
    "JST": [
      0
    ],
    "CM": [
      0
    ]
  },
  "edge_6": {
    "Text": "子宮全摘となる可能性はゼロではないが、\n 基本的には筋腫核出術で対応できるため、子宮全摘は行わないと説明する。",
    "RFA": [
      12
    ],
    "BAN": [
      0
    ],
    "JST": [
      0
    ],
    "CM": [
      0
    ]
  },
  "edge_7": {
    "Text": "子宮温存する治療の選択肢が豊富な他県の病院を紹介する。",
    "RFA": [
      0
    ],
    "BAN": [
      0
    ],
    "JST": [
      0
    ],
    "CM": [
      0
    ]
  },
  "edge_8": {
    "Text": "患者が治療を望まないため、手術は行わない。",
    "RFA": [
      0
    ],
    "BAN": [
      11
    ],
    "JST": [
      0
    ],
    "CM": [
      0
    ]
  },
  "edge_9": {
    "Text": "輸血を発注し、止血操作を行いながら、子宮筋腫核出術を続行する。",
    "RFA": [
      0
    ],
    "BAN": [
      11
    ],
    "JST": [
      0
    ],
    "CM": [
      0
    ]
  },
  "edge_10": {
    "Text": "患者の夫に連絡し、現在の状況と子宮の全摘の必要性について説明し、同意をとる。",
    "RFA": [
      0
    ],
    "BAN": [
      0
    ],
    "JST": [
      0
    ],
    "CM": [
      0
    ]
  },
  "edge_11": {
    "Text": "輸血を発注し、単純子宮全摘術に切り替える。",
    "RFA": [
      11
    ],
    "BAN": [
      0
    ],
    "JST": [
      0
    ],
    "CM": [
      0
    ]
  },
  "edge_12": {
    "Text": "輸血を発注し、単純子宮全摘術に切り替える。",
    "RFA": [
      0
    ],
    "BAN": [
      0
    ],
    "JST": [
      0
    ],
    "CM": [
      0
    ]
  },
  "edge_13": {
    "Text": "輸血をさらに発注し、2つ目の筋腫の核出は行わず、縫合と止血処置を行い、手術を終了する。",
    "RFA": [
      0
    ],
    "BAN": [
      0
    ],
    "JST": [
      0
    ],
    "CM": [
      0
    ]
  }
}