Subject,Q1,Q2,Q3,Q4,Q5,Q6,Q7,Q8,Q9,Q10,Q11,Q12,Q13,Q14,Q15,Q16,Q17,Q18,Q19,Q20,Q21,Q22,Q23,Q24,Q25,Q26,Q27,Q28,Q29,Q30,Q31,Q32,Q33,Q34,Q35,Q36,Q37,Q38,Q39,Q40,Q41,Q42,Q43,Q44,Q45,Q46,Q47,Q48,Q49,Q50
LLAMA2-1,0.0,2.0,1.0,3.0,4.0,2.0,11.0,1.0,2.0,5.0,0.0,5.0,7.0,3.0,4.0,1.0,2.0,4.0,0.0,2.0,13.0,2.0,2.0,3.0,8.0,0.0,2.0,3.0,1.0,2.0,0.0,2.0,2.0,1.0,3.0,3.0,2.0,5.0,0.0,0.0,5.0,5.0,3.0,5.0,4.0,3.0,0.0,0.0,4.0,1.0
LLAMA2-2,2.0,3.0,1.0,3.0,3.0,2.0,14.0,1.0,1.0,8.0,0.0,5.0,8.0,2.0,4.0,1.0,4.0,1.0,2.0,3.0,13.0,4.0,3.0,3.0,8.0,0.0,2.0,2.0,1.0,2.0,0.0,2.0,2.0,2.0,3.0,3.0,3.0,0.0,0.0,1.0,3.0,5.0,3.0,3.0,3.0,2.0,2.0,2.0,2.0,3.0
LLAMA2-3,2.0,3.0,1.0,2.0,5.0,2.0,13.0,2.0,1.0,9.0,0.0,7.0,7.0,2.0,4.0,2.0,0.0,2.0,2.0,1.0,8.0,2.0,0.0,2.0,8.0,1.0,1.0,2.0,1.0,2.0,1.0,1.0,2.0,1.0,3.0,3.0,3.0,1.0,0.0,1.0,5.0,5.0,3.0,0.0,6.0,3.0,3.0,1.0,4.0,3.0
LLAMA2-4,0.0,1.0,0.0,3.0,4.0,2.0,14.0,1.0,1.0,8.0,0.0,7.0,5.0,1.0,4.0,1.0,3.0,1.0,1.0,3.0,8.0,4.0,2.0,2.0,8.0,1.0,2.0,2.0,1.0,3.0,0.0,1.0,2.0,1.0,3.0,3.0,3.0,4.0,0.0,1.0,3.0,5.0,2.0,0.0,3.0,3.0,1.0,2.0,2.0,2.0
LLAMA2-5,0.0,3.0,0.0,3.0,8.0,2.0,14.0,2.0,2.0,2.0,0.0,5.0,6.0,2.0,4.0,2.0,2.0,5.0,2.0,0.0,10.0,2.0,3.0,1.0,6.0,0.0,1.0,2.0,1.0,2.0,0.0,2.0,2.0,1.0,3.0,3.0,3.0,1.0,0.0,1.0,3.0,5.0,3.0,5.0,5.0,4.0,2.0,2.0,0.0,2.0
LLAMA2-6,0.0,3.0,1.0,2.0,5.0,1.0,14.0,2.0,1.0,8.0,1.0,5.0,7.0,0.0,4.0,1.0,4.0,1.0,1.0,0.0,10.0,2.0,2.0,4.0,6.0,0.0,2.0,2.0,1.0,1.0,1.0,0.0,0.0,2.0,3.0,3.0,2.0,4.0,0.0,0.0,3.0,5.0,3.0,3.0,6.0,4.0,4.0,2.0,0.0,2.0
LLAMA2-7,0.0,3.0,0.0,3.0,8.0,2.0,8.0,1.0,0.0,8.0,0.0,5.0,8.0,2.0,4.0,0.0,3.0,5.0,2.0,3.0,13.0,2.0,3.0,2.0,8.0,0.0,2.0,2.0,1.0,2.0,0.0,1.0,2.0,1.0,2.0,3.0,3.0,1.0,0.0,0.0,4.0,4.0,2.0,3.0,5.0,3.0,4.0,2.0,0.0,3.0
LLAMA2-8,0.0,3.0,1.0,3.0,4.0,2.0,11.0,1.0,1.0,5.0,1.0,7.0,7.0,0.0,2.0,2.0,2.0,5.0,2.0,3.0,10.0,2.0,2.0,2.0,6.0,0.0,2.0,2.0,1.0,2.0,1.0,1.0,2.0,1.0,3.0,3.0,3.0,4.0,0.0,1.0,5.0,2.0,3.0,3.0,5.0,5.0,3.0,2.0,2.0,0.0
LLAMA2-9,0.0,3.0,1.0,3.0,8.0,2.0,14.0,1.0,2.0,5.0,1.0,7.0,6.0,0.0,4.0,0.0,0.0,5.0,3.0,1.0,6.0,2.0,0.0,1.0,8.0,0.0,2.0,2.0,1.0,1.0,0.0,2.0,2.0,1.0,4.0,3.0,3.0,1.0,0.0,1.0,3.0,5.0,2.0,3.0,5.0,5.0,2.0,2.0,2.0,3.0
LLAMA2-10,2.0,3.0,0.0,3.0,2.0,2.0,10.0,1.0,1.0,9.0,0.0,5.0,6.0,2.0,4.0,1.0,3.0,1.0,3.0,0.0,13.0,2.0,3.0,2.0,8.0,0.0,2.0,3.0,1.0,2.0,0.0,1.0,3.0,1.0,3.0,0.0,3.0,6.0,2.0,1.0,5.0,5.0,2.0,3.0,3.0,3.0,2.0,2.0,4.0,3.0
LLAMA2-11,0.0,3.0,1.0,2.0,2.0,0.0,12.0,1.0,1.0,8.0,0.0,7.0,6.0,2.0,4.0,1.0,0.0,5.0,1.0,0.0,11.0,4.0,0.0,3.0,8.0,0.0,2.0,2.0,1.0,1.0,1.0,1.0,2.0,1.0,3.0,4.0,3.0,6.0,0.0,1.0,3.0,4.0,3.0,3.0,5.0,3.0,2.0,2.0,2.0,1.0
LLAMA2-12,0.0,3.0,0.0,0.0,2.0,2.0,14.0,2.0,2.0,8.0,1.0,7.0,6.0,2.0,2.0,2.0,2.0,5.0,2.0,3.0,13.0,2.0,3.0,2.0,8.0,0.0,2.0,2.0,1.0,2.0,0.0,0.0,2.0,1.0,3.0,3.0,3.0,5.0,0.0,0.0,5.0,2.0,2.0,5.0,5.0,6.0,1.0,2.0,0.0,3.0
LLAMA2-13,2.0,3.0,1.0,2.0,4.0,0.0,14.0,2.0,1.0,8.0,0.0,7.0,4.0,3.0,2.0,1.0,4.0,1.0,2.0,1.0,12.0,2.0,2.0,3.0,6.0,0.0,2.0,3.0,1.0,1.0,1.0,1.0,2.0,1.0,2.0,3.0,3.0,6.0,0.0,1.0,3.0,5.0,3.0,2.0,5.0,3.0,1.0,2.0,0.0,2.0
LLAMA2-14,0.0,0.0,1.0,3.0,3.0,2.0,12.0,2.0,1.0,6.0,0.0,7.0,6.0,1.0,4.0,1.0,4.0,1.0,2.0,0.0,10.0,2.0,3.0,3.0,6.0,0.0,2.0,2.0,1.0,3.0,1.0,0.0,2.0,1.0,3.0,3.0,3.0,6.0,0.0,1.0,5.0,5.0,3.0,0.0,6.0,1.0,0.0,2.0,0.0,2.0
LLAMA2-15,0.0,2.0,1.0,2.0,8.0,2.0,10.0,2.0,1.0,9.0,0.0,7.0,4.0,1.0,4.0,2.0,2.0,5.0,0.0,0.0,10.0,0.0,2.0,2.0,8.0,0.0,2.0,3.0,1.0,2.0,1.0,0.0,2.0,1.0,3.0,4.0,3.0,6.0,0.0,1.0,3.0,5.0,3.0,0.0,6.0,3.0,2.0,2.0,2.0,0.0
LLAMA2-16,0.0,1.0,1.0,2.0,5.0,1.0,14.0,2.0,1.0,6.0,1.0,7.0,6.0,0.0,4.0,1.0,2.0,4.0,3.0,0.0,11.0,1.0,0.0,3.0,4.0,0.0,1.0,3.0,1.0,1.0,1.0,0.0,2.0,1.0,3.0,3.0,3.0,4.0,0.0,1.0,3.0,5.0,3.0,0.0,4.0,4.0,2.0,2.0,0.0,0.0
LLAMA2-17,0.0,3.0,1.0,3.0,4.0,0.0,14.0,0.0,2.0,8.0,0.0,7.0,8.0,3.0,4.0,0.0,2.0,2.0,3.0,3.0,13.0,2.0,2.0,2.0,6.0,0.0,2.0,2.0,1.0,3.0,1.0,1.0,2.0,0.0,2.0,3.0,2.0,1.0,0.0,0.0,3.0,5.0,2.0,2.0,3.0,2.0,3.0,2.0,2.0,2.0
LLAMA2-18,0.0,3.0,0.0,3.0,2.0,1.0,9.0,2.0,1.0,9.0,1.0,5.0,7.0,2.0,4.0,0.0,4.0,1.0,2.0,0.0,11.0,4.0,2.0,2.0,8.0,0.0,2.0,3.0,1.0,1.0,1.0,2.0,2.0,1.0,4.0,3.0,3.0,4.0,0.0,1.0,5.0,5.0,3.0,0.0,6.0,4.0,1.0,2.0,0.0,3.0
LLAMA2-19,0.0,3.0,1.0,3.0,4.0,2.0,14.0,2.0,2.0,8.0,0.0,7.0,8.0,0.0,2.0,0.0,2.0,4.0,1.0,0.0,8.0,2.0,2.0,2.0,4.0,1.0,2.0,2.0,1.0,2.0,1.0,1.0,2.0,1.0,3.0,3.0,3.0,4.0,0.0,0.0,4.0,2.0,2.0,0.0,6.0,3.0,2.0,0.0,2.0,3.0
LLAMA2-20,0.0,3.0,1.0,3.0,8.0,1.0,10.0,0.0,1.0,8.0,1.0,4.0,6.0,2.0,4.0,1.0,2.0,4.0,3.0,0.0,10.0,2.0,2.0,2.0,8.0,0.0,1.0,2.0,1.0,3.0,1.0,1.0,2.0,1.0,3.0,3.0,3.0,6.0,0.0,0.0,2.0,3.0,3.0,0.0,4.0,4.0,3.0,2.0,2.0,3.0
LLAMA2-21,1.0,2.0,1.0,2.0,5.0,1.0,14.0,2.0,0.0,8.0,0.0,7.0,6.0,2.0,2.0,1.0,3.0,2.0,0.0,1.0,12.0,3.0,0.0,2.0,6.0,1.0,2.0,2.0,1.0,2.0,0.0,1.0,2.0,1.0,3.0,3.0,3.0,6.0,0.0,0.0,3.0,4.0,2.0,0.0,2.0,3.0,3.0,1.0,2.0,3.0
LLAMA2-22,2.0,3.0,1.0,3.0,4.0,2.0,14.0,1.0,0.0,3.0,0.0,7.0,9.0,1.0,4.0,1.0,2.0,4.0,3.0,1.0,11.0,2.0,3.0,0.0,8.0,1.0,2.0,2.0,1.0,2.0,0.0,1.0,2.0,1.0,3.0,2.0,3.0,4.0,0.0,1.0,3.0,6.0,2.0,5.0,6.0,5.0,3.0,0.0,4.0,2.0
LLAMA2-23,0.0,3.0,1.0,1.0,3.0,0.0,7.0,2.0,1.0,8.0,0.0,7.0,6.0,3.0,4.0,1.0,2.0,4.0,1.0,0.0,12.0,2.0,0.0,2.0,4.0,0.0,2.0,2.0,1.0,2.0,1.0,0.0,2.0,1.0,4.0,3.0,3.0,6.0,0.0,0.0,4.0,5.0,2.0,3.0,3.0,5.0,1.0,2.0,2.0,2.0
LLAMA2-24,2.0,2.0,0.0,3.0,8.0,1.0,12.0,1.0,0.0,7.0,0.0,7.0,5.0,0.0,2.0,0.0,3.0,5.0,0.0,1.0,13.0,2.0,3.0,2.0,6.0,0.0,2.0,3.0,1.0,1.0,1.0,2.0,2.0,2.0,2.0,2.0,2.0,6.0,0.0,1.0,4.0,5.0,2.0,0.0,6.0,2.0,2.0,0.0,0.0,3.0
LLAMA2-25,2.0,3.0,1.0,3.0,8.0,2.0,14.0,0.0,0.0,7.0,0.0,5.0,7.0,1.0,4.0,2.0,3.0,1.0,2.0,3.0,6.0,4.0,0.0,3.0,4.0,1.0,1.0,3.0,1.0,2.0,0.0,0.0,2.0,1.0,3.0,3.0,3.0,2.0,0.0,2.0,4.0,5.0,2.0,3.0,2.0,3.0,1.0,1.0,0.0,2.0
LLAMA2-26,0.0,3.0,1.0,3.0,8.0,1.0,14.0,1.0,0.0,5.0,0.0,5.0,6.0,3.0,4.0,0.0,2.0,1.0,3.0,0.0,13.0,4.0,2.0,2.0,6.0,0.0,1.0,2.0,1.0,2.0,0.0,1.0,2.0,2.0,3.0,3.0,3.0,6.0,0.0,0.0,5.0,5.0,2.0,2.0,6.0,4.0,1.0,2.0,0.0,3.0
LLAMA2-27,0.0,2.0,1.0,3.0,4.0,1.0,12.0,2.0,1.0,9.0,0.0,7.0,7.0,1.0,2.0,2.0,4.0,5.0,1.0,1.0,11.0,2.0,2.0,3.0,6.0,1.0,2.0,2.0,0.0,1.0,0.0,0.0,2.0,1.0,3.0,3.0,3.0,1.0,0.0,0.0,3.0,5.0,3.0,2.0,6.0,3.0,2.0,2.0,2.0,3.0
LLAMA2-28,2.0,4.0,0.0,3.0,8.0,2.0,7.0,1.0,1.0,7.0,0.0,7.0,6.0,3.0,4.0,2.0,0.0,5.0,1.0,0.0,6.0,2.0,0.0,0.0,6.0,0.0,2.0,3.0,1.0,2.0,1.0,2.0,2.0,1.0,3.0,3.0,3.0,6.0,0.0,1.0,4.0,3.0,3.0,0.0,5.0,6.0,2.0,1.0,0.0,2.0
LLAMA2-29,2.0,3.0,1.0,3.0,2.0,1.0,14.0,2.0,1.0,8.0,0.0,7.0,6.0,1.0,2.0,2.0,3.0,2.0,2.0,3.0,13.0,2.0,2.0,3.0,4.0,0.0,2.0,3.0,1.0,2.0,1.0,2.0,2.0,1.0,3.0,2.0,2.0,2.0,0.0,0.0,3.0,4.0,2.0,0.0,4.0,1.0,1.0,0.0,2.0,0.0
LLAMA2-30,0.0,2.0,1.0,3.0,8.0,1.0,13.0,2.0,1.0,10.0,0.0,5.0,,1.0,2.0,1.0,3.0,4.0,2.0,1.0,11.0,3.0,0.0,2.0,8.0,0.0,2.0,2.0,1.0,3.0,1.0,2.0,2.0,1.0,2.0,3.0,3.0,5.0,0.0,0.0,5.0,5.0,3.0,3.0,6.0,5.0,1.0,2.0,0.0,2.0
LLAMA2-31,0.0,3.0,0.0,3.0,2.0,2.0,8.0,1.0,0.0,8.0,0.0,5.0,8.0,2.0,2.0,1.0,2.0,4.0,2.0,1.0,8.0,2.0,3.0,3.0,8.0,1.0,2.0,2.0,1.0,0.0,1.0,1.0,2.0,2.0,3.0,3.0,3.0,2.0,0.0,0.0,3.0,3.0,3.0,0.0,3.0,6.0,2.0,0.0,2.0,2.0
LLAMA2-32,0.0,3.0,1.0,3.0,4.0,2.0,13.0,2.0,0.0,7.0,0.0,7.0,8.0,2.0,2.0,2.0,2.0,4.0,0.0,0.0,6.0,2.0,2.0,3.0,6.0,0.0,2.0,2.0,1.0,2.0,1.0,1.0,2.0,1.0,3.0,3.0,3.0,4.0,0.0,0.0,3.0,5.0,1.0,2.0,6.0,3.0,3.0,2.0,2.0,2.0
LLAMA2-33,2.0,3.0,1.0,3.0,5.0,2.0,14.0,1.0,2.0,,0.0,7.0,7.0,1.0,2.0,0.0,2.0,5.0,1.0,1.0,13.0,2.0,0.0,2.0,6.0,0.0,2.0,2.0,1.0,1.0,1.0,1.0,2.0,1.0,3.0,0.0,3.0,6.0,0.0,1.0,2.0,5.0,3.0,3.0,3.0,5.0,1.0,2.0,2.0,2.0
LLAMA2-34,0.0,,1.0,3.0,8.0,1.0,11.0,1.0,1.0,8.0,0.0,4.0,5.0,0.0,4.0,1.0,3.0,4.0,2.0,3.0,13.0,3.0,3.0,3.0,6.0,1.0,2.0,3.0,1.0,2.0,1.0,2.0,3.0,1.0,4.0,3.0,3.0,6.0,0.0,0.0,5.0,2.0,3.0,0.0,3.0,5.0,2.0,1.0,4.0,2.0
LLAMA2-35,0.0,3.0,0.0,3.0,4.0,1.0,14.0,1.0,2.0,5.0,0.0,7.0,7.0,1.0,4.0,2.0,2.0,5.0,2.0,0.0,12.0,2.0,3.0,2.0,6.0,0.0,2.0,3.0,1.0,2.0,0.0,0.0,2.0,1.0,4.0,3.0,3.0,2.0,0.0,0.0,3.0,5.0,3.0,0.0,6.0,4.0,1.0,2.0,0.0,3.0
LLAMA2-36,0.0,2.0,0.0,3.0,8.0,2.0,11.0,1.0,2.0,8.0,1.0,7.0,9.0,2.0,4.0,1.0,0.0,1.0,1.0,2.0,8.0,4.0,3.0,3.0,8.0,0.0,2.0,2.0,1.0,2.0,1.0,1.0,2.0,1.0,4.0,3.0,3.0,0.0,0.0,0.0,5.0,6.0,3.0,3.0,6.0,4.0,2.0,,0.0,3.0
LLAMA2-37,0.0,3.0,1.0,3.0,4.0,1.0,8.0,2.0,1.0,3.0,0.0,5.0,7.0,3.0,4.0,0.0,3.0,2.0,3.0,1.0,10.0,2.0,2.0,3.0,4.0,1.0,2.0,2.0,1.0,1.0,1.0,2.0,2.0,1.0,2.0,3.0,3.0,6.0,0.0,0.0,3.0,2.0,2.0,5.0,2.0,3.0,4.0,2.0,0.0,2.0
LLAMA2-38,2.0,2.0,0.0,3.0,5.0,1.0,13.0,2.0,1.0,8.0,0.0,1.0,7.0,3.0,4.0,1.0,4.0,5.0,2.0,0.0,13.0,2.0,2.0,2.0,8.0,0.0,2.0,3.0,1.0,1.0,1.0,0.0,2.0,1.0,3.0,4.0,3.0,4.0,0.0,0.0,5.0,4.0,2.0,0.0,3.0,2.0,2.0,1.0,4.0,2.0
LLAMA2-39,0.0,2.0,1.0,3.0,5.0,2.0,14.0,1.0,1.0,5.0,1.0,5.0,5.0,0.0,4.0,1.0,2.0,2.0,2.0,1.0,11.0,2.0,2.0,2.0,6.0,0.0,1.0,3.0,1.0,2.0,1.0,1.0,2.0,1.0,3.0,3.0,3.0,6.0,0.0,1.0,3.0,5.0,2.0,0.0,3.0,2.0,2.0,2.0,2.0,2.0
LLAMA2-40,0.0,3.0,,2.0,4.0,2.0,14.0,1.0,1.0,5.0,1.0,7.0,7.0,2.0,4.0,0.0,2.0,4.0,2.0,0.0,9.0,2.0,2.0,1.0,4.0,0.0,2.0,3.0,1.0,2.0,0.0,1.0,2.0,1.0,3.0,3.0,2.0,4.0,0.0,0.0,3.0,5.0,2.0,0.0,6.0,2.0,2.0,2.0,0.0,1.0
LLAMA2-41,0.0,2.0,1.0,3.0,4.0,2.0,11.0,1.0,2.0,8.0,0.0,7.0,8.0,0.0,2.0,2.0,2.0,5.0,3.0,3.0,13.0,2.0,2.0,0.0,8.0,0.0,1.0,2.0,1.0,2.0,0.0,0.0,2.0,1.0,3.0,3.0,3.0,6.0,0.0,1.0,3.0,3.0,3.0,0.0,4.0,3.0,2.0,0.0,2.0,3.0
LLAMA2-42,0.0,2.0,1.0,3.0,8.0,2.0,14.0,2.0,1.0,8.0,0.0,5.0,7.0,2.0,4.0,2.0,3.0,5.0,2.0,2.0,12.0,2.0,3.0,2.0,6.0,0.0,2.0,3.0,1.0,2.0,2.0,2.0,2.0,2.0,3.0,2.0,3.0,6.0,0.0,0.0,3.0,5.0,3.0,3.0,4.0,4.0,1.0,2.0,2.0,0.0
LLAMA2-43,1.0,2.0,1.0,3.0,5.0,2.0,14.0,2.0,1.0,9.0,0.0,7.0,,1.0,2.0,2.0,2.0,5.0,1.0,1.0,13.0,2.0,1.0,1.0,8.0,0.0,0.0,3.0,2.0,0.0,1.0,1.0,3.0,1.0,3.0,3.0,3.0,5.0,0.0,1.0,4.0,3.0,1.0,0.0,6.0,4.0,2.0,0.0,2.0,2.0
LLAMA2-44,1.0,4.0,1.0,2.0,4.0,2.0,14.0,2.0,1.0,8.0,0.0,5.0,7.0,1.0,4.0,2.0,0.0,1.0,2.0,0.0,8.0,2.0,0.0,3.0,8.0,1.0,1.0,3.0,1.0,2.0,0.0,0.0,2.0,1.0,2.0,3.0,3.0,6.0,2.0,1.0,4.0,5.0,2.0,0.0,6.0,1.0,1.0,2.0,4.0,2.0
LLAMA2-45,0.0,2.0,0.0,2.0,8.0,1.0,10.0,1.0,1.0,5.0,0.0,7.0,7.0,3.0,0.0,1.0,4.0,5.0,0.0,3.0,10.0,2.0,2.0,3.0,6.0,0.0,2.0,3.0,1.0,2.0,0.0,0.0,2.0,1.0,3.0,3.0,3.0,4.0,0.0,1.0,3.0,6.0,2.0,5.0,6.0,2.0,2.0,0.0,0.0,3.0
LLAMA2-46,2.0,3.0,1.0,3.0,4.0,2.0,10.0,1.0,2.0,8.0,0.0,5.0,6.0,0.0,2.0,2.0,3.0,5.0,1.0,0.0,13.0,2.0,2.0,1.0,6.0,0.0,2.0,3.0,1.0,3.0,1.0,0.0,2.0,1.0,3.0,3.0,2.0,4.0,0.0,1.0,3.0,6.0,3.0,0.0,4.0,3.0,0.0,2.0,2.0,3.0
LLAMA2-47,0.0,2.0,0.0,3.0,3.0,2.0,14.0,1.0,1.0,4.0,0.0,4.0,7.0,2.0,4.0,0.0,4.0,4.0,3.0,0.0,13.0,2.0,3.0,0.0,6.0,0.0,2.0,2.0,1.0,1.0,0.0,2.0,2.0,1.0,3.0,3.0,3.0,2.0,0.0,0.0,3.0,4.0,3.0,3.0,3.0,5.0,4.0,2.0,4.0,2.0
LLAMA2-48,1.0,3.0,1.0,3.0,8.0,2.0,14.0,2.0,1.0,6.0,0.0,5.0,5.0,3.0,4.0,2.0,4.0,4.0,3.0,1.0,13.0,2.0,2.0,2.0,8.0,0.0,1.0,3.0,1.0,2.0,1.0,1.0,3.0,1.0,3.0,0.0,3.0,1.0,0.0,0.0,5.0,5.0,3.0,0.0,4.0,2.0,1.0,2.0,2.0,1.0
LLAMA2-49,2.0,3.0,1.0,3.0,4.0,2.0,14.0,2.0,2.0,8.0,0.0,7.0,7.0,1.0,4.0,1.0,4.0,4.0,2.0,0.0,11.0,2.0,2.0,2.0,8.0,1.0,2.0,2.0,0.0,1.0,0.0,0.0,2.0,0.0,2.0,3.0,3.0,0.0,2.0,2.0,3.0,5.0,3.0,3.0,6.0,3.0,1.0,3.0,2.0,2.0
LLAMA2-50,0.0,3.0,1.0,3.0,4.0,2.0,13.0,2.0,1.0,8.0,0.0,5.0,7.0,2.0,4.0,2.0,3.0,5.0,2.0,0.0,10.0,2.0,2.0,2.0,8.0,0.0,1.0,2.0,1.0,1.0,0.0,0.0,2.0,0.0,3.0,0.0,3.0,4.0,0.0,0.0,5.0,5.0,3.0,0.0,3.0,2.0,2.0,2.0,0.0,2.0
LLAMA2-51,0.0,3.0,1.0,3.0,4.0,0.0,13.0,2.0,1.0,9.0,0.0,7.0,6.0,3.0,4.0,0.0,2.0,1.0,2.0,1.0,6.0,2.0,2.0,2.0,8.0,0.0,2.0,2.0,1.0,2.0,1.0,2.0,2.0,2.0,3.0,3.0,3.0,5.0,0.0,1.0,3.0,5.0,3.0,0.0,6.0,5.0,2.0,2.0,0.0,2.0
LLAMA2-52,0.0,3.0,1.0,3.0,5.0,2.0,12.0,1.0,1.0,7.0,0.0,5.0,4.0,2.0,4.0,1.0,3.0,1.0,2.0,3.0,11.0,2.0,2.0,2.0,8.0,1.0,2.0,2.0,1.0,2.0,1.0,2.0,2.0,1.0,3.0,2.0,3.0,0.0,0.0,1.0,3.0,5.0,3.0,0.0,4.0,4.0,2.0,0.0,2.0,2.0
LLAMA2-53,0.0,3.0,1.0,2.0,8.0,1.0,10.0,1.0,1.0,5.0,0.0,7.0,7.0,2.0,4.0,0.0,2.0,5.0,0.0,1.0,10.0,2.0,2.0,2.0,8.0,0.0,2.0,2.0,1.0,1.0,0.0,1.0,0.0,1.0,3.0,3.0,3.0,2.0,0.0,1.0,3.0,5.0,3.0,0.0,6.0,3.0,1.0,2.0,0.0,2.0
LLAMA2-54,0.0,2.0,,2.0,5.0,2.0,14.0,1.0,1.0,8.0,0.0,5.0,8.0,1.0,2.0,0.0,2.0,5.0,2.0,0.0,10.0,2.0,0.0,2.0,4.0,0.0,2.0,2.0,1.0,2.0,0.0,2.0,2.0,1.0,3.0,3.0,3.0,5.0,0.0,0.0,4.0,5.0,3.0,2.0,6.0,5.0,1.0,2.0,2.0,2.0
LLAMA2-55,0.0,2.0,1.0,3.0,3.0,1.0,14.0,2.0,2.0,8.0,0.0,7.0,5.0,3.0,4.0,1.0,3.0,4.0,2.0,0.0,13.0,4.0,2.0,3.0,8.0,0.0,2.0,2.0,1.0,1.0,1.0,2.0,2.0,1.0,3.0,3.0,3.0,2.0,0.0,0.0,3.0,4.0,3.0,3.0,2.0,5.0,1.0,2.0,4.0,3.0
LLAMA2-56,2.0,4.0,0.0,2.0,5.0,1.0,12.0,1.0,1.0,8.0,1.0,7.0,8.0,2.0,4.0,1.0,4.0,5.0,0.0,3.0,10.0,4.0,2.0,2.0,6.0,0.0,2.0,2.0,1.0,1.0,0.0,1.0,3.0,1.0,3.0,3.0,3.0,0.0,0.0,0.0,3.0,5.0,3.0,0.0,2.0,1.0,3.0,1.0,2.0,1.0
LLAMA2-57,0.0,3.0,1.0,3.0,8.0,2.0,14.0,2.0,1.0,5.0,0.0,5.0,7.0,2.0,4.0,2.0,0.0,4.0,0.0,1.0,10.0,1.0,2.0,2.0,8.0,0.0,2.0,3.0,1.0,2.0,0.0,2.0,2.0,1.0,3.0,3.0,3.0,4.0,0.0,0.0,5.0,5.0,3.0,0.0,6.0,6.0,1.0,0.0,2.0,2.0
LLAMA2-58,0.0,3.0,0.0,3.0,8.0,2.0,14.0,2.0,2.0,7.0,0.0,7.0,6.0,2.0,2.0,1.0,4.0,5.0,3.0,1.0,11.0,4.0,2.0,2.0,8.0,0.0,1.0,2.0,1.0,2.0,0.0,0.0,2.0,1.0,3.0,3.0,3.0,4.0,0.0,0.0,3.0,5.0,3.0,5.0,5.0,3.0,1.0,0.0,2.0,2.0
LLAMA2-59,0.0,2.0,1.0,3.0,5.0,1.0,13.0,2.0,1.0,5.0,0.0,3.0,7.0,3.0,4.0,2.0,2.0,5.0,2.0,1.0,13.0,2.0,2.0,0.0,8.0,0.0,1.0,3.0,1.0,2.0,0.0,2.0,2.0,1.0,4.0,3.0,3.0,1.0,0.0,1.0,4.0,5.0,2.0,3.0,6.0,3.0,3.0,2.0,2.0,3.0
LLAMA2-60,0.0,3.0,0.0,3.0,4.0,2.0,14.0,1.0,1.0,6.0,0.0,7.0,6.0,0.0,4.0,1.0,3.0,4.0,3.0,1.0,11.0,2.0,2.0,3.0,4.0,1.0,2.0,2.0,1.0,2.0,0.0,2.0,2.0,1.0,3.0,3.0,2.0,5.0,0.0,1.0,3.0,5.0,3.0,0.0,6.0,6.0,2.0,2.0,2.0,3.0
LLAMA2-61,0.0,2.0,1.0,2.0,2.0,2.0,10.0,1.0,1.0,5.0,0.0,7.0,7.0,1.0,4.0,0.0,4.0,1.0,2.0,1.0,12.0,2.0,3.0,4.0,6.0,1.0,2.0,3.0,1.0,2.0,1.0,2.0,2.0,2.0,3.0,3.0,3.0,4.0,0.0,0.0,4.0,2.0,3.0,0.0,6.0,4.0,2.0,2.0,0.0,2.0
LLAMA2-62,2.0,3.0,1.0,3.0,8.0,0.0,13.0,1.0,2.0,10.0,0.0,7.0,7.0,3.0,4.0,0.0,2.0,4.0,2.0,0.0,8.0,2.0,3.0,3.0,8.0,0.0,1.0,3.0,1.0,2.0,0.0,0.0,2.0,2.0,3.0,3.0,3.0,0.0,2.0,0.0,5.0,6.0,3.0,0.0,6.0,4.0,1.0,2.0,0.0,3.0
LLAMA2-63,0.0,4.0,1.0,2.0,5.0,2.0,13.0,1.0,1.0,8.0,0.0,4.0,8.0,3.0,2.0,0.0,3.0,5.0,1.0,1.0,13.0,4.0,0.0,2.0,6.0,0.0,1.0,2.0,1.0,1.0,1.0,2.0,2.0,2.0,3.0,3.0,3.0,6.0,0.0,0.0,3.0,5.0,3.0,0.0,6.0,4.0,1.0,2.0,2.0,2.0
LLAMA2-64,0.0,4.0,0.0,3.0,4.0,2.0,14.0,1.0,1.0,10.0,0.0,7.0,6.0,2.0,4.0,1.0,3.0,5.0,2.0,1.0,12.0,2.0,0.0,3.0,8.0,0.0,2.0,2.0,1.0,1.0,0.0,1.0,2.0,1.0,3.0,4.0,3.0,4.0,0.0,0.0,3.0,5.0,2.0,3.0,6.0,6.0,3.0,1.0,4.0,2.0
LLAMA2-65,2.0,3.0,1.0,3.0,5.0,2.0,14.0,1.0,1.0,10.0,0.0,5.0,7.0,3.0,4.0,1.0,2.0,2.0,2.0,0.0,10.0,4.0,0.0,2.0,6.0,0.0,2.0,2.0,1.0,2.0,1.0,2.0,2.0,0.0,2.0,3.0,3.0,6.0,0.0,0.0,3.0,5.0,2.0,0.0,4.0,1.0,2.0,2.0,0.0,1.0
LLAMA2-66,1.0,3.0,1.0,2.0,5.0,2.0,13.0,1.0,2.0,10.0,0.0,7.0,4.0,3.0,4.0,0.0,0.0,5.0,1.0,0.0,11.0,2.0,3.0,3.0,6.0,0.0,2.0,2.0,1.0,2.0,1.0,0.0,2.0,1.0,3.0,3.0,3.0,6.0,0.0,1.0,4.0,5.0,3.0,3.0,5.0,5.0,2.0,2.0,0.0,3.0
LLAMA2-67,0.0,3.0,0.0,3.0,5.0,2.0,9.0,2.0,2.0,6.0,0.0,7.0,8.0,0.0,4.0,0.0,2.0,5.0,2.0,0.0,12.0,2.0,2.0,1.0,8.0,0.0,2.0,2.0,1.0,2.0,1.0,1.0,2.0,2.0,2.0,3.0,3.0,1.0,0.0,1.0,5.0,5.0,3.0,0.0,6.0,3.0,1.0,0.0,2.0,2.0
LLAMA2-68,2.0,3.0,1.0,3.0,4.0,1.0,11.0,1.0,1.0,4.0,1.0,4.0,8.0,2.0,2.0,1.0,3.0,5.0,2.0,0.0,10.0,2.0,2.0,2.0,6.0,0.0,2.0,2.0,1.0,2.0,1.0,2.0,2.0,0.0,3.0,3.0,3.0,6.0,0.0,1.0,3.0,3.0,2.0,0.0,6.0,6.0,2.0,0.0,0.0,3.0
LLAMA2-69,2.0,3.0,1.0,3.0,8.0,2.0,11.0,2.0,2.0,4.0,0.0,7.0,8.0,3.0,4.0,0.0,4.0,4.0,0.0,3.0,13.0,2.0,2.0,3.0,8.0,1.0,2.0,2.0,1.0,1.0,0.0,0.0,3.0,1.0,2.0,2.0,2.0,1.0,0.0,1.0,3.0,5.0,2.0,3.0,6.0,3.0,1.0,1.0,4.0,2.0
LLAMA2-70,0.0,3.0,0.0,2.0,3.0,2.0,11.0,1.0,1.0,8.0,0.0,5.0,6.0,3.0,4.0,2.0,2.0,2.0,2.0,3.0,13.0,2.0,3.0,3.0,6.0,0.0,2.0,3.0,1.0,1.0,1.0,2.0,2.0,1.0,3.0,2.0,3.0,4.0,0.0,0.0,3.0,4.0,2.0,0.0,4.0,3.0,2.0,,0.0,3.0
LLAMA2-71,0.0,2.0,1.0,3.0,3.0,2.0,14.0,1.0,1.0,6.0,0.0,7.0,5.0,1.0,2.0,0.0,2.0,4.0,3.0,0.0,10.0,2.0,3.0,2.0,8.0,1.0,2.0,2.0,1.0,2.0,1.0,2.0,2.0,1.0,3.0,3.0,3.0,2.0,0.0,0.0,4.0,5.0,3.0,2.0,5.0,3.0,2.0,2.0,2.0,3.0
LLAMA2-72,0.0,3.0,,3.0,5.0,2.0,14.0,1.0,1.0,7.0,0.0,4.0,7.0,2.0,2.0,2.0,2.0,5.0,2.0,1.0,10.0,4.0,1.0,2.0,6.0,0.0,2.0,2.0,1.0,2.0,1.0,1.0,2.0,1.0,3.0,3.0,3.0,2.0,2.0,0.0,3.0,5.0,3.0,3.0,6.0,3.0,2.0,1.0,2.0,3.0
LLAMA2-73,0.0,3.0,1.0,3.0,8.0,2.0,14.0,2.0,1.0,8.0,0.0,5.0,8.0,3.0,4.0,0.0,3.0,5.0,2.0,0.0,11.0,2.0,3.0,2.0,4.0,1.0,2.0,2.0,1.0,2.0,0.0,0.0,2.0,2.0,3.0,4.0,3.0,6.0,0.0,1.0,3.0,5.0,2.0,3.0,4.0,1.0,3.0,0.0,0.0,2.0
LLAMA2-74,0.0,3.0,1.0,1.0,4.0,2.0,10.0,2.0,1.0,5.0,0.0,4.0,5.0,3.0,4.0,2.0,3.0,4.0,3.0,1.0,13.0,4.0,2.0,1.0,6.0,0.0,2.0,2.0,1.0,1.0,0.0,1.0,2.0,2.0,3.0,3.0,2.0,6.0,0.0,0.0,4.0,5.0,2.0,0.0,6.0,3.0,3.0,1.0,0.0,2.0
LLAMA2-75,0.0,3.0,1.0,3.0,5.0,2.0,9.0,2.0,1.0,8.0,0.0,5.0,4.0,2.0,4.0,1.0,2.0,5.0,0.0,0.0,11.0,2.0,2.0,2.0,6.0,0.0,2.0,2.0,1.0,1.0,0.0,1.0,3.0,1.0,4.0,3.0,2.0,6.0,0.0,0.0,3.0,3.0,3.0,3.0,4.0,2.0,3.0,2.0,0.0,0.0
LLAMA2-76,0.0,3.0,1.0,3.0,4.0,1.0,14.0,2.0,1.0,10.0,0.0,5.0,,2.0,4.0,1.0,3.0,2.0,0.0,0.0,11.0,4.0,0.0,0.0,6.0,1.0,2.0,2.0,1.0,1.0,0.0,2.0,2.0,1.0,4.0,3.0,3.0,4.0,2.0,1.0,3.0,3.0,2.0,5.0,6.0,6.0,0.0,1.0,0.0,2.0
LLAMA2-77,0.0,3.0,1.0,3.0,8.0,2.0,14.0,1.0,1.0,8.0,0.0,5.0,6.0,0.0,4.0,0.0,4.0,1.0,2.0,0.0,8.0,2.0,0.0,2.0,8.0,0.0,2.0,2.0,1.0,2.0,1.0,1.0,2.0,2.0,4.0,3.0,3.0,6.0,2.0,1.0,,5.0,3.0,3.0,6.0,4.0,1.0,1.0,2.0,3.0
LLAMA2-78,0.0,4.0,1.0,3.0,5.0,1.0,11.0,1.0,0.0,6.0,0.0,7.0,6.0,3.0,2.0,2.0,0.0,3.0,3.0,3.0,10.0,4.0,2.0,3.0,6.0,0.0,2.0,2.0,1.0,2.0,1.0,1.0,2.0,1.0,3.0,3.0,3.0,0.0,0.0,0.0,3.0,5.0,3.0,3.0,6.0,3.0,2.0,2.0,0.0,1.0
LLAMA2-79,0.0,2.0,1.0,3.0,8.0,1.0,10.0,2.0,0.0,10.0,0.0,5.0,8.0,2.0,4.0,0.0,2.0,5.0,0.0,2.0,13.0,2.0,2.0,3.0,6.0,0.0,1.0,3.0,1.0,2.0,1.0,2.0,2.0,1.0,3.0,3.0,3.0,6.0,0.0,1.0,5.0,5.0,3.0,2.0,3.0,3.0,1.0,0.0,2.0,2.0
LLAMA2-80,1.0,3.0,0.0,3.0,8.0,2.0,13.0,2.0,2.0,5.0,1.0,7.0,6.0,2.0,4.0,2.0,0.0,5.0,2.0,0.0,10.0,2.0,0.0,3.0,6.0,0.0,2.0,2.0,1.0,2.0,1.0,1.0,3.0,2.0,2.0,3.0,3.0,0.0,0.0,1.0,3.0,5.0,3.0,3.0,6.0,6.0,2.0,2.0,4.0,3.0
LLAMA2-81,2.0,3.0,1.0,3.0,4.0,2.0,13.0,1.0,1.0,6.0,0.0,7.0,5.0,1.0,0.0,1.0,2.0,4.0,1.0,0.0,12.0,2.0,2.0,2.0,8.0,0.0,2.0,2.0,1.0,1.0,1.0,2.0,2.0,1.0,3.0,3.0,3.0,1.0,0.0,0.0,4.0,4.0,3.0,0.0,6.0,5.0,3.0,2.0,0.0,0.0
LLAMA2-82,0.0,3.0,1.0,2.0,4.0,2.0,11.0,2.0,1.0,5.0,0.0,7.0,7.0,1.0,2.0,0.0,3.0,5.0,0.0,0.0,13.0,2.0,2.0,3.0,6.0,0.0,2.0,3.0,1.0,1.0,1.0,0.0,2.0,1.0,2.0,3.0,3.0,6.0,0.0,1.0,3.0,4.0,3.0,0.0,6.0,4.0,2.0,1.0,4.0,3.0
LLAMA2-83,2.0,3.0,0.0,3.0,3.0,2.0,14.0,1.0,1.0,4.0,0.0,5.0,9.0,3.0,2.0,0.0,2.0,5.0,2.0,0.0,10.0,2.0,2.0,3.0,8.0,1.0,2.0,2.0,1.0,2.0,0.0,1.0,2.0,2.0,4.0,3.0,3.0,6.0,0.0,0.0,3.0,5.0,3.0,5.0,4.0,3.0,1.0,2.0,0.0,3.0
LLAMA2-84,1.0,2.0,0.0,3.0,3.0,2.0,13.0,2.0,2.0,10.0,0.0,4.0,4.0,0.0,4.0,1.0,0.0,4.0,3.0,1.0,10.0,2.0,3.0,3.0,6.0,0.0,2.0,2.0,1.0,2.0,0.0,2.0,2.0,2.0,4.0,2.0,3.0,2.0,0.0,0.0,3.0,5.0,3.0,0.0,6.0,3.0,1.0,2.0,2.0,3.0
LLAMA2-85,0.0,2.0,1.0,3.0,4.0,2.0,14.0,2.0,1.0,4.0,0.0,7.0,6.0,0.0,4.0,1.0,3.0,4.0,3.0,1.0,11.0,4.0,3.0,3.0,8.0,1.0,2.0,2.0,1.0,3.0,0.0,2.0,2.0,1.0,3.0,3.0,2.0,6.0,2.0,0.0,4.0,3.0,2.0,3.0,1.0,3.0,1.0,2.0,0.0,3.0
LLAMA2-86,0.0,4.0,0.0,3.0,4.0,1.0,14.0,0.0,1.0,8.0,0.0,7.0,6.0,3.0,4.0,1.0,2.0,5.0,3.0,2.0,13.0,4.0,3.0,3.0,6.0,0.0,2.0,3.0,1.0,2.0,1.0,2.0,2.0,1.0,3.0,3.0,3.0,0.0,0.0,1.0,5.0,5.0,3.0,3.0,5.0,3.0,1.0,2.0,0.0,1.0
LLAMA2-87,0.0,3.0,0.0,2.0,8.0,2.0,11.0,1.0,1.0,8.0,0.0,5.0,6.0,0.0,2.0,1.0,0.0,1.0,0.0,3.0,6.0,2.0,0.0,3.0,6.0,0.0,2.0,3.0,1.0,1.0,1.0,0.0,2.0,0.0,3.0,3.0,3.0,6.0,2.0,0.0,4.0,5.0,3.0,0.0,6.0,5.0,4.0,0.0,2.0,0.0
LLAMA2-88,2.0,3.0,1.0,3.0,4.0,2.0,10.0,2.0,0.0,8.0,1.0,7.0,4.0,0.0,4.0,2.0,2.0,5.0,2.0,0.0,12.0,2.0,2.0,2.0,8.0,0.0,2.0,2.0,1.0,2.0,0.0,0.0,2.0,0.0,4.0,3.0,3.0,4.0,0.0,0.0,3.0,6.0,2.0,0.0,6.0,1.0,2.0,0.0,2.0,3.0
LLAMA2-89,0.0,2.0,1.0,3.0,4.0,2.0,9.0,0.0,1.0,8.0,0.0,7.0,8.0,1.0,4.0,0.0,2.0,5.0,2.0,1.0,11.0,4.0,2.0,3.0,8.0,0.0,2.0,2.0,1.0,1.0,0.0,2.0,2.0,1.0,4.0,3.0,3.0,0.0,0.0,0.0,5.0,2.0,3.0,0.0,6.0,3.0,1.0,2.0,2.0,2.0
LLAMA2-90,2.0,3.0,1.0,3.0,5.0,1.0,11.0,2.0,1.0,5.0,0.0,7.0,8.0,2.0,4.0,2.0,3.0,5.0,3.0,0.0,11.0,,0.0,0.0,8.0,0.0,2.0,3.0,0.0,2.0,1.0,0.0,2.0,1.0,4.0,0.0,1.0,4.0,0.0,0.0,5.0,4.0,2.0,0.0,5.0,2.0,2.0,2.0,2.0,2.0
LLAMA2-91,0.0,2.0,0.0,3.0,,1.0,14.0,2.0,1.0,8.0,0.0,7.0,7.0,3.0,4.0,2.0,4.0,2.0,3.0,0.0,13.0,4.0,2.0,2.0,6.0,0.0,2.0,2.0,1.0,2.0,0.0,1.0,2.0,1.0,3.0,2.0,3.0,0.0,0.0,1.0,2.0,5.0,3.0,0.0,2.0,4.0,1.0,,2.0,3.0
LLAMA2-92,0.0,3.0,0.0,3.0,2.0,2.0,11.0,2.0,1.0,8.0,0.0,7.0,6.0,2.0,4.0,2.0,3.0,5.0,2.0,0.0,11.0,3.0,2.0,0.0,8.0,1.0,2.0,3.0,1.0,2.0,0.0,0.0,2.0,1.0,2.0,3.0,3.0,4.0,0.0,0.0,3.0,5.0,3.0,0.0,6.0,6.0,1.0,2.0,2.0,3.0
LLAMA2-93,2.0,3.0,1.0,3.0,8.0,2.0,14.0,2.0,1.0,4.0,0.0,5.0,6.0,1.0,4.0,1.0,0.0,5.0,3.0,0.0,10.0,2.0,3.0,2.0,6.0,0.0,2.0,2.0,1.0,2.0,1.0,2.0,2.0,1.0,3.0,2.0,3.0,2.0,0.0,1.0,4.0,4.0,3.0,3.0,4.0,5.0,1.0,0.0,2.0,3.0
LLAMA2-94,1.0,3.0,0.0,3.0,4.0,0.0,14.0,1.0,1.0,10.0,1.0,7.0,7.0,3.0,4.0,1.0,2.0,2.0,2.0,0.0,13.0,2.0,2.0,3.0,6.0,0.0,2.0,3.0,1.0,1.0,2.0,2.0,2.0,2.0,3.0,2.0,3.0,4.0,0.0,1.0,3.0,4.0,3.0,0.0,5.0,1.0,1.0,,2.0,3.0
LLAMA2-95,0.0,3.0,1.0,3.0,5.0,1.0,13.0,2.0,0.0,8.0,0.0,7.0,4.0,3.0,4.0,0.0,3.0,5.0,0.0,0.0,11.0,2.0,3.0,2.0,8.0,0.0,2.0,2.0,1.0,2.0,0.0,2.0,2.0,1.0,3.0,3.0,3.0,1.0,0.0,1.0,3.0,5.0,3.0,3.0,6.0,2.0,1.0,2.0,0.0,3.0
LLAMA2-96,0.0,,1.0,3.0,5.0,0.0,14.0,2.0,1.0,5.0,0.0,5.0,9.0,0.0,2.0,0.0,4.0,4.0,0.0,0.0,11.0,2.0,2.0,2.0,4.0,0.0,2.0,2.0,1.0,2.0,1.0,2.0,2.0,1.0,3.0,3.0,3.0,4.0,0.0,1.0,3.0,5.0,1.0,3.0,5.0,2.0,1.0,0.0,0.0,2.0
LLAMA2-97,0.0,3.0,1.0,3.0,8.0,2.0,9.0,2.0,1.0,10.0,0.0,5.0,7.0,3.0,4.0,2.0,3.0,4.0,2.0,0.0,10.0,2.0,0.0,0.0,8.0,0.0,1.0,2.0,1.0,2.0,1.0,1.0,2.0,1.0,3.0,3.0,2.0,4.0,0.0,0.0,5.0,2.0,2.0,0.0,2.0,3.0,3.0,0.0,2.0,1.0
LLAMA2-98,0.0,3.0,1.0,2.0,8.0,2.0,11.0,2.0,1.0,10.0,0.0,7.0,6.0,3.0,4.0,0.0,3.0,5.0,2.0,0.0,10.0,2.0,1.0,2.0,8.0,0.0,1.0,3.0,1.0,3.0,0.0,0.0,2.0,1.0,3.0,3.0,3.0,4.0,0.0,0.0,3.0,5.0,2.0,0.0,6.0,1.0,1.0,2.0,0.0,2.0
LLAMA2-99,0.0,1.0,0.0,2.0,8.0,1.0,14.0,2.0,1.0,9.0,0.0,5.0,,1.0,4.0,1.0,3.0,4.0,2.0,0.0,12.0,2.0,2.0,1.0,6.0,0.0,2.0,3.0,1.0,1.0,1.0,2.0,3.0,2.0,3.0,4.0,3.0,6.0,0.0,1.0,3.0,3.0,3.0,3.0,6.0,1.0,1.0,2.0,2.0,2.0
LLAMA2-100,0.0,3.0,0.0,2.0,8.0,1.0,13.0,1.0,2.0,,0.0,7.0,5.0,3.0,4.0,0.0,3.0,2.0,0.0,0.0,13.0,2.0,2.0,2.0,6.0,0.0,2.0,2.0,1.0,2.0,1.0,1.0,2.0,1.0,3.0,2.0,3.0,6.0,0.0,0.0,3.0,5.0,3.0,2.0,6.0,5.0,1.0,1.0,0.0,3.0
LLAMA3-1,0.0,4.0,1.0,3.0,8.0,2.0,14.0,1.0,2.0,8.0,0.0,7.0,9.0,1.0,4.0,2.0,2.0,5.0,0.0,3.0,13.0,4.0,3.0,2.0,8.0,0.0,2.0,3.0,2.0,3.0,0.0,2.0,3.0,2.0,3.0,4.0,5.0,2.0,2.0,1.0,5.0,3.0,2.0,5.0,4.0,5.0,2.0,2.0,4.0,2.0
LLAMA3-2,2.0,4.0,1.0,3.0,8.0,2.0,14.0,1.0,1.0,9.0,1.0,7.0,9.0,1.0,4.0,2.0,2.0,2.0,0.0,1.0,13.0,2.0,3.0,2.0,8.0,0.0,2.0,2.0,2.0,3.0,2.0,2.0,3.0,2.0,4.0,3.0,5.0,2.0,0.0,2.0,5.0,4.0,3.0,5.0,5.0,3.0,2.0,2.0,2.0,2.0
LLAMA3-3,0.0,4.0,1.0,3.0,8.0,2.0,14.0,1.0,2.0,9.0,1.0,7.0,9.0,1.0,4.0,2.0,2.0,2.0,2.0,1.0,13.0,4.0,3.0,0.0,8.0,0.0,2.0,3.0,2.0,3.0,2.0,2.0,3.0,2.0,4.0,4.0,5.0,2.0,2.0,1.0,5.0,6.0,2.0,5.0,6.0,5.0,2.0,2.0,2.0,2.0
LLAMA3-4,0.0,4.0,1.0,3.0,8.0,2.0,14.0,1.0,2.0,9.0,1.0,7.0,9.0,1.0,4.0,0.0,2.0,2.0,3.0,1.0,12.0,4.0,3.0,0.0,8.0,0.0,2.0,3.0,2.0,3.0,0.0,2.0,3.0,2.0,4.0,3.0,5.0,2.0,2.0,1.0,5.0,3.0,2.0,5.0,5.0,3.0,2.0,2.0,4.0,2.0
LLAMA3-5,1.0,4.0,1.0,3.0,8.0,2.0,14.0,1.0,1.0,7.0,1.0,7.0,7.0,0.0,4.0,2.0,2.0,5.0,3.0,1.0,13.0,4.0,3.0,1.0,8.0,0.0,2.0,3.0,1.0,3.0,2.0,2.0,3.0,2.0,3.0,3.0,5.0,2.0,2.0,1.0,5.0,3.0,3.0,5.0,5.0,5.0,2.0,2.0,2.0,2.0
LLAMA3-6,2.0,3.0,1.0,3.0,8.0,2.0,14.0,1.0,2.0,9.0,0.0,7.0,6.0,1.0,4.0,2.0,2.0,2.0,3.0,3.0,13.0,4.0,3.0,3.0,8.0,1.0,2.0,3.0,2.0,3.0,2.0,2.0,3.0,2.0,4.0,3.0,5.0,2.0,2.0,2.0,5.0,6.0,3.0,5.0,5.0,1.0,2.0,2.0,4.0,2.0
LLAMA3-7,0.0,2.0,1.0,3.0,8.0,2.0,14.0,1.0,1.0,8.0,1.0,7.0,9.0,2.0,4.0,2.0,2.0,5.0,3.0,0.0,13.0,4.0,3.0,2.0,8.0,1.0,2.0,3.0,2.0,3.0,0.0,2.0,3.0,2.0,3.0,4.0,5.0,2.0,0.0,2.0,5.0,4.0,3.0,5.0,6.0,3.0,2.0,3.0,4.0,1.0
LLAMA3-8,0.0,2.0,1.0,3.0,8.0,2.0,14.0,1.0,2.0,9.0,0.0,7.0,9.0,1.0,4.0,2.0,2.0,2.0,3.0,0.0,13.0,4.0,3.0,,8.0,0.0,2.0,3.0,2.0,3.0,0.0,2.0,3.0,2.0,3.0,3.0,5.0,2.0,2.0,1.0,4.0,6.0,2.0,5.0,6.0,5.0,2.0,2.0,2.0,2.0
LLAMA3-9,0.0,4.0,1.0,3.0,8.0,2.0,14.0,1.0,2.0,7.0,1.0,7.0,8.0,1.0,4.0,2.0,2.0,2.0,3.0,3.0,13.0,2.0,3.0,2.0,8.0,1.0,2.0,3.0,2.0,3.0,1.0,2.0,3.0,2.0,4.0,3.0,5.0,2.0,2.0,2.0,5.0,3.0,3.0,5.0,6.0,3.0,2.0,3.0,4.0,2.0
LLAMA3-10,0.0,4.0,0.0,3.0,8.0,2.0,14.0,1.0,1.0,8.0,0.0,7.0,9.0,1.0,4.0,2.0,2.0,5.0,3.0,1.0,10.0,2.0,3.0,0.0,8.0,0.0,2.0,3.0,1.0,3.0,1.0,2.0,3.0,2.0,4.0,4.0,5.0,2.0,2.0,1.0,5.0,3.0,3.0,5.0,5.0,3.0,2.0,2.0,2.0,2.0
LLAMA3-11,0.0,3.0,1.0,3.0,8.0,2.0,14.0,1.0,1.0,10.0,1.0,7.0,9.0,1.0,4.0,0.0,2.0,5.0,3.0,1.0,13.0,4.0,3.0,3.0,8.0,1.0,2.0,3.0,2.0,3.0,1.0,2.0,3.0,2.0,4.0,3.0,5.0,2.0,2.0,2.0,4.0,3.0,3.0,5.0,6.0,3.0,4.0,2.0,2.0,2.0
LLAMA3-12,0.0,4.0,1.0,3.0,8.0,2.0,14.0,1.0,2.0,8.0,1.0,7.0,9.0,1.0,4.0,0.0,2.0,5.0,0.0,1.0,13.0,4.0,3.0,1.0,8.0,1.0,2.0,2.0,2.0,3.0,2.0,2.0,3.0,2.0,3.0,3.0,5.0,2.0,0.0,2.0,5.0,3.0,3.0,5.0,5.0,3.0,2.0,2.0,4.0,2.0
LLAMA3-13,0.0,3.0,1.0,3.0,8.0,1.0,14.0,1.0,1.0,8.0,1.0,7.0,9.0,1.0,4.0,0.0,2.0,5.0,3.0,1.0,13.0,2.0,3.0,0.0,8.0,1.0,2.0,3.0,2.0,3.0,0.0,2.0,3.0,2.0,3.0,2.0,5.0,2.0,2.0,1.0,5.0,4.0,3.0,5.0,5.0,3.0,2.0,2.0,2.0,2.0
LLAMA3-14,0.0,4.0,1.0,3.0,8.0,2.0,14.0,1.0,1.0,9.0,0.0,7.0,6.0,2.0,4.0,2.0,4.0,2.0,2.0,1.0,13.0,4.0,3.0,2.0,8.0,1.0,2.0,3.0,1.0,3.0,1.0,2.0,3.0,2.0,4.0,3.0,5.0,2.0,0.0,2.0,5.0,3.0,3.0,5.0,5.0,5.0,2.0,2.0,2.0,2.0
LLAMA3-15,0.0,3.0,1.0,3.0,8.0,2.0,14.0,1.0,2.0,10.0,1.0,7.0,8.0,1.0,4.0,2.0,2.0,5.0,3.0,1.0,13.0,4.0,3.0,3.0,8.0,1.0,1.0,2.0,1.0,3.0,0.0,1.0,3.0,2.0,4.0,3.0,5.0,2.0,2.0,2.0,5.0,6.0,3.0,5.0,5.0,1.0,4.0,2.0,2.0,2.0
LLAMA3-16,0.0,4.0,1.0,3.0,8.0,2.0,14.0,1.0,2.0,9.0,0.0,7.0,8.0,0.0,4.0,2.0,4.0,5.0,3.0,1.0,13.0,4.0,3.0,1.0,8.0,0.0,2.0,2.0,2.0,3.0,1.0,2.0,3.0,2.0,4.0,3.0,5.0,2.0,2.0,2.0,5.0,3.0,3.0,5.0,6.0,1.0,4.0,2.0,2.0,2.0
LLAMA3-17,2.0,4.0,1.0,3.0,8.0,2.0,14.0,1.0,1.0,7.0,1.0,7.0,9.0,1.0,4.0,2.0,2.0,5.0,3.0,1.0,13.0,4.0,3.0,1.0,8.0,1.0,2.0,0.0,2.0,3.0,1.0,2.0,3.0,2.0,3.0,4.0,5.0,2.0,2.0,2.0,5.0,3.0,3.0,5.0,6.0,5.0,4.0,2.0,4.0,2.0
LLAMA3-18,0.0,3.0,1.0,3.0,8.0,2.0,13.0,1.0,2.0,9.0,0.0,7.0,9.0,0.0,4.0,2.0,2.0,5.0,3.0,0.0,13.0,4.0,3.0,2.0,8.0,0.0,2.0,0.0,1.0,3.0,1.0,2.0,3.0,2.0,3.0,4.0,5.0,2.0,0.0,1.0,5.0,3.0,3.0,5.0,5.0,5.0,2.0,3.0,2.0,2.0
LLAMA3-19,0.0,4.0,1.0,3.0,8.0,2.0,14.0,1.0,2.0,9.0,0.0,7.0,9.0,1.0,4.0,2.0,2.0,5.0,3.0,1.0,13.0,4.0,3.0,2.0,8.0,0.0,2.0,3.0,1.0,3.0,1.0,2.0,3.0,2.0,3.0,3.0,5.0,2.0,2.0,2.0,5.0,3.0,3.0,5.0,6.0,5.0,2.0,2.0,4.0,2.0
LLAMA3-20,0.0,3.0,0.0,3.0,8.0,2.0,14.0,1.0,1.0,8.0,1.0,7.0,9.0,1.0,4.0,0.0,2.0,5.0,3.0,1.0,13.0,2.0,3.0,,8.0,1.0,2.0,3.0,2.0,3.0,1.0,2.0,3.0,2.0,4.0,4.0,5.0,2.0,2.0,2.0,5.0,3.0,3.0,5.0,5.0,5.0,2.0,2.0,2.0,2.0
LLAMA3-21,0.0,3.0,1.0,3.0,8.0,1.0,14.0,1.0,2.0,8.0,0.0,7.0,7.0,1.0,4.0,0.0,2.0,2.0,0.0,1.0,13.0,4.0,3.0,2.0,8.0,1.0,2.0,3.0,2.0,3.0,1.0,2.0,3.0,2.0,4.0,4.0,5.0,2.0,2.0,2.0,5.0,3.0,3.0,5.0,5.0,5.0,2.0,2.0,2.0,2.0
LLAMA3-22,2.0,3.0,1.0,3.0,8.0,2.0,14.0,1.0,2.0,8.0,0.0,7.0,9.0,2.0,4.0,2.0,2.0,2.0,2.0,1.0,12.0,4.0,3.0,1.0,8.0,1.0,2.0,3.0,2.0,3.0,1.0,2.0,3.0,2.0,3.0,3.0,5.0,2.0,2.0,1.0,5.0,6.0,3.0,5.0,5.0,3.0,2.0,2.0,2.0,2.0
LLAMA3-23,0.0,3.0,0.0,3.0,8.0,2.0,14.0,1.0,2.0,9.0,1.0,7.0,9.0,2.0,4.0,2.0,2.0,5.0,0.0,1.0,13.0,4.0,3.0,1.0,8.0,1.0,2.0,3.0,2.0,3.0,0.0,2.0,3.0,2.0,4.0,3.0,5.0,2.0,0.0,2.0,5.0,6.0,3.0,5.0,5.0,5.0,2.0,2.0,2.0,2.0
LLAMA3-24,0.0,4.0,1.0,3.0,8.0,2.0,14.0,1.0,1.0,8.0,0.0,7.0,9.0,1.0,4.0,2.0,2.0,5.0,0.0,1.0,13.0,4.0,3.0,2.0,8.0,0.0,2.0,0.0,1.0,3.0,0.0,1.0,3.0,2.0,3.0,3.0,5.0,2.0,2.0,2.0,5.0,3.0,3.0,5.0,6.0,3.0,2.0,2.0,2.0,2.0
LLAMA3-25,0.0,3.0,1.0,3.0,8.0,2.0,14.0,1.0,1.0,7.0,1.0,7.0,9.0,1.0,4.0,0.0,2.0,5.0,3.0,1.0,13.0,4.0,3.0,,8.0,0.0,2.0,3.0,2.0,3.0,1.0,2.0,3.0,2.0,3.0,3.0,5.0,2.0,2.0,2.0,5.0,3.0,3.0,5.0,6.0,4.0,4.0,2.0,2.0,2.0
LLAMA3-26,0.0,4.0,1.0,3.0,8.0,2.0,14.0,1.0,1.0,7.0,1.0,7.0,9.0,1.0,4.0,2.0,2.0,2.0,0.0,1.0,13.0,2.0,3.0,2.0,8.0,0.0,2.0,3.0,2.0,3.0,1.0,2.0,3.0,2.0,3.0,3.0,5.0,2.0,0.0,1.0,5.0,6.0,3.0,5.0,5.0,5.0,2.0,2.0,4.0,1.0
LLAMA3-27,0.0,3.0,1.0,3.0,8.0,2.0,14.0,1.0,2.0,8.0,1.0,7.0,9.0,1.0,4.0,2.0,2.0,1.0,3.0,3.0,13.0,4.0,3.0,,8.0,0.0,2.0,3.0,2.0,3.0,1.0,2.0,3.0,2.0,4.0,3.0,5.0,2.0,2.0,2.0,5.0,3.0,3.0,5.0,5.0,3.0,2.0,2.0,4.0,2.0
LLAMA3-28,0.0,3.0,1.0,3.0,8.0,2.0,14.0,1.0,1.0,8.0,1.0,7.0,9.0,1.0,4.0,0.0,2.0,2.0,0.0,1.0,13.0,4.0,3.0,,8.0,1.0,2.0,3.0,2.0,3.0,1.0,2.0,3.0,2.0,3.0,3.0,3.0,2.0,2.0,1.0,5.0,3.0,3.0,5.0,6.0,5.0,2.0,2.0,2.0,2.0
LLAMA3-29,0.0,3.0,1.0,3.0,8.0,2.0,13.0,1.0,1.0,9.0,0.0,7.0,8.0,1.0,4.0,0.0,2.0,2.0,3.0,1.0,13.0,4.0,3.0,2.0,8.0,1.0,2.0,2.0,2.0,3.0,0.0,2.0,3.0,2.0,3.0,3.0,5.0,2.0,2.0,2.0,5.0,3.0,3.0,5.0,6.0,3.0,2.0,3.0,2.0,2.0
LLAMA3-30,0.0,3.0,1.0,3.0,8.0,2.0,14.0,1.0,1.0,8.0,0.0,7.0,9.0,1.0,4.0,2.0,2.0,5.0,0.0,1.0,13.0,4.0,3.0,2.0,8.0,0.0,2.0,3.0,1.0,3.0,2.0,2.0,3.0,2.0,3.0,2.0,5.0,2.0,0.0,1.0,5.0,2.0,2.0,5.0,6.0,5.0,4.0,2.0,2.0,2.0
LLAMA3-31,0.0,4.0,1.0,3.0,8.0,2.0,14.0,1.0,1.0,8.0,0.0,7.0,9.0,1.0,4.0,2.0,2.0,5.0,3.0,1.0,13.0,3.0,3.0,1.0,8.0,1.0,2.0,3.0,2.0,3.0,0.0,2.0,3.0,2.0,4.0,3.0,5.0,2.0,2.0,2.0,5.0,4.0,3.0,5.0,5.0,3.0,2.0,2.0,4.0,2.0
LLAMA3-32,0.0,4.0,1.0,3.0,8.0,2.0,14.0,1.0,1.0,9.0,0.0,7.0,9.0,1.0,4.0,0.0,4.0,2.0,3.0,1.0,12.0,4.0,3.0,1.0,8.0,0.0,2.0,2.0,1.0,3.0,0.0,2.0,3.0,2.0,4.0,3.0,5.0,2.0,2.0,1.0,5.0,3.0,3.0,5.0,5.0,3.0,4.0,2.0,4.0,2.0
LLAMA3-33,2.0,3.0,1.0,3.0,8.0,2.0,14.0,1.0,1.0,9.0,1.0,7.0,9.0,2.0,4.0,2.0,2.0,2.0,2.0,1.0,13.0,2.0,3.0,2.0,8.0,1.0,2.0,3.0,1.0,3.0,1.0,2.0,3.0,2.0,4.0,3.0,5.0,2.0,2.0,1.0,5.0,3.0,3.0,5.0,6.0,3.0,4.0,3.0,2.0,2.0
LLAMA3-34,0.0,3.0,1.0,3.0,8.0,2.0,14.0,1.0,2.0,9.0,1.0,7.0,9.0,1.0,4.0,2.0,2.0,5.0,0.0,0.0,13.0,4.0,3.0,1.0,8.0,1.0,2.0,3.0,2.0,3.0,1.0,2.0,3.0,2.0,3.0,3.0,5.0,2.0,0.0,1.0,5.0,4.0,3.0,5.0,5.0,3.0,2.0,2.0,2.0,1.0
LLAMA3-35,0.0,4.0,1.0,3.0,8.0,2.0,14.0,1.0,2.0,9.0,1.0,7.0,9.0,1.0,4.0,0.0,2.0,5.0,3.0,3.0,13.0,4.0,3.0,,8.0,0.0,2.0,3.0,2.0,3.0,1.0,2.0,3.0,2.0,3.0,3.0,5.0,2.0,0.0,2.0,5.0,6.0,3.0,5.0,5.0,5.0,4.0,2.0,2.0,2.0
LLAMA3-36,0.0,4.0,1.0,3.0,8.0,2.0,14.0,1.0,2.0,8.0,1.0,7.0,9.0,1.0,4.0,2.0,2.0,2.0,3.0,3.0,12.0,4.0,3.0,0.0,8.0,1.0,2.0,3.0,2.0,3.0,0.0,2.0,3.0,2.0,4.0,3.0,5.0,2.0,2.0,1.0,5.0,3.0,3.0,5.0,6.0,1.0,2.0,2.0,2.0,2.0
LLAMA3-37,0.0,4.0,1.0,3.0,8.0,2.0,14.0,1.0,1.0,8.0,1.0,7.0,9.0,0.0,4.0,2.0,2.0,5.0,2.0,1.0,13.0,4.0,3.0,2.0,8.0,0.0,2.0,3.0,2.0,3.0,2.0,2.0,3.0,2.0,4.0,3.0,5.0,2.0,2.0,2.0,5.0,3.0,3.0,5.0,6.0,4.0,2.0,2.0,2.0,1.0
LLAMA3-38,0.0,3.0,1.0,3.0,8.0,2.0,14.0,1.0,1.0,9.0,0.0,7.0,9.0,1.0,4.0,2.0,2.0,5.0,3.0,0.0,13.0,4.0,3.0,2.0,8.0,1.0,2.0,2.0,2.0,3.0,2.0,2.0,3.0,2.0,3.0,3.0,5.0,2.0,2.0,1.0,5.0,3.0,3.0,5.0,5.0,3.0,2.0,2.0,4.0,2.0
LLAMA3-39,2.0,4.0,1.0,3.0,8.0,2.0,14.0,1.0,1.0,10.0,0.0,7.0,9.0,3.0,4.0,0.0,2.0,5.0,3.0,1.0,13.0,4.0,3.0,2.0,8.0,1.0,2.0,3.0,1.0,3.0,1.0,1.0,3.0,2.0,4.0,3.0,5.0,2.0,2.0,1.0,5.0,6.0,3.0,5.0,6.0,5.0,2.0,2.0,4.0,1.0
LLAMA3-40,2.0,3.0,1.0,3.0,8.0,2.0,14.0,1.0,2.0,8.0,1.0,7.0,9.0,1.0,4.0,2.0,3.0,2.0,2.0,1.0,13.0,4.0,3.0,2.0,8.0,1.0,2.0,3.0,2.0,3.0,1.0,2.0,3.0,2.0,3.0,3.0,5.0,2.0,2.0,1.0,5.0,4.0,3.0,5.0,5.0,1.0,2.0,2.0,4.0,2.0
LLAMA3-41,0.0,4.0,1.0,3.0,8.0,2.0,14.0,1.0,1.0,8.0,0.0,7.0,9.0,2.0,4.0,2.0,4.0,2.0,0.0,1.0,12.0,4.0,3.0,2.0,8.0,1.0,2.0,3.0,2.0,3.0,1.0,2.0,3.0,2.0,3.0,3.0,5.0,2.0,2.0,1.0,5.0,3.0,3.0,5.0,5.0,1.0,4.0,2.0,4.0,2.0
LLAMA3-42,0.0,3.0,1.0,3.0,8.0,2.0,14.0,1.0,2.0,7.0,0.0,7.0,9.0,1.0,4.0,0.0,2.0,5.0,2.0,3.0,13.0,4.0,3.0,1.0,8.0,0.0,2.0,3.0,2.0,3.0,1.0,2.0,3.0,2.0,3.0,3.0,5.0,2.0,2.0,2.0,5.0,3.0,3.0,5.0,6.0,5.0,2.0,2.0,2.0,2.0
LLAMA3-43,0.0,4.0,1.0,3.0,8.0,2.0,14.0,1.0,2.0,8.0,0.0,7.0,9.0,1.0,4.0,2.0,2.0,2.0,3.0,1.0,13.0,4.0,3.0,2.0,8.0,0.0,2.0,3.0,2.0,3.0,1.0,2.0,3.0,2.0,3.0,4.0,5.0,2.0,2.0,2.0,5.0,6.0,3.0,5.0,5.0,3.0,2.0,2.0,4.0,2.0
LLAMA3-44,2.0,4.0,1.0,3.0,8.0,2.0,14.0,1.0,1.0,9.0,0.0,7.0,9.0,1.0,4.0,0.0,2.0,2.0,3.0,1.0,13.0,2.0,3.0,2.0,8.0,1.0,2.0,3.0,2.0,3.0,0.0,2.0,3.0,2.0,3.0,4.0,5.0,2.0,2.0,1.0,5.0,3.0,2.0,5.0,5.0,3.0,2.0,2.0,2.0,2.0
LLAMA3-45,0.0,4.0,0.0,3.0,8.0,2.0,14.0,1.0,2.0,9.0,0.0,7.0,9.0,3.0,4.0,2.0,4.0,2.0,0.0,1.0,13.0,4.0,3.0,2.0,8.0,1.0,2.0,3.0,1.0,3.0,1.0,2.0,3.0,2.0,4.0,4.0,5.0,2.0,0.0,1.0,5.0,3.0,3.0,5.0,5.0,3.0,2.0,2.0,4.0,2.0
LLAMA3-46,0.0,3.0,1.0,3.0,8.0,2.0,14.0,1.0,1.0,10.0,1.0,7.0,9.0,0.0,4.0,0.0,2.0,5.0,0.0,0.0,13.0,4.0,3.0,2.0,8.0,0.0,2.0,3.0,1.0,3.0,1.0,2.0,3.0,2.0,3.0,3.0,5.0,2.0,2.0,2.0,5.0,4.0,3.0,5.0,5.0,4.0,2.0,2.0,4.0,2.0
LLAMA3-47,0.0,4.0,0.0,3.0,8.0,1.0,14.0,1.0,2.0,8.0,1.0,7.0,9.0,1.0,4.0,2.0,2.0,2.0,3.0,3.0,13.0,2.0,3.0,2.0,8.0,1.0,2.0,3.0,2.0,3.0,2.0,2.0,3.0,2.0,3.0,4.0,5.0,2.0,2.0,2.0,5.0,4.0,3.0,5.0,5.0,3.0,2.0,2.0,2.0,2.0
LLAMA3-48,0.0,4.0,1.0,3.0,8.0,2.0,14.0,1.0,1.0,8.0,0.0,7.0,8.0,1.0,4.0,2.0,2.0,2.0,3.0,1.0,13.0,4.0,3.0,2.0,8.0,1.0,2.0,0.0,2.0,3.0,1.0,2.0,3.0,2.0,3.0,3.0,3.0,2.0,0.0,1.0,5.0,3.0,3.0,5.0,6.0,5.0,2.0,2.0,2.0,2.0
LLAMA3-49,0.0,3.0,1.0,3.0,8.0,2.0,14.0,1.0,1.0,9.0,1.0,7.0,9.0,1.0,4.0,2.0,2.0,5.0,0.0,1.0,12.0,4.0,3.0,1.0,8.0,0.0,2.0,0.0,1.0,3.0,1.0,2.0,3.0,2.0,3.0,4.0,3.0,2.0,0.0,1.0,5.0,4.0,3.0,5.0,5.0,5.0,4.0,2.0,2.0,2.0
LLAMA3-50,0.0,3.0,1.0,3.0,8.0,2.0,14.0,1.0,1.0,10.0,0.0,7.0,6.0,2.0,4.0,2.0,2.0,5.0,3.0,0.0,12.0,2.0,3.0,2.0,8.0,1.0,2.0,3.0,2.0,3.0,1.0,2.0,3.0,2.0,4.0,3.0,5.0,2.0,2.0,2.0,5.0,6.0,,5.0,5.0,1.0,4.0,3.0,2.0,2.0
LLAMA3-51,0.0,3.0,1.0,3.0,8.0,1.0,14.0,1.0,2.0,9.0,0.0,7.0,9.0,1.0,4.0,2.0,4.0,2.0,3.0,1.0,13.0,4.0,3.0,2.0,8.0,1.0,2.0,3.0,2.0,3.0,2.0,1.0,3.0,2.0,3.0,3.0,5.0,2.0,2.0,1.0,5.0,3.0,3.0,5.0,6.0,5.0,2.0,2.0,2.0,2.0
LLAMA3-52,0.0,4.0,1.0,3.0,8.0,2.0,14.0,1.0,1.0,9.0,0.0,7.0,9.0,0.0,4.0,2.0,2.0,1.0,3.0,0.0,13.0,4.0,3.0,2.0,8.0,0.0,2.0,3.0,2.0,3.0,1.0,2.0,3.0,2.0,3.0,3.0,5.0,2.0,2.0,2.0,5.0,3.0,3.0,5.0,6.0,3.0,4.0,2.0,2.0,2.0
LLAMA3-53,0.0,2.0,1.0,3.0,8.0,2.0,14.0,1.0,2.0,10.0,1.0,7.0,9.0,1.0,4.0,2.0,2.0,2.0,0.0,1.0,13.0,4.0,3.0,2.0,8.0,0.0,2.0,3.0,1.0,3.0,0.0,2.0,3.0,2.0,3.0,3.0,3.0,2.0,2.0,2.0,5.0,3.0,3.0,5.0,6.0,3.0,2.0,2.0,2.0,2.0
LLAMA3-54,0.0,3.0,1.0,3.0,8.0,2.0,14.0,1.0,1.0,7.0,1.0,7.0,9.0,1.0,4.0,0.0,0.0,5.0,3.0,1.0,13.0,2.0,3.0,2.0,8.0,1.0,2.0,2.0,2.0,3.0,1.0,2.0,3.0,2.0,4.0,3.0,5.0,2.0,2.0,2.0,5.0,3.0,2.0,5.0,5.0,3.0,2.0,2.0,2.0,2.0
LLAMA3-55,0.0,3.0,1.0,3.0,8.0,2.0,14.0,1.0,2.0,9.0,1.0,7.0,9.0,0.0,4.0,0.0,2.0,2.0,3.0,1.0,13.0,4.0,3.0,2.0,8.0,0.0,2.0,3.0,2.0,3.0,1.0,2.0,3.0,2.0,4.0,3.0,5.0,2.0,2.0,2.0,5.0,3.0,3.0,5.0,5.0,5.0,4.0,2.0,2.0,2.0
LLAMA3-56,0.0,3.0,1.0,3.0,8.0,2.0,14.0,1.0,1.0,8.0,1.0,7.0,9.0,0.0,4.0,2.0,2.0,5.0,3.0,1.0,13.0,2.0,3.0,3.0,8.0,1.0,2.0,3.0,2.0,3.0,1.0,2.0,3.0,2.0,3.0,3.0,5.0,2.0,2.0,2.0,5.0,3.0,3.0,5.0,6.0,1.0,2.0,2.0,2.0,2.0
LLAMA3-57,0.0,3.0,1.0,3.0,8.0,2.0,14.0,1.0,1.0,7.0,0.0,7.0,9.0,0.0,4.0,2.0,2.0,1.0,2.0,1.0,13.0,2.0,3.0,0.0,8.0,1.0,2.0,3.0,2.0,3.0,1.0,2.0,3.0,2.0,4.0,4.0,5.0,2.0,0.0,2.0,5.0,6.0,3.0,2.0,5.0,5.0,2.0,2.0,2.0,2.0
LLAMA3-58,2.0,4.0,1.0,3.0,8.0,2.0,14.0,1.0,1.0,9.0,0.0,7.0,9.0,1.0,4.0,2.0,2.0,2.0,3.0,1.0,12.0,2.0,3.0,2.0,8.0,1.0,2.0,3.0,2.0,3.0,1.0,2.0,3.0,2.0,4.0,3.0,5.0,2.0,2.0,2.0,5.0,6.0,3.0,5.0,5.0,5.0,2.0,2.0,2.0,2.0
LLAMA3-59,0.0,4.0,1.0,3.0,8.0,2.0,14.0,1.0,2.0,9.0,1.0,7.0,9.0,0.0,4.0,2.0,2.0,5.0,3.0,3.0,13.0,2.0,3.0,2.0,8.0,1.0,2.0,3.0,2.0,3.0,1.0,2.0,3.0,2.0,3.0,3.0,5.0,2.0,2.0,2.0,5.0,3.0,3.0,5.0,6.0,3.0,2.0,3.0,2.0,2.0
LLAMA3-60,0.0,4.0,1.0,3.0,8.0,2.0,14.0,1.0,2.0,9.0,1.0,7.0,9.0,1.0,4.0,2.0,2.0,5.0,2.0,0.0,13.0,4.0,3.0,,8.0,1.0,2.0,3.0,2.0,3.0,2.0,2.0,3.0,2.0,4.0,4.0,5.0,2.0,0.0,1.0,5.0,3.0,3.0,5.0,5.0,1.0,4.0,2.0,2.0,2.0
LLAMA3-61,0.0,3.0,1.0,3.0,8.0,2.0,14.0,1.0,1.0,8.0,1.0,7.0,8.0,0.0,4.0,2.0,2.0,5.0,3.0,1.0,13.0,4.0,3.0,1.0,8.0,0.0,2.0,3.0,2.0,3.0,0.0,2.0,3.0,2.0,3.0,3.0,5.0,2.0,2.0,2.0,5.0,3.0,3.0,5.0,6.0,3.0,4.0,2.0,2.0,1.0
LLAMA3-62,0.0,4.0,1.0,3.0,8.0,2.0,14.0,1.0,1.0,6.0,0.0,7.0,9.0,1.0,4.0,0.0,2.0,5.0,3.0,1.0,13.0,2.0,3.0,0.0,8.0,1.0,2.0,3.0,2.0,3.0,0.0,2.0,3.0,2.0,4.0,3.0,3.0,2.0,0.0,2.0,5.0,3.0,3.0,5.0,5.0,3.0,4.0,2.0,4.0,2.0
LLAMA3-63,0.0,4.0,0.0,3.0,8.0,2.0,14.0,1.0,2.0,6.0,0.0,7.0,9.0,2.0,4.0,2.0,3.0,5.0,3.0,1.0,13.0,4.0,3.0,0.0,8.0,0.0,2.0,3.0,2.0,3.0,1.0,1.0,3.0,2.0,4.0,3.0,5.0,2.0,2.0,2.0,5.0,3.0,3.0,5.0,5.0,3.0,2.0,2.0,4.0,2.0
LLAMA3-64,2.0,3.0,1.0,3.0,8.0,2.0,14.0,1.0,2.0,10.0,0.0,7.0,6.0,1.0,4.0,2.0,2.0,2.0,2.0,1.0,13.0,2.0,3.0,2.0,8.0,0.0,2.0,3.0,2.0,3.0,1.0,2.0,3.0,2.0,3.0,3.0,5.0,2.0,2.0,1.0,5.0,3.0,3.0,5.0,6.0,3.0,2.0,2.0,4.0,2.0
LLAMA3-65,0.0,4.0,1.0,3.0,8.0,1.0,14.0,1.0,2.0,10.0,1.0,7.0,9.0,1.0,4.0,2.0,2.0,2.0,3.0,1.0,13.0,2.0,3.0,3.0,8.0,0.0,2.0,3.0,2.0,3.0,0.0,2.0,3.0,2.0,3.0,3.0,5.0,2.0,2.0,2.0,5.0,3.0,3.0,5.0,5.0,3.0,2.0,2.0,2.0,2.0
LLAMA3-66,2.0,4.0,1.0,3.0,8.0,2.0,14.0,1.0,2.0,7.0,0.0,7.0,9.0,1.0,4.0,2.0,2.0,5.0,0.0,1.0,8.0,2.0,3.0,0.0,8.0,1.0,2.0,3.0,1.0,3.0,2.0,2.0,3.0,2.0,4.0,4.0,5.0,2.0,2.0,2.0,5.0,3.0,3.0,5.0,5.0,1.0,4.0,2.0,4.0,2.0
LLAMA3-67,0.0,2.0,1.0,3.0,8.0,1.0,14.0,1.0,2.0,9.0,0.0,7.0,7.0,2.0,4.0,2.0,2.0,2.0,0.0,1.0,12.0,4.0,3.0,0.0,8.0,1.0,2.0,2.0,2.0,3.0,0.0,1.0,3.0,2.0,4.0,4.0,5.0,2.0,2.0,1.0,5.0,3.0,3.0,5.0,5.0,5.0,2.0,2.0,2.0,2.0
LLAMA3-68,0.0,4.0,1.0,3.0,8.0,2.0,14.0,1.0,1.0,6.0,1.0,7.0,8.0,1.0,4.0,2.0,2.0,5.0,3.0,1.0,13.0,2.0,3.0,,8.0,1.0,2.0,3.0,1.0,3.0,1.0,2.0,3.0,2.0,4.0,2.0,5.0,2.0,2.0,1.0,5.0,3.0,3.0,5.0,5.0,3.0,2.0,2.0,4.0,1.0
LLAMA3-69,2.0,3.0,1.0,3.0,8.0,2.0,14.0,1.0,2.0,7.0,1.0,7.0,9.0,2.0,4.0,2.0,2.0,5.0,0.0,1.0,13.0,4.0,3.0,3.0,8.0,0.0,2.0,3.0,2.0,3.0,1.0,2.0,3.0,2.0,4.0,4.0,5.0,2.0,2.0,1.0,5.0,3.0,3.0,5.0,5.0,3.0,2.0,2.0,2.0,2.0
LLAMA3-70,0.0,3.0,1.0,3.0,8.0,2.0,14.0,1.0,1.0,8.0,0.0,7.0,8.0,2.0,4.0,0.0,4.0,2.0,3.0,1.0,13.0,4.0,3.0,2.0,8.0,0.0,2.0,3.0,2.0,3.0,0.0,2.0,3.0,2.0,3.0,4.0,5.0,2.0,0.0,1.0,5.0,3.0,3.0,5.0,6.0,3.0,2.0,2.0,4.0,2.0
LLAMA3-71,0.0,3.0,1.0,3.0,8.0,2.0,14.0,1.0,2.0,9.0,0.0,7.0,9.0,2.0,4.0,2.0,2.0,5.0,0.0,1.0,13.0,4.0,3.0,2.0,8.0,1.0,2.0,3.0,2.0,3.0,0.0,2.0,3.0,2.0,4.0,3.0,5.0,2.0,0.0,1.0,4.0,4.0,3.0,5.0,6.0,3.0,4.0,2.0,4.0,2.0
LLAMA3-72,0.0,4.0,1.0,3.0,8.0,2.0,14.0,1.0,1.0,7.0,0.0,7.0,9.0,0.0,4.0,2.0,2.0,5.0,3.0,0.0,13.0,4.0,3.0,2.0,8.0,1.0,2.0,3.0,1.0,3.0,1.0,2.0,3.0,2.0,3.0,3.0,5.0,2.0,2.0,1.0,5.0,3.0,2.0,5.0,5.0,3.0,2.0,2.0,2.0,2.0
LLAMA3-73,0.0,4.0,1.0,3.0,8.0,2.0,14.0,1.0,2.0,8.0,1.0,7.0,9.0,1.0,4.0,2.0,2.0,5.0,3.0,1.0,12.0,4.0,3.0,0.0,8.0,0.0,2.0,3.0,2.0,3.0,2.0,2.0,3.0,2.0,4.0,3.0,5.0,2.0,2.0,2.0,5.0,3.0,3.0,5.0,5.0,3.0,2.0,3.0,2.0,2.0
LLAMA3-74,2.0,4.0,1.0,3.0,8.0,2.0,14.0,1.0,1.0,9.0,1.0,7.0,9.0,1.0,4.0,2.0,2.0,2.0,2.0,3.0,13.0,4.0,3.0,2.0,8.0,1.0,2.0,3.0,1.0,3.0,1.0,2.0,3.0,2.0,3.0,4.0,5.0,2.0,2.0,2.0,5.0,3.0,3.0,5.0,5.0,3.0,2.0,2.0,2.0,2.0
LLAMA3-75,0.0,3.0,1.0,3.0,8.0,2.0,14.0,1.0,1.0,9.0,0.0,7.0,9.0,2.0,4.0,0.0,2.0,5.0,3.0,3.0,13.0,2.0,3.0,1.0,8.0,0.0,2.0,3.0,2.0,3.0,1.0,2.0,3.0,2.0,3.0,4.0,5.0,2.0,0.0,1.0,5.0,3.0,3.0,5.0,5.0,3.0,2.0,2.0,4.0,2.0
LLAMA3-76,0.0,3.0,1.0,3.0,8.0,1.0,14.0,1.0,2.0,9.0,0.0,7.0,9.0,1.0,4.0,2.0,2.0,2.0,0.0,1.0,13.0,4.0,3.0,2.0,8.0,0.0,2.0,3.0,2.0,3.0,1.0,2.0,3.0,2.0,3.0,4.0,5.0,2.0,2.0,2.0,5.0,6.0,3.0,5.0,5.0,1.0,2.0,2.0,2.0,2.0
LLAMA3-77,0.0,3.0,1.0,3.0,8.0,2.0,14.0,1.0,1.0,8.0,0.0,7.0,9.0,1.0,4.0,2.0,2.0,5.0,0.0,1.0,13.0,4.0,3.0,,8.0,0.0,2.0,3.0,2.0,3.0,0.0,2.0,3.0,2.0,3.0,3.0,3.0,2.0,0.0,1.0,5.0,3.0,3.0,5.0,5.0,3.0,2.0,2.0,4.0,2.0
LLAMA3-78,0.0,3.0,0.0,3.0,8.0,2.0,14.0,1.0,2.0,10.0,0.0,7.0,9.0,2.0,4.0,2.0,4.0,5.0,2.0,1.0,13.0,4.0,3.0,2.0,8.0,1.0,2.0,0.0,1.0,3.0,2.0,2.0,3.0,2.0,4.0,3.0,3.0,2.0,2.0,2.0,5.0,6.0,3.0,5.0,5.0,3.0,2.0,2.0,2.0,2.0
LLAMA3-79,0.0,1.0,1.0,3.0,8.0,2.0,14.0,1.0,1.0,7.0,1.0,7.0,9.0,0.0,4.0,2.0,2.0,5.0,3.0,1.0,12.0,2.0,3.0,2.0,8.0,1.0,2.0,3.0,2.0,3.0,0.0,2.0,3.0,2.0,3.0,4.0,5.0,2.0,0.0,2.0,5.0,6.0,2.0,5.0,5.0,3.0,2.0,2.0,4.0,2.0
LLAMA3-80,0.0,4.0,1.0,3.0,8.0,2.0,14.0,1.0,2.0,8.0,0.0,7.0,9.0,1.0,4.0,0.0,2.0,5.0,3.0,1.0,13.0,2.0,3.0,2.0,8.0,0.0,2.0,3.0,2.0,3.0,0.0,2.0,3.0,2.0,3.0,3.0,3.0,2.0,0.0,1.0,5.0,3.0,3.0,5.0,5.0,2.0,4.0,2.0,2.0,2.0
LLAMA3-81,0.0,4.0,1.0,3.0,8.0,2.0,14.0,1.0,1.0,9.0,0.0,7.0,9.0,1.0,4.0,2.0,2.0,5.0,3.0,1.0,12.0,2.0,3.0,2.0,8.0,1.0,2.0,3.0,2.0,3.0,1.0,2.0,3.0,2.0,4.0,3.0,3.0,2.0,0.0,2.0,5.0,6.0,3.0,5.0,5.0,1.0,4.0,2.0,2.0,2.0
LLAMA3-82,0.0,4.0,1.0,3.0,8.0,2.0,14.0,1.0,2.0,7.0,1.0,7.0,9.0,1.0,4.0,2.0,2.0,5.0,3.0,3.0,13.0,4.0,3.0,2.0,8.0,0.0,2.0,3.0,1.0,3.0,1.0,2.0,3.0,2.0,4.0,4.0,5.0,2.0,2.0,2.0,5.0,3.0,3.0,5.0,6.0,3.0,4.0,2.0,2.0,2.0
LLAMA3-83,0.0,3.0,1.0,3.0,8.0,2.0,14.0,1.0,1.0,7.0,1.0,7.0,9.0,1.0,4.0,2.0,3.0,1.0,3.0,1.0,13.0,4.0,3.0,2.0,8.0,0.0,2.0,3.0,2.0,3.0,2.0,2.0,3.0,2.0,3.0,3.0,5.0,2.0,0.0,2.0,5.0,4.0,3.0,5.0,6.0,5.0,2.0,2.0,4.0,2.0
LLAMA3-84,0.0,4.0,1.0,3.0,8.0,2.0,14.0,1.0,1.0,8.0,0.0,7.0,9.0,1.0,4.0,0.0,2.0,5.0,0.0,3.0,13.0,4.0,3.0,,8.0,1.0,2.0,3.0,1.0,3.0,0.0,2.0,3.0,2.0,3.0,3.0,5.0,2.0,2.0,2.0,5.0,3.0,3.0,5.0,5.0,3.0,2.0,2.0,2.0,2.0
LLAMA3-85,0.0,4.0,1.0,3.0,8.0,2.0,14.0,1.0,1.0,7.0,1.0,7.0,9.0,1.0,4.0,2.0,2.0,2.0,0.0,3.0,12.0,4.0,3.0,2.0,8.0,1.0,2.0,2.0,2.0,3.0,1.0,2.0,3.0,2.0,3.0,3.0,5.0,2.0,2.0,1.0,5.0,3.0,3.0,5.0,6.0,3.0,2.0,2.0,4.0,2.0
LLAMA3-86,0.0,4.0,1.0,3.0,8.0,2.0,14.0,1.0,2.0,8.0,1.0,7.0,9.0,1.0,4.0,2.0,2.0,5.0,3.0,1.0,13.0,4.0,3.0,3.0,8.0,1.0,2.0,3.0,2.0,3.0,1.0,2.0,3.0,2.0,3.0,3.0,5.0,2.0,2.0,2.0,5.0,3.0,3.0,5.0,5.0,5.0,2.0,2.0,2.0,2.0
LLAMA3-87,0.0,4.0,1.0,3.0,8.0,2.0,14.0,1.0,1.0,5.0,1.0,7.0,9.0,0.0,4.0,2.0,2.0,2.0,3.0,1.0,13.0,4.0,3.0,1.0,8.0,0.0,2.0,3.0,2.0,3.0,2.0,2.0,3.0,2.0,3.0,2.0,5.0,2.0,2.0,1.0,5.0,6.0,3.0,5.0,5.0,3.0,4.0,2.0,2.0,2.0
LLAMA3-88,0.0,3.0,1.0,3.0,8.0,1.0,13.0,1.0,1.0,8.0,1.0,7.0,9.0,1.0,4.0,2.0,2.0,2.0,3.0,1.0,13.0,4.0,3.0,,8.0,1.0,2.0,3.0,1.0,3.0,1.0,2.0,3.0,2.0,3.0,4.0,5.0,2.0,2.0,1.0,5.0,4.0,3.0,5.0,6.0,5.0,2.0,2.0,4.0,2.0
LLAMA3-89,0.0,4.0,0.0,3.0,8.0,2.0,14.0,1.0,1.0,8.0,1.0,7.0,8.0,1.0,4.0,2.0,2.0,2.0,0.0,3.0,13.0,4.0,3.0,,8.0,1.0,2.0,3.0,2.0,3.0,0.0,2.0,3.0,2.0,3.0,4.0,3.0,2.0,0.0,2.0,5.0,3.0,3.0,5.0,6.0,3.0,2.0,2.0,2.0,2.0
LLAMA3-90,0.0,4.0,1.0,3.0,8.0,1.0,14.0,1.0,1.0,8.0,1.0,7.0,9.0,1.0,4.0,2.0,4.0,5.0,0.0,1.0,12.0,2.0,3.0,1.0,8.0,0.0,2.0,3.0,2.0,3.0,2.0,2.0,3.0,2.0,3.0,2.0,3.0,2.0,2.0,1.0,5.0,3.0,3.0,5.0,5.0,5.0,2.0,2.0,2.0,2.0
LLAMA3-91,0.0,3.0,1.0,3.0,8.0,2.0,14.0,1.0,2.0,9.0,0.0,7.0,9.0,1.0,4.0,2.0,2.0,5.0,2.0,1.0,13.0,4.0,3.0,2.0,8.0,1.0,2.0,3.0,2.0,3.0,1.0,2.0,3.0,2.0,3.0,3.0,5.0,2.0,0.0,2.0,5.0,3.0,2.0,5.0,5.0,3.0,2.0,2.0,2.0,2.0
LLAMA3-92,0.0,3.0,1.0,3.0,8.0,2.0,14.0,1.0,2.0,9.0,1.0,7.0,9.0,1.0,4.0,2.0,2.0,2.0,3.0,1.0,13.0,4.0,3.0,2.0,8.0,1.0,2.0,3.0,2.0,3.0,1.0,2.0,3.0,2.0,3.0,3.0,5.0,2.0,2.0,2.0,5.0,3.0,3.0,5.0,5.0,1.0,2.0,2.0,2.0,2.0
LLAMA3-93,0.0,3.0,1.0,3.0,8.0,2.0,14.0,1.0,2.0,9.0,1.0,7.0,9.0,1.0,4.0,2.0,2.0,2.0,3.0,1.0,13.0,4.0,3.0,0.0,8.0,0.0,2.0,3.0,2.0,3.0,1.0,2.0,3.0,2.0,3.0,3.0,5.0,2.0,2.0,1.0,5.0,3.0,3.0,5.0,5.0,3.0,2.0,2.0,4.0,2.0
LLAMA3-94,0.0,4.0,1.0,3.0,8.0,2.0,14.0,1.0,2.0,8.0,1.0,7.0,9.0,1.0,4.0,2.0,2.0,2.0,3.0,1.0,13.0,4.0,3.0,2.0,8.0,1.0,2.0,3.0,2.0,3.0,0.0,2.0,3.0,2.0,4.0,3.0,5.0,2.0,2.0,1.0,5.0,3.0,3.0,5.0,6.0,3.0,2.0,2.0,2.0,2.0
LLAMA3-95,0.0,3.0,1.0,3.0,8.0,1.0,14.0,1.0,2.0,10.0,0.0,7.0,7.0,1.0,4.0,0.0,2.0,1.0,2.0,1.0,13.0,4.0,3.0,2.0,8.0,1.0,2.0,3.0,1.0,3.0,1.0,2.0,3.0,2.0,3.0,4.0,5.0,2.0,2.0,2.0,5.0,3.0,3.0,5.0,5.0,3.0,2.0,2.0,2.0,2.0
LLAMA3-96,0.0,4.0,1.0,3.0,8.0,2.0,14.0,1.0,1.0,8.0,0.0,7.0,9.0,1.0,4.0,0.0,2.0,2.0,3.0,1.0,12.0,4.0,3.0,1.0,8.0,1.0,2.0,3.0,2.0,3.0,1.0,1.0,3.0,2.0,4.0,4.0,5.0,2.0,2.0,1.0,5.0,3.0,3.0,2.0,5.0,3.0,2.0,2.0,2.0,2.0
LLAMA3-97,0.0,4.0,1.0,3.0,8.0,2.0,14.0,1.0,1.0,9.0,0.0,7.0,9.0,2.0,4.0,2.0,2.0,2.0,0.0,1.0,12.0,4.0,3.0,2.0,8.0,0.0,2.0,3.0,2.0,3.0,1.0,2.0,3.0,2.0,3.0,3.0,5.0,2.0,2.0,1.0,4.0,3.0,3.0,5.0,5.0,3.0,4.0,2.0,4.0,2.0
LLAMA3-98,0.0,4.0,0.0,3.0,8.0,2.0,14.0,1.0,1.0,8.0,0.0,7.0,9.0,1.0,4.0,2.0,2.0,2.0,0.0,1.0,13.0,4.0,3.0,2.0,8.0,0.0,2.0,3.0,2.0,3.0,0.0,2.0,3.0,2.0,3.0,3.0,3.0,2.0,0.0,2.0,5.0,3.0,2.0,5.0,6.0,5.0,4.0,2.0,2.0,2.0
LLAMA3-99,0.0,3.0,1.0,3.0,8.0,2.0,14.0,1.0,1.0,9.0,0.0,7.0,9.0,1.0,4.0,0.0,2.0,2.0,0.0,3.0,13.0,4.0,3.0,2.0,8.0,1.0,2.0,3.0,2.0,3.0,1.0,2.0,3.0,2.0,4.0,3.0,3.0,2.0,2.0,2.0,5.0,3.0,3.0,5.0,5.0,5.0,2.0,2.0,2.0,2.0
LLAMA3-100,2.0,4.0,1.0,3.0,8.0,2.0,14.0,1.0,2.0,9.0,0.0,7.0,9.0,1.0,4.0,2.0,2.0,2.0,0.0,1.0,13.0,4.0,3.0,3.0,8.0,0.0,2.0,3.0,1.0,3.0,0.0,2.0,3.0,2.0,4.0,3.0,5.0,2.0,0.0,1.0,5.0,3.0,3.0,5.0,5.0,3.0,2.0,2.0,4.0,2.0
GPT35-1,0.0,4.0,1.0,3.0,8.0,2.0,14.0,1.0,1.0,8.0,0.0,7.0,9.0,1.0,4.0,2.0,2.0,5.0,0.0,1.0,13.0,2.0,1.0,2.0,8.0,0.0,2.0,3.0,1.0,2.0,1.0,2.0,2.0,1.0,3.0,3.0,3.0,2.0,0.0,1.0,5.0,4.0,3.0,3.0,6.0,2.0,1.0,2.0,2.0,2.0
GPT35-2,0.0,1.0,1.0,3.0,8.0,2.0,14.0,1.0,1.0,10.0,0.0,4.0,9.0,2.0,4.0,0.0,2.0,5.0,0.0,3.0,13.0,2.0,3.0,2.0,8.0,0.0,2.0,2.0,1.0,1.0,1.0,1.0,3.0,2.0,3.0,4.0,3.0,2.0,0.0,1.0,5.0,4.0,3.0,3.0,6.0,3.0,3.0,2.0,2.0,2.0
GPT35-3,0.0,3.0,1.0,3.0,8.0,2.0,14.0,2.0,1.0,8.0,0.0,7.0,9.0,1.0,4.0,0.0,4.0,5.0,3.0,1.0,11.0,2.0,1.0,2.0,8.0,1.0,2.0,2.0,1.0,2.0,1.0,1.0,2.0,1.0,4.0,3.0,3.0,2.0,0.0,1.0,5.0,3.0,3.0,3.0,6.0,3.0,4.0,2.0,2.0,2.0
GPT35-4,0.0,3.0,1.0,3.0,8.0,2.0,14.0,1.0,0.0,8.0,0.0,4.0,6.0,1.0,4.0,0.0,4.0,5.0,0.0,1.0,13.0,4.0,3.0,2.0,8.0,0.0,2.0,3.0,2.0,2.0,1.0,2.0,2.0,1.0,3.0,3.0,3.0,2.0,0.0,1.0,5.0,5.0,3.0,5.0,5.0,5.0,4.0,2.0,2.0,2.0
GPT35-5,0.0,4.0,1.0,3.0,8.0,2.0,14.0,1.0,1.0,9.0,0.0,5.0,9.0,1.0,4.0,0.0,2.0,5.0,3.0,1.0,13.0,2.0,1.0,2.0,8.0,1.0,2.0,2.0,1.0,3.0,1.0,2.0,3.0,1.0,2.0,3.0,3.0,2.0,0.0,1.0,5.0,5.0,3.0,5.0,6.0,3.0,4.0,2.0,4.0,2.0
GPT35-6,0.0,3.0,1.0,3.0,8.0,2.0,14.0,1.0,1.0,8.0,0.0,5.0,9.0,1.0,4.0,0.0,4.0,5.0,3.0,1.0,11.0,2.0,3.0,2.0,8.0,0.0,2.0,3.0,1.0,2.0,0.0,1.0,3.0,1.0,3.0,3.0,3.0,2.0,0.0,1.0,5.0,4.0,3.0,3.0,6.0,3.0,2.0,2.0,2.0,2.0
GPT35-7,0.0,4.0,1.0,3.0,8.0,2.0,14.0,1.0,1.0,7.0,0.0,7.0,9.0,1.0,4.0,0.0,2.0,5.0,0.0,1.0,13.0,2.0,3.0,2.0,6.0,1.0,2.0,2.0,2.0,2.0,0.0,1.0,2.0,1.0,3.0,3.0,3.0,2.0,0.0,1.0,5.0,4.0,3.0,3.0,6.0,3.0,3.0,2.0,0.0,2.0
GPT35-8,0.0,1.0,1.0,3.0,8.0,2.0,14.0,1.0,1.0,8.0,0.0,7.0,6.0,1.0,4.0,0.0,2.0,5.0,0.0,1.0,13.0,2.0,2.0,2.0,8.0,1.0,2.0,2.0,1.0,3.0,1.0,1.0,2.0,1.0,2.0,3.0,3.0,4.0,0.0,1.0,5.0,3.0,3.0,3.0,5.0,5.0,3.0,2.0,0.0,2.0
GPT35-9,0.0,3.0,1.0,3.0,8.0,2.0,14.0,1.0,1.0,10.0,0.0,5.0,9.0,2.0,4.0,2.0,2.0,5.0,0.0,1.0,12.0,4.0,3.0,2.0,8.0,0.0,2.0,2.0,2.0,1.0,0.0,1.0,2.0,1.0,3.0,3.0,3.0,2.0,0.0,2.0,5.0,4.0,3.0,3.0,5.0,3.0,1.0,2.0,0.0,2.0
GPT35-10,0.0,2.0,1.0,3.0,8.0,2.0,14.0,1.0,1.0,9.0,0.0,5.0,9.0,2.0,4.0,0.0,2.0,5.0,3.0,1.0,11.0,2.0,3.0,2.0,6.0,1.0,2.0,3.0,1.0,1.0,1.0,1.0,2.0,1.0,3.0,3.0,3.0,2.0,2.0,2.0,5.0,5.0,3.0,3.0,5.0,5.0,4.0,2.0,2.0,2.0
GPT35-11,0.0,1.0,1.0,3.0,8.0,2.0,14.0,1.0,0.0,8.0,0.0,5.0,9.0,1.0,4.0,0.0,0.0,5.0,3.0,1.0,13.0,4.0,2.0,2.0,8.0,1.0,2.0,3.0,2.0,2.0,1.0,1.0,2.0,1.0,4.0,3.0,3.0,4.0,0.0,1.0,5.0,4.0,3.0,3.0,5.0,3.0,4.0,2.0,2.0,2.0
GPT35-12,0.0,3.0,1.0,3.0,8.0,2.0,14.0,1.0,1.0,10.0,0.0,5.0,6.0,1.0,4.0,0.0,4.0,5.0,0.0,1.0,13.0,2.0,3.0,2.0,8.0,1.0,2.0,3.0,2.0,2.0,1.0,1.0,2.0,1.0,3.0,3.0,3.0,2.0,0.0,1.0,5.0,4.0,3.0,3.0,6.0,1.0,4.0,2.0,2.0,2.0
GPT35-13,0.0,3.0,1.0,3.0,5.0,2.0,14.0,2.0,1.0,8.0,0.0,7.0,6.0,2.0,4.0,2.0,2.0,5.0,0.0,1.0,10.0,2.0,2.0,2.0,8.0,1.0,2.0,2.0,1.0,1.0,1.0,2.0,2.0,1.0,3.0,3.0,3.0,4.0,0.0,1.0,5.0,5.0,3.0,3.0,6.0,3.0,1.0,2.0,0.0,2.0
GPT35-14,0.0,1.0,1.0,3.0,8.0,2.0,14.0,2.0,1.0,9.0,0.0,7.0,6.0,0.0,4.0,0.0,2.0,5.0,0.0,1.0,12.0,4.0,1.0,3.0,8.0,0.0,2.0,3.0,1.0,2.0,1.0,1.0,3.0,2.0,3.0,3.0,3.0,2.0,0.0,1.0,5.0,4.0,3.0,5.0,6.0,3.0,4.0,2.0,2.0,2.0
GPT35-15,0.0,4.0,1.0,2.0,8.0,2.0,14.0,2.0,1.0,8.0,0.0,5.0,9.0,1.0,4.0,0.0,2.0,5.0,3.0,1.0,13.0,4.0,2.0,2.0,8.0,0.0,2.0,0.0,1.0,3.0,1.0,2.0,2.0,1.0,3.0,3.0,3.0,2.0,0.0,2.0,5.0,3.0,3.0,3.0,6.0,5.0,4.0,2.0,2.0,2.0
GPT35-16,0.0,3.0,1.0,3.0,8.0,2.0,14.0,1.0,1.0,10.0,0.0,5.0,9.0,1.0,4.0,2.0,2.0,5.0,0.0,1.0,11.0,2.0,2.0,2.0,8.0,1.0,2.0,3.0,1.0,1.0,1.0,2.0,2.0,2.0,4.0,3.0,3.0,2.0,0.0,1.0,5.0,3.0,2.0,3.0,6.0,5.0,4.0,2.0,0.0,2.0
GPT35-17,0.0,4.0,1.0,3.0,8.0,2.0,14.0,1.0,1.0,7.0,0.0,5.0,9.0,0.0,4.0,0.0,2.0,5.0,0.0,1.0,13.0,2.0,3.0,2.0,8.0,1.0,2.0,3.0,2.0,2.0,1.0,1.0,3.0,2.0,3.0,3.0,3.0,4.0,0.0,1.0,5.0,4.0,3.0,3.0,6.0,3.0,3.0,2.0,2.0,2.0
GPT35-18,0.0,3.0,1.0,3.0,8.0,2.0,14.0,1.0,1.0,9.0,0.0,5.0,6.0,1.0,4.0,0.0,4.0,5.0,0.0,1.0,12.0,4.0,2.0,2.0,8.0,0.0,2.0,2.0,1.0,1.0,1.0,2.0,2.0,1.0,3.0,3.0,3.0,2.0,0.0,1.0,5.0,3.0,3.0,3.0,5.0,3.0,4.0,2.0,2.0,2.0
GPT35-19,0.0,3.0,1.0,3.0,8.0,2.0,14.0,1.0,1.0,8.0,0.0,7.0,9.0,0.0,4.0,0.0,2.0,5.0,0.0,1.0,13.0,2.0,3.0,2.0,8.0,1.0,2.0,2.0,1.0,1.0,1.0,1.0,2.0,2.0,3.0,3.0,3.0,2.0,0.0,2.0,5.0,3.0,3.0,3.0,6.0,3.0,4.0,2.0,0.0,2.0
GPT35-20,0.0,1.0,1.0,3.0,8.0,2.0,14.0,1.0,1.0,9.0,0.0,5.0,6.0,1.0,4.0,2.0,0.0,5.0,0.0,1.0,12.0,4.0,1.0,2.0,8.0,1.0,2.0,3.0,2.0,2.0,0.0,1.0,2.0,1.0,3.0,3.0,3.0,2.0,0.0,1.0,3.0,5.0,3.0,3.0,6.0,5.0,1.0,2.0,4.0,2.0
GPT35-21,0.0,4.0,1.0,3.0,8.0,2.0,14.0,1.0,1.0,10.0,0.0,5.0,8.0,1.0,4.0,0.0,0.0,5.0,0.0,1.0,11.0,2.0,3.0,1.0,8.0,1.0,2.0,3.0,1.0,2.0,1.0,1.0,2.0,1.0,3.0,3.0,3.0,2.0,0.0,1.0,5.0,5.0,3.0,3.0,5.0,5.0,1.0,2.0,2.0,2.0
GPT35-22,0.0,4.0,1.0,3.0,8.0,2.0,14.0,1.0,1.0,8.0,0.0,5.0,9.0,1.0,4.0,0.0,4.0,5.0,0.0,1.0,13.0,2.0,3.0,2.0,6.0,1.0,2.0,3.0,1.0,1.0,1.0,2.0,2.0,2.0,4.0,3.0,3.0,2.0,0.0,1.0,5.0,4.0,3.0,3.0,6.0,1.0,3.0,2.0,4.0,2.0
GPT35-23,0.0,1.0,1.0,3.0,8.0,1.0,14.0,1.0,1.0,10.0,0.0,7.0,6.0,1.0,4.0,0.0,2.0,5.0,0.0,1.0,10.0,2.0,3.0,2.0,8.0,1.0,2.0,3.0,2.0,2.0,0.0,1.0,2.0,1.0,3.0,3.0,3.0,2.0,0.0,1.0,5.0,5.0,3.0,5.0,6.0,3.0,4.0,2.0,2.0,2.0
GPT35-24,0.0,4.0,1.0,3.0,8.0,2.0,14.0,1.0,1.0,10.0,0.0,7.0,9.0,1.0,4.0,0.0,2.0,5.0,0.0,1.0,13.0,2.0,2.0,2.0,8.0,1.0,2.0,2.0,2.0,1.0,1.0,2.0,3.0,2.0,3.0,3.0,3.0,2.0,0.0,1.0,5.0,5.0,3.0,5.0,6.0,2.0,4.0,2.0,2.0,2.0
GPT35-25,0.0,3.0,1.0,3.0,8.0,2.0,14.0,2.0,1.0,8.0,0.0,5.0,6.0,1.0,4.0,0.0,4.0,5.0,0.0,0.0,13.0,4.0,3.0,2.0,4.0,0.0,2.0,3.0,1.0,1.0,1.0,1.0,3.0,1.0,3.0,3.0,3.0,2.0,0.0,1.0,5.0,5.0,3.0,3.0,6.0,3.0,4.0,2.0,2.0,2.0
GPT35-26,0.0,2.0,1.0,3.0,8.0,2.0,14.0,2.0,1.0,9.0,0.0,5.0,9.0,1.0,4.0,0.0,4.0,5.0,0.0,1.0,13.0,2.0,2.0,2.0,8.0,1.0,2.0,3.0,1.0,2.0,1.0,1.0,2.0,1.0,3.0,3.0,3.0,2.0,0.0,1.0,5.0,5.0,3.0,3.0,6.0,5.0,3.0,2.0,4.0,2.0
GPT35-27,0.0,3.0,1.0,3.0,8.0,2.0,14.0,1.0,2.0,9.0,0.0,4.0,6.0,0.0,4.0,0.0,2.0,5.0,0.0,0.0,12.0,2.0,1.0,2.0,8.0,1.0,2.0,3.0,1.0,2.0,1.0,1.0,2.0,1.0,4.0,3.0,3.0,2.0,0.0,1.0,5.0,2.0,3.0,3.0,6.0,3.0,4.0,2.0,2.0,2.0
GPT35-28,0.0,3.0,1.0,3.0,8.0,2.0,14.0,2.0,1.0,8.0,0.0,7.0,6.0,1.0,4.0,0.0,4.0,5.0,0.0,1.0,13.0,2.0,2.0,3.0,8.0,1.0,2.0,3.0,2.0,2.0,1.0,1.0,3.0,1.0,3.0,3.0,3.0,2.0,0.0,1.0,5.0,4.0,3.0,3.0,5.0,3.0,4.0,2.0,2.0,2.0
GPT35-29,0.0,3.0,1.0,3.0,8.0,2.0,14.0,2.0,1.0,8.0,0.0,5.0,9.0,1.0,4.0,0.0,4.0,5.0,3.0,1.0,13.0,4.0,2.0,2.0,6.0,1.0,2.0,3.0,1.0,2.0,1.0,1.0,2.0,1.0,3.0,3.0,3.0,2.0,0.0,1.0,5.0,3.0,3.0,3.0,5.0,3.0,4.0,2.0,2.0,2.0
GPT35-30,0.0,3.0,1.0,3.0,8.0,2.0,14.0,2.0,1.0,10.0,0.0,5.0,6.0,1.0,4.0,2.0,4.0,5.0,0.0,1.0,13.0,4.0,3.0,3.0,8.0,0.0,1.0,3.0,1.0,2.0,1.0,1.0,3.0,2.0,4.0,3.0,3.0,4.0,0.0,1.0,5.0,4.0,3.0,3.0,6.0,5.0,3.0,2.0,0.0,2.0
GPT35-31,0.0,1.0,1.0,3.0,7.0,2.0,14.0,1.0,1.0,7.0,0.0,5.0,9.0,1.0,4.0,2.0,0.0,5.0,0.0,1.0,11.0,4.0,1.0,2.0,8.0,1.0,2.0,3.0,1.0,2.0,1.0,0.0,2.0,1.0,3.0,3.0,3.0,2.0,2.0,1.0,5.0,6.0,3.0,3.0,6.0,3.0,2.0,2.0,2.0,2.0
GPT35-32,0.0,1.0,1.0,3.0,8.0,2.0,14.0,1.0,1.0,9.0,0.0,7.0,9.0,1.0,4.0,0.0,2.0,5.0,0.0,1.0,12.0,2.0,3.0,3.0,8.0,1.0,2.0,3.0,2.0,2.0,1.0,2.0,2.0,2.0,3.0,3.0,3.0,4.0,2.0,1.0,5.0,4.0,3.0,3.0,6.0,3.0,1.0,2.0,2.0,2.0
GPT35-33,0.0,3.0,1.0,3.0,8.0,2.0,14.0,1.0,1.0,8.0,0.0,5.0,9.0,2.0,4.0,2.0,4.0,5.0,0.0,1.0,13.0,2.0,2.0,2.0,6.0,0.0,2.0,3.0,2.0,1.0,1.0,1.0,2.0,2.0,3.0,3.0,3.0,2.0,0.0,1.0,5.0,5.0,3.0,3.0,6.0,5.0,4.0,2.0,4.0,2.0
GPT35-34,0.0,1.0,1.0,3.0,8.0,2.0,14.0,2.0,1.0,9.0,0.0,5.0,9.0,1.0,4.0,0.0,2.0,5.0,3.0,1.0,12.0,2.0,1.0,3.0,8.0,1.0,2.0,3.0,2.0,2.0,1.0,1.0,3.0,2.0,3.0,0.0,3.0,2.0,0.0,1.0,5.0,5.0,3.0,3.0,5.0,1.0,4.0,2.0,0.0,2.0
GPT35-35,0.0,4.0,1.0,3.0,8.0,2.0,14.0,2.0,1.0,9.0,0.0,7.0,8.0,1.0,4.0,2.0,2.0,5.0,0.0,1.0,13.0,2.0,3.0,3.0,8.0,0.0,2.0,2.0,1.0,2.0,0.0,1.0,2.0,1.0,2.0,3.0,3.0,4.0,0.0,1.0,5.0,2.0,3.0,3.0,6.0,5.0,4.0,2.0,2.0,2.0
GPT35-36,0.0,4.0,1.0,3.0,8.0,1.0,14.0,2.0,1.0,9.0,0.0,5.0,9.0,1.0,4.0,2.0,0.0,5.0,0.0,1.0,12.0,4.0,1.0,2.0,6.0,1.0,2.0,3.0,1.0,2.0,1.0,1.0,2.0,2.0,3.0,3.0,3.0,2.0,0.0,1.0,5.0,5.0,3.0,3.0,6.0,3.0,4.0,2.0,2.0,2.0
GPT35-37,0.0,4.0,1.0,3.0,8.0,2.0,14.0,2.0,1.0,8.0,0.0,5.0,9.0,1.0,4.0,0.0,4.0,5.0,0.0,1.0,13.0,4.0,2.0,2.0,8.0,1.0,2.0,3.0,2.0,2.0,0.0,1.0,3.0,1.0,4.0,3.0,3.0,2.0,0.0,1.0,4.0,4.0,3.0,3.0,6.0,3.0,4.0,2.0,2.0,2.0
GPT35-38,0.0,2.0,1.0,3.0,8.0,2.0,14.0,2.0,1.0,8.0,0.0,7.0,6.0,1.0,4.0,0.0,4.0,5.0,3.0,1.0,8.0,2.0,2.0,2.0,8.0,0.0,2.0,3.0,2.0,2.0,0.0,1.0,3.0,1.0,3.0,3.0,3.0,2.0,2.0,1.0,5.0,5.0,3.0,3.0,6.0,3.0,4.0,2.0,2.0,2.0
GPT35-39,0.0,1.0,1.0,3.0,8.0,2.0,14.0,1.0,1.0,8.0,0.0,7.0,9.0,2.0,4.0,0.0,2.0,5.0,0.0,1.0,13.0,2.0,2.0,2.0,6.0,1.0,1.0,3.0,2.0,2.0,1.0,0.0,3.0,2.0,4.0,3.0,3.0,2.0,0.0,1.0,5.0,5.0,3.0,5.0,5.0,3.0,4.0,2.0,2.0,2.0
GPT35-40,0.0,4.0,1.0,3.0,8.0,2.0,14.0,2.0,1.0,8.0,0.0,7.0,8.0,1.0,4.0,0.0,4.0,5.0,0.0,1.0,13.0,2.0,2.0,3.0,8.0,0.0,2.0,2.0,2.0,1.0,1.0,1.0,2.0,1.0,2.0,3.0,3.0,2.0,0.0,1.0,5.0,6.0,3.0,3.0,5.0,5.0,4.0,2.0,2.0,2.0
GPT35-41,0.0,3.0,1.0,3.0,8.0,2.0,14.0,2.0,1.0,8.0,0.0,5.0,6.0,1.0,4.0,2.0,4.0,5.0,0.0,1.0,12.0,2.0,3.0,2.0,8.0,1.0,2.0,2.0,2.0,2.0,1.0,1.0,3.0,1.0,4.0,3.0,3.0,2.0,0.0,2.0,5.0,5.0,3.0,3.0,6.0,2.0,1.0,2.0,0.0,2.0
GPT35-42,0.0,3.0,1.0,3.0,8.0,2.0,14.0,2.0,1.0,8.0,0.0,5.0,6.0,1.0,4.0,2.0,2.0,5.0,0.0,1.0,13.0,2.0,0.0,2.0,6.0,0.0,2.0,2.0,1.0,2.0,0.0,1.0,2.0,1.0,3.0,3.0,3.0,2.0,0.0,2.0,5.0,3.0,3.0,3.0,5.0,3.0,3.0,2.0,0.0,2.0
GPT35-43,0.0,4.0,1.0,3.0,8.0,2.0,14.0,2.0,1.0,7.0,0.0,7.0,9.0,1.0,4.0,0.0,2.0,5.0,3.0,1.0,11.0,4.0,3.0,2.0,8.0,0.0,1.0,3.0,2.0,2.0,1.0,1.0,2.0,1.0,4.0,3.0,3.0,2.0,0.0,1.0,5.0,6.0,3.0,5.0,5.0,5.0,4.0,2.0,2.0,2.0
GPT35-44,0.0,1.0,1.0,3.0,8.0,0.0,14.0,2.0,1.0,7.0,0.0,5.0,9.0,3.0,4.0,0.0,2.0,5.0,0.0,3.0,13.0,2.0,3.0,2.0,8.0,0.0,2.0,2.0,2.0,3.0,1.0,1.0,2.0,1.0,4.0,3.0,3.0,2.0,0.0,2.0,4.0,3.0,3.0,3.0,6.0,3.0,4.0,2.0,4.0,2.0
GPT35-45,0.0,4.0,1.0,3.0,8.0,2.0,14.0,2.0,1.0,10.0,0.0,5.0,9.0,1.0,4.0,2.0,4.0,5.0,0.0,1.0,13.0,2.0,2.0,2.0,8.0,0.0,2.0,3.0,2.0,2.0,1.0,1.0,3.0,1.0,3.0,3.0,3.0,4.0,0.0,1.0,5.0,4.0,3.0,3.0,6.0,3.0,4.0,2.0,2.0,2.0
GPT35-46,0.0,3.0,1.0,3.0,8.0,2.0,14.0,1.0,1.0,9.0,0.0,7.0,6.0,1.0,4.0,2.0,4.0,5.0,0.0,1.0,10.0,3.0,2.0,2.0,6.0,1.0,2.0,2.0,1.0,2.0,1.0,1.0,2.0,2.0,3.0,3.0,3.0,2.0,0.0,2.0,5.0,4.0,3.0,3.0,6.0,3.0,1.0,2.0,2.0,2.0
GPT35-47,0.0,4.0,1.0,3.0,8.0,2.0,14.0,2.0,1.0,8.0,0.0,5.0,6.0,1.0,4.0,0.0,4.0,5.0,0.0,1.0,11.0,2.0,3.0,3.0,8.0,1.0,2.0,0.0,2.0,2.0,1.0,1.0,2.0,2.0,2.0,3.0,3.0,2.0,0.0,2.0,5.0,3.0,3.0,3.0,6.0,3.0,4.0,2.0,2.0,2.0
GPT35-48,0.0,3.0,1.0,3.0,8.0,2.0,14.0,1.0,1.0,8.0,0.0,5.0,6.0,2.0,4.0,0.0,2.0,5.0,3.0,1.0,13.0,2.0,2.0,2.0,8.0,1.0,2.0,3.0,1.0,2.0,1.0,2.0,2.0,2.0,3.0,3.0,3.0,2.0,0.0,2.0,5.0,5.0,3.0,3.0,6.0,3.0,4.0,2.0,2.0,2.0
GPT35-49,0.0,3.0,1.0,3.0,8.0,2.0,14.0,2.0,1.0,10.0,0.0,7.0,6.0,2.0,4.0,0.0,4.0,5.0,0.0,1.0,13.0,2.0,3.0,2.0,8.0,1.0,2.0,3.0,1.0,2.0,1.0,1.0,2.0,2.0,3.0,3.0,3.0,2.0,0.0,1.0,5.0,6.0,1.0,3.0,6.0,5.0,1.0,2.0,2.0,2.0
GPT35-50,0.0,3.0,1.0,3.0,8.0,2.0,14.0,1.0,1.0,7.0,0.0,7.0,9.0,1.0,4.0,2.0,2.0,5.0,0.0,1.0,12.0,2.0,2.0,2.0,8.0,1.0,2.0,2.0,2.0,2.0,1.0,2.0,3.0,1.0,4.0,3.0,3.0,2.0,0.0,1.0,5.0,4.0,3.0,3.0,6.0,3.0,4.0,2.0,0.0,2.0
GPT35-51,0.0,1.0,1.0,3.0,8.0,2.0,14.0,2.0,1.0,10.0,0.0,7.0,6.0,1.0,4.0,2.0,2.0,5.0,0.0,1.0,11.0,2.0,3.0,3.0,6.0,1.0,2.0,3.0,1.0,2.0,1.0,1.0,2.0,2.0,3.0,3.0,3.0,2.0,0.0,1.0,5.0,5.0,3.0,3.0,6.0,5.0,4.0,2.0,2.0,2.0
GPT35-52,0.0,1.0,1.0,3.0,8.0,2.0,14.0,1.0,1.0,10.0,0.0,5.0,6.0,2.0,4.0,2.0,2.0,5.0,3.0,1.0,10.0,4.0,3.0,3.0,8.0,0.0,2.0,3.0,2.0,1.0,1.0,1.0,2.0,2.0,4.0,3.0,3.0,2.0,0.0,1.0,5.0,3.0,3.0,3.0,6.0,3.0,3.0,2.0,4.0,2.0
GPT35-53,0.0,3.0,1.0,3.0,8.0,2.0,14.0,1.0,1.0,8.0,0.0,7.0,6.0,0.0,4.0,0.0,2.0,5.0,0.0,1.0,12.0,4.0,2.0,2.0,8.0,1.0,2.0,3.0,1.0,2.0,1.0,2.0,3.0,1.0,3.0,3.0,3.0,2.0,0.0,1.0,5.0,4.0,3.0,3.0,6.0,3.0,4.0,2.0,4.0,2.0
GPT35-54,0.0,3.0,1.0,3.0,8.0,2.0,14.0,2.0,1.0,7.0,0.0,7.0,6.0,1.0,4.0,2.0,2.0,5.0,3.0,1.0,12.0,2.0,2.0,2.0,8.0,1.0,2.0,3.0,2.0,2.0,1.0,2.0,3.0,2.0,3.0,3.0,3.0,2.0,0.0,1.0,5.0,3.0,3.0,5.0,5.0,3.0,1.0,2.0,0.0,2.0
GPT35-55,0.0,3.0,1.0,3.0,8.0,2.0,14.0,2.0,1.0,8.0,0.0,7.0,9.0,1.0,4.0,0.0,2.0,5.0,0.0,1.0,11.0,2.0,2.0,2.0,8.0,0.0,2.0,3.0,2.0,2.0,1.0,1.0,3.0,2.0,3.0,3.0,3.0,4.0,0.0,1.0,5.0,5.0,3.0,3.0,6.0,3.0,4.0,2.0,2.0,2.0
GPT35-56,0.0,3.0,1.0,3.0,8.0,2.0,14.0,2.0,1.0,8.0,0.0,5.0,6.0,1.0,4.0,2.0,2.0,5.0,0.0,0.0,13.0,2.0,2.0,2.0,8.0,0.0,2.0,3.0,1.0,2.0,1.0,2.0,3.0,1.0,4.0,3.0,3.0,2.0,0.0,1.0,3.0,2.0,3.0,3.0,5.0,3.0,4.0,2.0,0.0,2.0
GPT35-57,0.0,1.0,1.0,3.0,8.0,2.0,14.0,1.0,1.0,7.0,0.0,5.0,6.0,1.0,4.0,0.0,2.0,5.0,0.0,3.0,13.0,2.0,2.0,2.0,8.0,0.0,2.0,3.0,2.0,3.0,1.0,1.0,3.0,1.0,2.0,3.0,3.0,4.0,0.0,2.0,5.0,4.0,3.0,3.0,5.0,3.0,1.0,2.0,4.0,2.0
GPT35-58,0.0,3.0,1.0,3.0,8.0,2.0,14.0,1.0,1.0,10.0,0.0,4.0,9.0,1.0,4.0,0.0,4.0,5.0,3.0,1.0,13.0,2.0,0.0,2.0,8.0,1.0,1.0,3.0,1.0,1.0,1.0,1.0,3.0,1.0,3.0,3.0,3.0,2.0,0.0,1.0,5.0,6.0,3.0,3.0,6.0,5.0,4.0,2.0,2.0,2.0
GPT35-59,0.0,4.0,1.0,3.0,8.0,2.0,14.0,2.0,1.0,9.0,0.0,5.0,6.0,1.0,4.0,2.0,4.0,5.0,0.0,1.0,11.0,2.0,3.0,3.0,6.0,1.0,2.0,3.0,1.0,2.0,0.0,1.0,2.0,2.0,3.0,3.0,3.0,2.0,0.0,1.0,5.0,5.0,3.0,3.0,6.0,5.0,4.0,2.0,0.0,2.0
GPT35-60,0.0,3.0,1.0,3.0,8.0,2.0,14.0,1.0,1.0,8.0,0.0,5.0,9.0,1.0,4.0,0.0,2.0,5.0,3.0,1.0,12.0,2.0,3.0,3.0,8.0,1.0,2.0,2.0,2.0,1.0,1.0,1.0,2.0,2.0,3.0,3.0,3.0,2.0,0.0,1.0,5.0,6.0,3.0,3.0,6.0,3.0,4.0,2.0,2.0,2.0
GPT35-61,0.0,3.0,1.0,3.0,8.0,2.0,14.0,2.0,1.0,9.0,0.0,7.0,9.0,1.0,4.0,2.0,2.0,5.0,0.0,1.0,12.0,2.0,3.0,2.0,8.0,1.0,2.0,3.0,2.0,2.0,1.0,2.0,3.0,1.0,3.0,3.0,3.0,2.0,0.0,1.0,5.0,6.0,3.0,3.0,5.0,3.0,4.0,2.0,2.0,2.0
GPT35-62,0.0,0.0,1.0,3.0,8.0,2.0,14.0,2.0,1.0,9.0,0.0,4.0,9.0,2.0,4.0,0.0,2.0,5.0,0.0,1.0,12.0,4.0,2.0,2.0,8.0,1.0,2.0,3.0,2.0,2.0,0.0,1.0,2.0,2.0,3.0,3.0,3.0,2.0,0.0,1.0,5.0,6.0,3.0,3.0,6.0,3.0,4.0,2.0,2.0,2.0
GPT35-63,0.0,4.0,1.0,3.0,8.0,2.0,14.0,1.0,1.0,10.0,0.0,7.0,6.0,3.0,4.0,2.0,2.0,5.0,0.0,1.0,13.0,4.0,3.0,3.0,8.0,0.0,2.0,3.0,2.0,2.0,1.0,2.0,3.0,1.0,3.0,3.0,3.0,2.0,0.0,1.0,5.0,4.0,3.0,3.0,6.0,5.0,4.0,2.0,0.0,2.0
GPT35-64,0.0,3.0,1.0,3.0,8.0,2.0,14.0,1.0,1.0,10.0,0.0,5.0,9.0,1.0,4.0,2.0,0.0,5.0,0.0,1.0,13.0,4.0,3.0,2.0,8.0,0.0,2.0,3.0,1.0,3.0,1.0,2.0,3.0,1.0,3.0,3.0,3.0,2.0,0.0,1.0,5.0,5.0,2.0,3.0,6.0,2.0,4.0,2.0,2.0,2.0
GPT35-65,0.0,3.0,1.0,3.0,8.0,2.0,14.0,2.0,1.0,8.0,0.0,5.0,9.0,3.0,4.0,0.0,2.0,5.0,0.0,1.0,12.0,4.0,3.0,3.0,8.0,0.0,2.0,3.0,2.0,2.0,1.0,2.0,2.0,1.0,3.0,3.0,3.0,4.0,0.0,1.0,5.0,2.0,3.0,3.0,6.0,4.0,1.0,2.0,4.0,2.0
GPT35-66,0.0,4.0,1.0,3.0,8.0,2.0,14.0,2.0,1.0,10.0,0.0,7.0,9.0,1.0,4.0,0.0,4.0,5.0,3.0,1.0,13.0,4.0,3.0,2.0,6.0,0.0,2.0,3.0,1.0,2.0,1.0,2.0,3.0,1.0,3.0,3.0,3.0,2.0,0.0,1.0,5.0,5.0,3.0,3.0,6.0,5.0,4.0,2.0,2.0,2.0
GPT35-67,0.0,4.0,1.0,3.0,8.0,1.0,14.0,1.0,1.0,10.0,0.0,5.0,6.0,1.0,4.0,0.0,2.0,5.0,3.0,1.0,11.0,2.0,3.0,2.0,4.0,1.0,2.0,3.0,2.0,2.0,1.0,1.0,3.0,1.0,3.0,3.0,3.0,2.0,0.0,1.0,5.0,4.0,3.0,3.0,6.0,5.0,4.0,2.0,0.0,2.0
GPT35-68,0.0,4.0,1.0,3.0,8.0,2.0,14.0,1.0,1.0,7.0,0.0,5.0,9.0,1.0,4.0,0.0,4.0,5.0,3.0,1.0,10.0,4.0,3.0,2.0,8.0,0.0,2.0,3.0,1.0,2.0,1.0,1.0,2.0,2.0,3.0,3.0,3.0,2.0,0.0,2.0,5.0,6.0,3.0,3.0,6.0,5.0,4.0,2.0,2.0,2.0
GPT35-69,0.0,4.0,1.0,3.0,8.0,2.0,14.0,2.0,1.0,5.0,0.0,5.0,6.0,1.0,4.0,2.0,2.0,5.0,0.0,1.0,13.0,2.0,3.0,2.0,8.0,0.0,2.0,3.0,1.0,2.0,1.0,2.0,2.0,1.0,3.0,3.0,3.0,2.0,0.0,1.0,5.0,3.0,3.0,3.0,6.0,3.0,4.0,2.0,2.0,2.0
GPT35-70,0.0,4.0,1.0,3.0,8.0,2.0,14.0,1.0,1.0,8.0,0.0,4.0,6.0,1.0,4.0,0.0,2.0,5.0,0.0,1.0,13.0,4.0,3.0,2.0,8.0,1.0,2.0,2.0,2.0,1.0,1.0,1.0,3.0,1.0,3.0,3.0,3.0,2.0,0.0,1.0,5.0,3.0,3.0,3.0,6.0,3.0,4.0,2.0,2.0,2.0
GPT35-71,0.0,4.0,1.0,3.0,8.0,2.0,14.0,1.0,1.0,8.0,0.0,5.0,9.0,0.0,4.0,2.0,4.0,5.0,0.0,1.0,13.0,2.0,2.0,2.0,8.0,0.0,2.0,3.0,2.0,2.0,1.0,1.0,2.0,1.0,3.0,3.0,3.0,2.0,0.0,1.0,5.0,3.0,3.0,3.0,5.0,3.0,1.0,2.0,0.0,2.0
GPT35-72,0.0,4.0,1.0,3.0,8.0,2.0,14.0,2.0,1.0,8.0,0.0,7.0,6.0,1.0,4.0,2.0,2.0,5.0,3.0,1.0,13.0,2.0,2.0,2.0,8.0,1.0,2.0,3.0,1.0,2.0,0.0,2.0,2.0,2.0,3.0,3.0,3.0,2.0,0.0,1.0,5.0,6.0,3.0,3.0,6.0,5.0,1.0,2.0,2.0,2.0
GPT35-73,0.0,3.0,1.0,3.0,8.0,2.0,14.0,2.0,1.0,8.0,0.0,7.0,9.0,1.0,4.0,0.0,2.0,5.0,0.0,1.0,13.0,2.0,3.0,2.0,8.0,1.0,2.0,3.0,1.0,3.0,1.0,1.0,3.0,1.0,3.0,3.0,3.0,2.0,0.0,1.0,5.0,4.0,3.0,3.0,5.0,5.0,4.0,2.0,2.0,2.0
GPT35-74,0.0,2.0,1.0,3.0,8.0,2.0,14.0,1.0,1.0,9.0,0.0,5.0,6.0,1.0,4.0,0.0,4.0,5.0,0.0,1.0,11.0,2.0,0.0,2.0,8.0,1.0,2.0,3.0,2.0,2.0,1.0,1.0,3.0,1.0,3.0,3.0,3.0,2.0,0.0,1.0,5.0,5.0,3.0,3.0,6.0,2.0,4.0,2.0,2.0,2.0
GPT35-75,0.0,4.0,1.0,3.0,8.0,1.0,14.0,1.0,1.0,8.0,0.0,5.0,6.0,1.0,4.0,0.0,4.0,5.0,3.0,1.0,13.0,2.0,2.0,3.0,6.0,1.0,2.0,3.0,2.0,1.0,1.0,1.0,3.0,1.0,4.0,3.0,3.0,2.0,0.0,1.0,5.0,5.0,3.0,3.0,6.0,5.0,4.0,2.0,2.0,2.0
GPT35-76,0.0,2.0,1.0,3.0,8.0,1.0,14.0,1.0,1.0,8.0,0.0,7.0,6.0,0.0,4.0,0.0,2.0,5.0,0.0,1.0,13.0,2.0,0.0,2.0,6.0,1.0,2.0,2.0,1.0,2.0,1.0,0.0,3.0,1.0,3.0,3.0,3.0,2.0,0.0,1.0,5.0,3.0,3.0,3.0,6.0,3.0,4.0,2.0,2.0,2.0
GPT35-77,0.0,3.0,1.0,3.0,8.0,1.0,14.0,1.0,1.0,10.0,0.0,7.0,6.0,1.0,4.0,0.0,2.0,5.0,0.0,1.0,13.0,2.0,2.0,2.0,8.0,0.0,2.0,3.0,2.0,2.0,1.0,1.0,2.0,1.0,3.0,3.0,3.0,2.0,0.0,2.0,5.0,6.0,3.0,3.0,6.0,5.0,4.0,2.0,0.0,2.0
GPT35-78,0.0,3.0,1.0,3.0,8.0,2.0,14.0,2.0,1.0,8.0,0.0,7.0,6.0,1.0,4.0,2.0,4.0,5.0,0.0,1.0,12.0,4.0,2.0,2.0,8.0,1.0,2.0,0.0,1.0,2.0,1.0,1.0,2.0,2.0,3.0,3.0,3.0,2.0,0.0,1.0,5.0,6.0,3.0,3.0,6.0,3.0,4.0,2.0,2.0,2.0
GPT35-79,0.0,3.0,1.0,3.0,8.0,2.0,14.0,2.0,1.0,10.0,0.0,5.0,9.0,3.0,4.0,2.0,0.0,5.0,0.0,1.0,11.0,2.0,2.0,2.0,8.0,1.0,2.0,3.0,1.0,2.0,1.0,1.0,2.0,2.0,3.0,3.0,3.0,2.0,0.0,1.0,3.0,5.0,3.0,3.0,6.0,3.0,4.0,2.0,0.0,2.0
GPT35-80,0.0,4.0,1.0,3.0,8.0,2.0,14.0,1.0,1.0,7.0,0.0,7.0,9.0,0.0,4.0,2.0,4.0,5.0,0.0,1.0,11.0,2.0,1.0,2.0,8.0,1.0,2.0,3.0,2.0,1.0,1.0,1.0,3.0,1.0,4.0,3.0,3.0,2.0,0.0,1.0,5.0,2.0,3.0,3.0,6.0,3.0,3.0,2.0,2.0,2.0
GPT35-81,0.0,4.0,1.0,3.0,8.0,2.0,14.0,1.0,1.0,8.0,0.0,7.0,6.0,1.0,4.0,0.0,4.0,5.0,0.0,1.0,13.0,2.0,3.0,2.0,8.0,0.0,2.0,2.0,2.0,2.0,1.0,1.0,3.0,2.0,3.0,3.0,3.0,2.0,0.0,2.0,4.0,3.0,3.0,5.0,6.0,3.0,4.0,2.0,2.0,2.0
GPT35-82,0.0,2.0,1.0,3.0,8.0,2.0,14.0,2.0,1.0,10.0,0.0,5.0,9.0,0.0,4.0,2.0,4.0,5.0,0.0,0.0,13.0,2.0,0.0,2.0,8.0,1.0,2.0,3.0,2.0,2.0,0.0,2.0,2.0,2.0,3.0,3.0,3.0,4.0,0.0,1.0,5.0,3.0,3.0,3.0,5.0,5.0,4.0,2.0,2.0,2.0
GPT35-83,0.0,3.0,1.0,3.0,8.0,2.0,14.0,2.0,1.0,8.0,0.0,7.0,9.0,1.0,4.0,2.0,3.0,5.0,0.0,1.0,10.0,4.0,3.0,2.0,8.0,0.0,2.0,3.0,1.0,2.0,1.0,2.0,3.0,1.0,3.0,3.0,3.0,2.0,0.0,1.0,5.0,5.0,3.0,3.0,6.0,5.0,4.0,2.0,2.0,2.0
GPT35-84,0.0,4.0,1.0,3.0,8.0,2.0,14.0,2.0,1.0,8.0,0.0,5.0,9.0,1.0,4.0,0.0,0.0,5.0,0.0,1.0,13.0,4.0,1.0,2.0,8.0,1.0,2.0,3.0,2.0,2.0,0.0,1.0,2.0,1.0,3.0,3.0,3.0,2.0,0.0,1.0,5.0,5.0,3.0,3.0,6.0,5.0,4.0,2.0,2.0,2.0
GPT35-85,0.0,3.0,1.0,3.0,8.0,2.0,14.0,1.0,1.0,8.0,0.0,5.0,9.0,0.0,4.0,0.0,2.0,5.0,0.0,1.0,10.0,4.0,3.0,2.0,6.0,1.0,2.0,3.0,2.0,3.0,1.0,1.0,3.0,2.0,3.0,3.0,3.0,2.0,0.0,1.0,5.0,6.0,3.0,5.0,6.0,3.0,1.0,2.0,2.0,2.0
GPT35-86,0.0,2.0,1.0,3.0,8.0,2.0,14.0,1.0,1.0,8.0,0.0,5.0,8.0,2.0,4.0,2.0,2.0,5.0,0.0,1.0,12.0,2.0,3.0,2.0,8.0,1.0,2.0,2.0,2.0,2.0,1.0,1.0,2.0,1.0,3.0,3.0,3.0,4.0,0.0,1.0,5.0,4.0,2.0,3.0,6.0,5.0,3.0,2.0,0.0,2.0
GPT35-87,0.0,3.0,1.0,3.0,8.0,1.0,14.0,2.0,1.0,7.0,0.0,7.0,9.0,1.0,4.0,0.0,2.0,5.0,0.0,1.0,12.0,2.0,2.0,2.0,8.0,1.0,2.0,3.0,1.0,2.0,0.0,1.0,2.0,2.0,4.0,3.0,3.0,2.0,0.0,1.0,3.0,5.0,3.0,3.0,6.0,5.0,3.0,2.0,2.0,2.0
GPT35-88,0.0,3.0,1.0,3.0,8.0,2.0,14.0,1.0,1.0,8.0,0.0,7.0,9.0,1.0,4.0,0.0,4.0,5.0,0.0,1.0,10.0,2.0,3.0,2.0,8.0,1.0,2.0,3.0,1.0,2.0,1.0,1.0,2.0,2.0,4.0,3.0,3.0,2.0,0.0,1.0,5.0,5.0,3.0,3.0,5.0,5.0,4.0,2.0,2.0,2.0
GPT35-89,0.0,1.0,1.0,3.0,8.0,2.0,14.0,2.0,1.0,8.0,0.0,7.0,6.0,0.0,4.0,0.0,2.0,5.0,3.0,1.0,10.0,4.0,3.0,2.0,6.0,0.0,2.0,3.0,1.0,2.0,1.0,2.0,2.0,1.0,3.0,3.0,3.0,2.0,0.0,1.0,5.0,6.0,3.0,3.0,6.0,5.0,1.0,2.0,2.0,2.0
GPT35-90,0.0,3.0,1.0,3.0,8.0,2.0,14.0,1.0,1.0,10.0,0.0,7.0,6.0,1.0,4.0,0.0,2.0,5.0,0.0,1.0,11.0,3.0,3.0,2.0,8.0,1.0,2.0,3.0,2.0,2.0,1.0,1.0,3.0,1.0,3.0,3.0,3.0,2.0,0.0,1.0,5.0,3.0,3.0,3.0,6.0,5.0,3.0,2.0,0.0,2.0
GPT35-91,0.0,1.0,1.0,3.0,8.0,2.0,14.0,2.0,1.0,9.0,0.0,7.0,6.0,1.0,4.0,0.0,2.0,5.0,0.0,1.0,12.0,2.0,0.0,2.0,8.0,1.0,2.0,2.0,1.0,2.0,1.0,2.0,3.0,1.0,3.0,3.0,3.0,2.0,0.0,1.0,4.0,3.0,3.0,5.0,5.0,3.0,4.0,2.0,0.0,2.0
GPT35-92,0.0,3.0,1.0,3.0,8.0,1.0,14.0,2.0,1.0,10.0,0.0,5.0,8.0,1.0,4.0,2.0,2.0,5.0,0.0,1.0,13.0,4.0,1.0,2.0,8.0,1.0,2.0,3.0,1.0,2.0,1.0,2.0,3.0,2.0,4.0,3.0,3.0,2.0,0.0,1.0,5.0,5.0,3.0,3.0,6.0,5.0,4.0,2.0,2.0,2.0
GPT35-93,0.0,4.0,1.0,3.0,8.0,2.0,14.0,1.0,1.0,10.0,0.0,5.0,6.0,1.0,4.0,2.0,2.0,5.0,3.0,1.0,12.0,4.0,3.0,2.0,8.0,1.0,2.0,2.0,1.0,1.0,0.0,1.0,3.0,2.0,3.0,3.0,3.0,4.0,0.0,1.0,5.0,4.0,3.0,3.0,5.0,1.0,4.0,2.0,2.0,2.0
GPT35-94,0.0,3.0,1.0,3.0,7.0,2.0,14.0,2.0,1.0,7.0,0.0,5.0,9.0,1.0,4.0,0.0,0.0,5.0,0.0,1.0,10.0,4.0,2.0,2.0,6.0,0.0,2.0,2.0,1.0,1.0,1.0,1.0,2.0,1.0,3.0,3.0,3.0,2.0,0.0,1.0,5.0,2.0,3.0,3.0,6.0,5.0,4.0,2.0,2.0,2.0
GPT35-95,0.0,1.0,1.0,3.0,8.0,2.0,14.0,1.0,1.0,8.0,0.0,5.0,9.0,1.0,4.0,0.0,4.0,5.0,0.0,1.0,13.0,2.0,3.0,2.0,8.0,1.0,2.0,3.0,2.0,1.0,1.0,0.0,2.0,1.0,3.0,3.0,3.0,2.0,0.0,1.0,5.0,5.0,3.0,3.0,5.0,5.0,4.0,2.0,2.0,2.0
GPT35-96,0.0,1.0,1.0,3.0,8.0,2.0,14.0,1.0,1.0,8.0,0.0,5.0,9.0,2.0,4.0,0.0,4.0,5.0,0.0,1.0,10.0,4.0,2.0,2.0,8.0,1.0,2.0,3.0,1.0,2.0,0.0,0.0,2.0,1.0,3.0,3.0,3.0,2.0,0.0,1.0,5.0,5.0,3.0,3.0,6.0,5.0,4.0,2.0,2.0,2.0
GPT35-97,0.0,2.0,1.0,3.0,8.0,2.0,14.0,1.0,1.0,8.0,0.0,5.0,9.0,1.0,4.0,0.0,2.0,5.0,3.0,0.0,13.0,2.0,2.0,3.0,6.0,1.0,2.0,3.0,1.0,2.0,0.0,1.0,2.0,2.0,3.0,3.0,3.0,2.0,0.0,2.0,5.0,3.0,3.0,3.0,6.0,3.0,4.0,2.0,2.0,2.0
GPT35-98,0.0,1.0,1.0,3.0,8.0,2.0,14.0,2.0,1.0,8.0,0.0,7.0,9.0,1.0,4.0,0.0,2.0,5.0,3.0,1.0,13.0,4.0,2.0,1.0,8.0,0.0,2.0,3.0,2.0,2.0,1.0,2.0,3.0,2.0,3.0,3.0,3.0,4.0,0.0,1.0,5.0,2.0,3.0,5.0,6.0,3.0,4.0,2.0,2.0,2.0
GPT35-99,0.0,3.0,1.0,2.0,8.0,2.0,14.0,2.0,1.0,8.0,0.0,5.0,9.0,1.0,4.0,0.0,2.0,5.0,0.0,1.0,12.0,2.0,3.0,2.0,8.0,1.0,2.0,3.0,1.0,3.0,2.0,1.0,2.0,1.0,3.0,3.0,3.0,2.0,2.0,1.0,5.0,3.0,3.0,3.0,6.0,5.0,4.0,2.0,2.0,2.0
GPT35-100,0.0,4.0,1.0,3.0,8.0,2.0,14.0,2.0,1.0,8.0,0.0,7.0,9.0,2.0,4.0,2.0,2.0,5.0,3.0,1.0,13.0,2.0,3.0,2.0,8.0,1.0,2.0,3.0,2.0,1.0,1.0,1.0,3.0,1.0,4.0,3.0,3.0,4.0,0.0,1.0,5.0,3.0,3.0,3.0,6.0,3.0,3.0,2.0,2.0,2.0
GPT4o-1,0.0,4.0,1.0,3.0,8.0,2.0,14.0,2.0,1.0,9.0,1.0,7.0,9.0,3.0,4.0,2.0,4.0,5.0,3.0,3.0,13.0,4.0,3.0,3.0,8.0,0.0,2.0,3.0,2.0,3.0,1.0,1.0,3.0,1.0,4.0,4.0,5.0,5.0,2.0,2.0,5.0,3.0,3.0,5.0,6.0,5.0,2.0,2.0,4.0,2.0
GPT4o-2,2.0,4.0,1.0,3.0,8.0,2.0,14.0,2.0,1.0,9.0,1.0,7.0,9.0,3.0,4.0,2.0,4.0,5.0,3.0,3.0,13.0,4.0,3.0,3.0,8.0,0.0,2.0,3.0,2.0,3.0,1.0,1.0,3.0,1.0,4.0,4.0,5.0,3.0,2.0,2.0,5.0,3.0,1.0,5.0,6.0,5.0,2.0,3.0,4.0,2.0
GPT4o-3,2.0,3.0,1.0,3.0,8.0,2.0,14.0,2.0,1.0,8.0,1.0,7.0,9.0,3.0,4.0,2.0,4.0,5.0,3.0,3.0,13.0,4.0,3.0,3.0,8.0,1.0,2.0,3.0,2.0,3.0,2.0,1.0,3.0,2.0,4.0,4.0,5.0,3.0,2.0,2.0,5.0,3.0,3.0,5.0,6.0,5.0,2.0,3.0,4.0,2.0
GPT4o-4,0.0,4.0,1.0,3.0,8.0,2.0,13.0,2.0,1.0,9.0,1.0,7.0,9.0,3.0,4.0,2.0,4.0,5.0,3.0,3.0,13.0,4.0,3.0,2.0,8.0,0.0,2.0,3.0,2.0,3.0,1.0,1.0,2.0,1.0,4.0,3.0,5.0,3.0,2.0,2.0,5.0,3.0,3.0,5.0,6.0,5.0,2.0,3.0,4.0,2.0
GPT4o-5,2.0,4.0,1.0,3.0,8.0,2.0,14.0,2.0,1.0,8.0,1.0,7.0,7.0,2.0,4.0,2.0,4.0,5.0,3.0,3.0,13.0,4.0,3.0,2.0,8.0,0.0,2.0,3.0,2.0,3.0,1.0,1.0,3.0,1.0,4.0,4.0,5.0,5.0,2.0,2.0,5.0,3.0,1.0,5.0,6.0,5.0,2.0,2.0,4.0,2.0
GPT4o-6,0.0,3.0,1.0,3.0,8.0,2.0,14.0,2.0,1.0,8.0,1.0,7.0,9.0,3.0,4.0,2.0,4.0,5.0,0.0,3.0,13.0,4.0,3.0,3.0,8.0,0.0,2.0,3.0,2.0,3.0,1.0,1.0,3.0,1.0,4.0,4.0,5.0,3.0,2.0,2.0,5.0,3.0,3.0,5.0,6.0,5.0,2.0,2.0,4.0,2.0
GPT4o-7,0.0,3.0,1.0,3.0,8.0,2.0,13.0,2.0,1.0,9.0,1.0,7.0,9.0,2.0,4.0,2.0,4.0,5.0,0.0,3.0,13.0,4.0,3.0,2.0,8.0,0.0,2.0,3.0,2.0,3.0,2.0,1.0,3.0,1.0,3.0,3.0,5.0,3.0,2.0,2.0,5.0,3.0,3.0,5.0,6.0,5.0,2.0,3.0,4.0,2.0
GPT4o-8,2.0,4.0,1.0,3.0,8.0,2.0,14.0,2.0,1.0,9.0,1.0,7.0,9.0,3.0,4.0,2.0,4.0,5.0,3.0,3.0,13.0,4.0,3.0,3.0,8.0,0.0,2.0,3.0,2.0,3.0,1.0,1.0,2.0,1.0,4.0,3.0,5.0,3.0,2.0,2.0,5.0,3.0,3.0,5.0,6.0,5.0,2.0,3.0,4.0,2.0
GPT4o-9,0.0,4.0,1.0,3.0,8.0,2.0,14.0,2.0,1.0,8.0,1.0,7.0,9.0,3.0,4.0,2.0,4.0,5.0,3.0,3.0,13.0,4.0,3.0,3.0,8.0,0.0,2.0,3.0,2.0,3.0,1.0,1.0,3.0,1.0,3.0,4.0,5.0,3.0,2.0,2.0,5.0,3.0,3.0,5.0,6.0,5.0,2.0,2.0,4.0,2.0
GPT4o-10,2.0,2.0,1.0,3.0,8.0,2.0,14.0,2.0,1.0,8.0,1.0,7.0,9.0,3.0,4.0,2.0,4.0,5.0,3.0,3.0,13.0,4.0,3.0,3.0,8.0,0.0,2.0,3.0,2.0,3.0,1.0,1.0,2.0,1.0,4.0,3.0,5.0,3.0,2.0,2.0,5.0,3.0,1.0,5.0,6.0,5.0,4.0,3.0,4.0,2.0
GPT4o-11,0.0,4.0,1.0,3.0,8.0,2.0,14.0,2.0,1.0,8.0,1.0,7.0,9.0,3.0,4.0,2.0,4.0,5.0,3.0,3.0,13.0,4.0,3.0,2.0,8.0,0.0,2.0,3.0,2.0,3.0,1.0,1.0,3.0,1.0,4.0,3.0,5.0,3.0,2.0,2.0,5.0,2.0,3.0,5.0,6.0,5.0,2.0,3.0,4.0,2.0
GPT4o-12,0.0,4.0,1.0,3.0,8.0,2.0,14.0,2.0,1.0,9.0,1.0,7.0,9.0,3.0,4.0,2.0,4.0,5.0,3.0,3.0,13.0,4.0,3.0,3.0,8.0,0.0,2.0,3.0,2.0,3.0,1.0,1.0,3.0,1.0,4.0,3.0,5.0,3.0,2.0,2.0,5.0,3.0,3.0,5.0,6.0,5.0,2.0,3.0,4.0,2.0
GPT4o-13,2.0,3.0,1.0,3.0,8.0,2.0,14.0,2.0,1.0,10.0,1.0,7.0,9.0,3.0,4.0,2.0,4.0,5.0,3.0,3.0,13.0,4.0,3.0,3.0,8.0,0.0,2.0,3.0,2.0,3.0,1.0,1.0,3.0,2.0,4.0,3.0,5.0,3.0,2.0,2.0,5.0,3.0,3.0,5.0,5.0,5.0,2.0,3.0,4.0,2.0
GPT4o-14,2.0,4.0,1.0,3.0,8.0,2.0,14.0,2.0,1.0,8.0,1.0,7.0,9.0,3.0,4.0,2.0,4.0,5.0,3.0,3.0,13.0,4.0,3.0,3.0,8.0,0.0,2.0,3.0,2.0,3.0,1.0,1.0,3.0,1.0,4.0,3.0,5.0,3.0,2.0,2.0,5.0,3.0,1.0,5.0,6.0,5.0,2.0,3.0,4.0,2.0
GPT4o-15,2.0,4.0,1.0,3.0,8.0,2.0,13.0,2.0,1.0,8.0,1.0,7.0,9.0,3.0,4.0,2.0,4.0,5.0,0.0,3.0,13.0,4.0,3.0,2.0,8.0,1.0,2.0,3.0,2.0,3.0,1.0,2.0,3.0,1.0,3.0,3.0,5.0,3.0,2.0,2.0,5.0,2.0,3.0,5.0,6.0,5.0,2.0,3.0,4.0,2.0
GPT4o-16,0.0,4.0,1.0,3.0,8.0,2.0,13.0,2.0,1.0,8.0,1.0,7.0,9.0,3.0,4.0,2.0,4.0,5.0,3.0,3.0,13.0,4.0,3.0,3.0,8.0,0.0,2.0,3.0,2.0,3.0,1.0,1.0,2.0,2.0,4.0,3.0,5.0,5.0,2.0,2.0,5.0,3.0,3.0,5.0,6.0,5.0,2.0,3.0,4.0,2.0
GPT4o-17,2.0,4.0,1.0,3.0,8.0,2.0,14.0,2.0,1.0,9.0,1.0,7.0,9.0,3.0,4.0,2.0,4.0,5.0,0.0,3.0,13.0,4.0,3.0,3.0,8.0,1.0,2.0,3.0,2.0,3.0,1.0,1.0,3.0,1.0,4.0,3.0,5.0,3.0,2.0,2.0,5.0,3.0,1.0,5.0,6.0,5.0,2.0,2.0,4.0,2.0
GPT4o-18,2.0,3.0,1.0,3.0,8.0,2.0,14.0,2.0,1.0,9.0,1.0,7.0,9.0,3.0,4.0,2.0,4.0,5.0,0.0,3.0,13.0,4.0,3.0,3.0,8.0,1.0,2.0,3.0,2.0,3.0,1.0,1.0,3.0,1.0,4.0,3.0,5.0,3.0,2.0,2.0,5.0,3.0,3.0,5.0,6.0,5.0,2.0,2.0,4.0,2.0
GPT4o-19,0.0,4.0,1.0,3.0,8.0,2.0,14.0,2.0,1.0,9.0,1.0,7.0,9.0,2.0,4.0,2.0,4.0,5.0,3.0,3.0,13.0,4.0,3.0,2.0,8.0,0.0,2.0,3.0,2.0,3.0,1.0,1.0,3.0,1.0,4.0,3.0,5.0,3.0,2.0,2.0,5.0,3.0,3.0,5.0,6.0,5.0,2.0,3.0,4.0,2.0
GPT4o-20,0.0,4.0,1.0,3.0,8.0,2.0,14.0,2.0,1.0,9.0,1.0,7.0,9.0,2.0,4.0,2.0,4.0,5.0,3.0,3.0,13.0,4.0,3.0,3.0,8.0,0.0,2.0,3.0,2.0,3.0,1.0,1.0,2.0,1.0,4.0,3.0,5.0,5.0,2.0,2.0,5.0,3.0,1.0,5.0,6.0,5.0,4.0,2.0,4.0,2.0
GPT4o-21,0.0,2.0,1.0,3.0,8.0,2.0,14.0,2.0,1.0,8.0,1.0,7.0,9.0,3.0,4.0,2.0,4.0,5.0,3.0,3.0,13.0,4.0,3.0,2.0,8.0,1.0,2.0,3.0,2.0,3.0,1.0,1.0,3.0,1.0,4.0,4.0,5.0,3.0,2.0,2.0,5.0,3.0,3.0,5.0,6.0,5.0,2.0,3.0,4.0,2.0
GPT4o-22,2.0,3.0,1.0,3.0,8.0,2.0,14.0,2.0,1.0,7.0,1.0,7.0,9.0,3.0,4.0,2.0,4.0,5.0,3.0,3.0,13.0,4.0,3.0,2.0,8.0,0.0,2.0,3.0,2.0,3.0,1.0,1.0,3.0,1.0,4.0,3.0,5.0,3.0,2.0,2.0,5.0,3.0,1.0,5.0,6.0,5.0,2.0,2.0,4.0,2.0
GPT4o-23,0.0,4.0,1.0,3.0,8.0,2.0,13.0,2.0,1.0,9.0,1.0,7.0,9.0,3.0,4.0,2.0,4.0,5.0,3.0,3.0,13.0,4.0,3.0,3.0,8.0,1.0,2.0,3.0,2.0,3.0,1.0,1.0,3.0,1.0,4.0,3.0,5.0,5.0,2.0,2.0,5.0,3.0,1.0,5.0,6.0,5.0,2.0,2.0,4.0,2.0
GPT4o-24,2.0,4.0,1.0,3.0,8.0,2.0,14.0,2.0,1.0,9.0,1.0,7.0,9.0,3.0,4.0,2.0,4.0,5.0,3.0,3.0,13.0,4.0,3.0,3.0,8.0,1.0,2.0,3.0,2.0,3.0,1.0,1.0,2.0,1.0,4.0,3.0,5.0,3.0,2.0,2.0,5.0,3.0,1.0,5.0,6.0,5.0,2.0,2.0,4.0,2.0
GPT4o-25,2.0,4.0,1.0,3.0,8.0,2.0,14.0,2.0,1.0,8.0,1.0,7.0,9.0,3.0,4.0,2.0,4.0,5.0,3.0,3.0,13.0,4.0,3.0,2.0,8.0,0.0,2.0,3.0,2.0,3.0,1.0,1.0,3.0,2.0,4.0,3.0,5.0,3.0,2.0,2.0,5.0,3.0,1.0,5.0,6.0,5.0,4.0,2.0,4.0,2.0
GPT4o-26,2.0,4.0,1.0,3.0,8.0,2.0,14.0,2.0,1.0,8.0,1.0,7.0,9.0,3.0,4.0,2.0,4.0,5.0,3.0,3.0,13.0,4.0,3.0,2.0,8.0,0.0,2.0,3.0,2.0,3.0,1.0,1.0,3.0,1.0,4.0,3.0,5.0,3.0,2.0,2.0,5.0,3.0,3.0,5.0,6.0,5.0,2.0,3.0,4.0,2.0
GPT4o-27,2.0,4.0,1.0,3.0,8.0,2.0,14.0,2.0,1.0,8.0,1.0,7.0,9.0,3.0,4.0,2.0,4.0,5.0,0.0,3.0,13.0,4.0,3.0,3.0,8.0,0.0,2.0,3.0,2.0,3.0,1.0,1.0,3.0,1.0,3.0,3.0,5.0,5.0,2.0,2.0,5.0,3.0,3.0,5.0,6.0,5.0,2.0,3.0,4.0,2.0
GPT4o-28,0.0,4.0,1.0,3.0,8.0,2.0,14.0,2.0,1.0,9.0,1.0,7.0,9.0,3.0,4.0,2.0,4.0,5.0,0.0,3.0,13.0,4.0,3.0,2.0,8.0,0.0,2.0,3.0,2.0,3.0,1.0,1.0,3.0,2.0,4.0,4.0,5.0,3.0,2.0,2.0,5.0,3.0,3.0,5.0,6.0,5.0,2.0,2.0,4.0,2.0
GPT4o-29,0.0,4.0,1.0,3.0,8.0,2.0,13.0,2.0,1.0,9.0,1.0,7.0,9.0,3.0,4.0,2.0,4.0,5.0,3.0,3.0,13.0,4.0,3.0,4.0,8.0,0.0,2.0,3.0,2.0,3.0,1.0,1.0,3.0,1.0,4.0,4.0,5.0,3.0,2.0,2.0,5.0,3.0,1.0,5.0,6.0,5.0,2.0,2.0,4.0,2.0
GPT4o-30,2.0,4.0,1.0,3.0,8.0,2.0,14.0,2.0,1.0,9.0,1.0,7.0,9.0,2.0,4.0,2.0,4.0,2.0,3.0,3.0,13.0,4.0,3.0,3.0,8.0,0.0,2.0,3.0,2.0,3.0,1.0,1.0,3.0,1.0,4.0,3.0,5.0,3.0,2.0,2.0,5.0,3.0,3.0,5.0,6.0,5.0,2.0,2.0,4.0,2.0
GPT4o-31,0.0,4.0,1.0,3.0,8.0,2.0,13.0,2.0,1.0,8.0,1.0,7.0,9.0,3.0,4.0,2.0,4.0,5.0,3.0,3.0,13.0,4.0,3.0,3.0,8.0,0.0,2.0,3.0,2.0,3.0,1.0,1.0,2.0,1.0,4.0,3.0,5.0,3.0,2.0,2.0,5.0,3.0,3.0,5.0,6.0,5.0,2.0,3.0,4.0,2.0
GPT4o-32,2.0,4.0,1.0,3.0,8.0,2.0,14.0,2.0,1.0,8.0,1.0,7.0,9.0,3.0,4.0,2.0,4.0,5.0,3.0,3.0,13.0,4.0,3.0,2.0,8.0,0.0,2.0,3.0,2.0,3.0,1.0,1.0,2.0,1.0,4.0,4.0,5.0,3.0,2.0,2.0,5.0,3.0,3.0,5.0,6.0,5.0,2.0,2.0,4.0,2.0
GPT4o-33,0.0,4.0,1.0,3.0,8.0,2.0,14.0,2.0,1.0,9.0,1.0,7.0,9.0,2.0,4.0,2.0,4.0,2.0,3.0,3.0,13.0,4.0,3.0,2.0,8.0,0.0,2.0,3.0,2.0,3.0,1.0,1.0,3.0,1.0,4.0,4.0,5.0,3.0,2.0,2.0,5.0,3.0,1.0,5.0,6.0,5.0,4.0,2.0,4.0,2.0
GPT4o-34,0.0,4.0,1.0,3.0,8.0,2.0,14.0,2.0,1.0,9.0,1.0,7.0,9.0,3.0,4.0,2.0,4.0,5.0,3.0,3.0,13.0,4.0,3.0,3.0,8.0,0.0,2.0,3.0,2.0,3.0,1.0,1.0,3.0,1.0,3.0,4.0,5.0,3.0,2.0,2.0,5.0,3.0,3.0,5.0,6.0,5.0,2.0,3.0,4.0,2.0
GPT4o-35,0.0,4.0,1.0,3.0,8.0,2.0,14.0,2.0,1.0,9.0,1.0,7.0,9.0,3.0,4.0,2.0,4.0,5.0,3.0,3.0,13.0,4.0,3.0,3.0,8.0,0.0,2.0,3.0,2.0,3.0,1.0,1.0,3.0,1.0,4.0,3.0,5.0,5.0,2.0,2.0,5.0,3.0,1.0,5.0,6.0,5.0,2.0,2.0,4.0,2.0
GPT4o-36,0.0,4.0,1.0,3.0,8.0,2.0,13.0,2.0,1.0,9.0,1.0,7.0,9.0,2.0,4.0,2.0,4.0,5.0,3.0,3.0,13.0,4.0,3.0,3.0,8.0,0.0,2.0,3.0,2.0,3.0,1.0,1.0,3.0,1.0,4.0,4.0,5.0,3.0,2.0,2.0,5.0,3.0,3.0,5.0,6.0,5.0,2.0,3.0,4.0,2.0
GPT4o-37,2.0,3.0,1.0,3.0,8.0,2.0,14.0,2.0,1.0,9.0,1.0,7.0,9.0,2.0,4.0,2.0,4.0,5.0,0.0,3.0,13.0,4.0,3.0,3.0,8.0,0.0,2.0,3.0,2.0,3.0,1.0,1.0,3.0,1.0,4.0,3.0,5.0,3.0,2.0,2.0,5.0,3.0,1.0,5.0,6.0,5.0,2.0,3.0,4.0,2.0
GPT4o-38,2.0,4.0,1.0,3.0,8.0,2.0,14.0,2.0,1.0,8.0,1.0,7.0,9.0,3.0,4.0,2.0,4.0,5.0,3.0,3.0,13.0,4.0,3.0,3.0,8.0,0.0,2.0,3.0,2.0,3.0,1.0,1.0,3.0,1.0,4.0,3.0,5.0,3.0,2.0,2.0,5.0,3.0,1.0,5.0,6.0,5.0,2.0,3.0,4.0,2.0
GPT4o-39,2.0,4.0,1.0,3.0,8.0,2.0,13.0,2.0,1.0,9.0,1.0,7.0,9.0,3.0,4.0,2.0,4.0,5.0,0.0,3.0,13.0,4.0,3.0,3.0,8.0,0.0,2.0,3.0,2.0,3.0,2.0,1.0,2.0,1.0,4.0,4.0,5.0,5.0,2.0,2.0,5.0,3.0,3.0,5.0,6.0,5.0,2.0,3.0,4.0,2.0
GPT4o-40,0.0,4.0,1.0,3.0,8.0,2.0,14.0,2.0,1.0,8.0,1.0,7.0,9.0,3.0,4.0,2.0,4.0,5.0,3.0,3.0,13.0,4.0,3.0,3.0,8.0,0.0,2.0,3.0,2.0,3.0,1.0,1.0,3.0,1.0,4.0,3.0,5.0,5.0,2.0,2.0,5.0,3.0,3.0,5.0,6.0,5.0,2.0,2.0,4.0,2.0
GPT4o-41,0.0,4.0,1.0,3.0,8.0,2.0,14.0,2.0,1.0,9.0,1.0,7.0,9.0,3.0,4.0,2.0,4.0,5.0,3.0,3.0,13.0,4.0,3.0,3.0,8.0,0.0,2.0,3.0,2.0,3.0,1.0,1.0,3.0,1.0,4.0,3.0,5.0,5.0,2.0,2.0,5.0,3.0,3.0,5.0,6.0,5.0,4.0,3.0,4.0,2.0
GPT4o-42,0.0,3.0,1.0,3.0,8.0,2.0,13.0,2.0,1.0,8.0,1.0,7.0,9.0,3.0,4.0,2.0,4.0,2.0,0.0,3.0,13.0,4.0,3.0,3.0,8.0,1.0,2.0,3.0,2.0,3.0,1.0,2.0,3.0,1.0,4.0,3.0,5.0,5.0,2.0,2.0,5.0,3.0,3.0,5.0,6.0,5.0,2.0,2.0,4.0,2.0
GPT4o-43,0.0,4.0,1.0,3.0,8.0,2.0,14.0,2.0,1.0,9.0,1.0,7.0,9.0,3.0,4.0,2.0,4.0,5.0,3.0,3.0,13.0,4.0,3.0,3.0,8.0,0.0,2.0,3.0,2.0,3.0,1.0,1.0,2.0,1.0,4.0,4.0,5.0,3.0,2.0,2.0,5.0,3.0,3.0,5.0,6.0,5.0,2.0,2.0,4.0,2.0
GPT4o-44,2.0,4.0,1.0,3.0,8.0,2.0,14.0,2.0,1.0,8.0,1.0,7.0,9.0,3.0,4.0,2.0,4.0,5.0,3.0,3.0,13.0,4.0,3.0,2.0,8.0,0.0,2.0,3.0,2.0,3.0,1.0,1.0,3.0,1.0,4.0,3.0,5.0,3.0,2.0,2.0,5.0,3.0,1.0,5.0,6.0,5.0,2.0,3.0,4.0,2.0
GPT4o-45,0.0,4.0,1.0,3.0,8.0,2.0,14.0,2.0,1.0,9.0,1.0,7.0,9.0,3.0,4.0,2.0,4.0,5.0,3.0,3.0,13.0,4.0,3.0,3.0,8.0,0.0,2.0,3.0,2.0,3.0,1.0,1.0,2.0,1.0,4.0,3.0,5.0,5.0,2.0,2.0,5.0,3.0,3.0,5.0,6.0,5.0,2.0,2.0,4.0,2.0
GPT4o-46,0.0,4.0,1.0,3.0,8.0,2.0,13.0,2.0,1.0,9.0,1.0,7.0,9.0,3.0,4.0,2.0,4.0,5.0,3.0,3.0,13.0,4.0,3.0,2.0,8.0,0.0,2.0,3.0,2.0,3.0,1.0,1.0,2.0,1.0,4.0,3.0,5.0,3.0,2.0,2.0,5.0,3.0,3.0,5.0,6.0,5.0,2.0,2.0,4.0,2.0
GPT4o-47,0.0,4.0,1.0,3.0,8.0,2.0,14.0,2.0,1.0,8.0,1.0,7.0,9.0,3.0,4.0,2.0,4.0,5.0,3.0,3.0,13.0,4.0,3.0,3.0,8.0,0.0,2.0,3.0,2.0,3.0,1.0,1.0,3.0,1.0,4.0,4.0,5.0,3.0,2.0,2.0,5.0,3.0,3.0,5.0,6.0,5.0,4.0,2.0,4.0,2.0
GPT4o-48,2.0,4.0,1.0,3.0,8.0,2.0,13.0,2.0,1.0,8.0,1.0,7.0,9.0,3.0,4.0,2.0,4.0,5.0,3.0,3.0,13.0,4.0,3.0,3.0,8.0,0.0,2.0,3.0,2.0,3.0,1.0,1.0,2.0,2.0,4.0,3.0,5.0,3.0,2.0,2.0,5.0,3.0,3.0,5.0,6.0,5.0,2.0,3.0,4.0,2.0
GPT4o-49,0.0,4.0,1.0,3.0,8.0,2.0,14.0,2.0,1.0,9.0,1.0,7.0,9.0,3.0,4.0,2.0,4.0,5.0,0.0,3.0,13.0,4.0,3.0,2.0,8.0,1.0,2.0,3.0,2.0,3.0,1.0,1.0,3.0,1.0,4.0,4.0,5.0,3.0,2.0,2.0,5.0,3.0,3.0,5.0,6.0,5.0,2.0,2.0,4.0,2.0
GPT4o-50,0.0,4.0,1.0,3.0,8.0,2.0,14.0,2.0,1.0,9.0,1.0,7.0,9.0,3.0,4.0,2.0,4.0,5.0,3.0,3.0,13.0,4.0,3.0,4.0,8.0,0.0,2.0,3.0,2.0,3.0,1.0,1.0,2.0,1.0,4.0,4.0,5.0,3.0,2.0,2.0,5.0,3.0,3.0,5.0,6.0,5.0,4.0,2.0,4.0,2.0
GPT4o-51,0.0,1.0,1.0,3.0,8.0,2.0,14.0,2.0,1.0,8.0,1.0,7.0,9.0,2.0,4.0,2.0,4.0,5.0,3.0,3.0,13.0,4.0,3.0,2.0,8.0,1.0,2.0,3.0,2.0,3.0,1.0,1.0,2.0,1.0,3.0,3.0,5.0,3.0,2.0,2.0,5.0,3.0,3.0,5.0,6.0,5.0,2.0,3.0,4.0,2.0
GPT4o-52,0.0,4.0,1.0,3.0,8.0,2.0,14.0,2.0,1.0,8.0,1.0,7.0,9.0,2.0,4.0,2.0,4.0,5.0,3.0,3.0,13.0,4.0,3.0,2.0,8.0,0.0,2.0,3.0,2.0,3.0,1.0,1.0,3.0,1.0,4.0,4.0,5.0,3.0,2.0,2.0,5.0,3.0,3.0,5.0,6.0,5.0,2.0,3.0,4.0,2.0
GPT4o-53,0.0,4.0,1.0,3.0,8.0,2.0,14.0,2.0,1.0,9.0,1.0,7.0,9.0,3.0,4.0,2.0,4.0,5.0,3.0,3.0,13.0,4.0,3.0,2.0,8.0,0.0,2.0,3.0,2.0,3.0,1.0,1.0,2.0,1.0,3.0,4.0,5.0,3.0,2.0,2.0,5.0,3.0,3.0,5.0,6.0,5.0,2.0,3.0,4.0,2.0
GPT4o-54,2.0,4.0,1.0,3.0,8.0,2.0,14.0,2.0,1.0,9.0,1.0,7.0,9.0,3.0,4.0,2.0,4.0,5.0,3.0,3.0,13.0,4.0,3.0,3.0,8.0,0.0,2.0,3.0,2.0,3.0,1.0,1.0,3.0,2.0,4.0,4.0,5.0,3.0,2.0,2.0,5.0,3.0,3.0,5.0,6.0,5.0,2.0,3.0,4.0,2.0
GPT4o-55,2.0,4.0,1.0,3.0,8.0,2.0,14.0,2.0,1.0,9.0,1.0,7.0,9.0,3.0,4.0,2.0,4.0,5.0,0.0,3.0,13.0,4.0,3.0,2.0,8.0,0.0,2.0,3.0,2.0,3.0,1.0,1.0,3.0,1.0,4.0,3.0,5.0,3.0,2.0,2.0,5.0,3.0,3.0,5.0,6.0,5.0,2.0,2.0,4.0,2.0
GPT4o-56,0.0,4.0,1.0,3.0,8.0,2.0,14.0,2.0,1.0,9.0,1.0,7.0,9.0,2.0,4.0,2.0,4.0,5.0,0.0,3.0,13.0,4.0,3.0,2.0,8.0,0.0,2.0,3.0,2.0,3.0,1.0,1.0,3.0,1.0,4.0,4.0,5.0,3.0,2.0,2.0,5.0,3.0,1.0,5.0,6.0,5.0,2.0,2.0,4.0,2.0
GPT4o-57,2.0,3.0,1.0,3.0,8.0,2.0,14.0,2.0,1.0,8.0,1.0,7.0,9.0,3.0,4.0,2.0,4.0,5.0,3.0,3.0,13.0,4.0,3.0,3.0,8.0,0.0,2.0,3.0,2.0,3.0,1.0,1.0,3.0,1.0,4.0,3.0,5.0,5.0,2.0,2.0,5.0,3.0,1.0,5.0,6.0,5.0,2.0,3.0,4.0,2.0
GPT4o-58,0.0,3.0,1.0,3.0,8.0,2.0,14.0,2.0,1.0,9.0,1.0,7.0,9.0,3.0,4.0,2.0,4.0,5.0,3.0,3.0,13.0,4.0,3.0,3.0,8.0,0.0,2.0,3.0,2.0,3.0,1.0,1.0,3.0,1.0,4.0,4.0,5.0,3.0,2.0,2.0,5.0,3.0,1.0,5.0,6.0,5.0,2.0,2.0,4.0,2.0
GPT4o-59,2.0,4.0,1.0,3.0,8.0,2.0,14.0,1.0,1.0,8.0,1.0,7.0,9.0,3.0,4.0,2.0,4.0,5.0,3.0,3.0,13.0,4.0,3.0,3.0,8.0,0.0,2.0,3.0,2.0,3.0,1.0,1.0,2.0,1.0,4.0,3.0,5.0,3.0,2.0,2.0,5.0,3.0,3.0,5.0,6.0,5.0,2.0,2.0,4.0,2.0
GPT4o-60,0.0,4.0,1.0,3.0,8.0,2.0,14.0,2.0,1.0,9.0,1.0,7.0,9.0,3.0,4.0,2.0,4.0,5.0,3.0,3.0,13.0,4.0,3.0,2.0,8.0,0.0,2.0,3.0,2.0,3.0,1.0,1.0,3.0,1.0,4.0,4.0,5.0,3.0,2.0,2.0,5.0,3.0,3.0,5.0,6.0,5.0,2.0,3.0,4.0,2.0
GPT4o-61,0.0,4.0,1.0,3.0,8.0,2.0,14.0,2.0,1.0,9.0,1.0,7.0,9.0,3.0,4.0,2.0,4.0,5.0,3.0,3.0,13.0,4.0,3.0,3.0,8.0,1.0,2.0,3.0,2.0,3.0,1.0,1.0,3.0,1.0,4.0,3.0,5.0,3.0,2.0,2.0,5.0,3.0,1.0,5.0,6.0,6.0,2.0,2.0,4.0,2.0
GPT4o-62,2.0,3.0,1.0,3.0,8.0,2.0,14.0,2.0,1.0,9.0,1.0,7.0,9.0,3.0,4.0,2.0,4.0,5.0,3.0,3.0,13.0,4.0,3.0,3.0,8.0,0.0,2.0,3.0,2.0,3.0,1.0,1.0,3.0,1.0,4.0,3.0,5.0,3.0,2.0,2.0,5.0,3.0,3.0,5.0,6.0,5.0,2.0,2.0,4.0,2.0
GPT4o-63,2.0,3.0,1.0,3.0,8.0,2.0,14.0,2.0,1.0,8.0,1.0,7.0,9.0,3.0,4.0,2.0,4.0,5.0,0.0,3.0,13.0,4.0,3.0,3.0,8.0,0.0,2.0,3.0,2.0,3.0,1.0,1.0,2.0,1.0,4.0,3.0,5.0,5.0,2.0,2.0,5.0,3.0,3.0,5.0,6.0,5.0,2.0,3.0,4.0,2.0
GPT4o-64,2.0,4.0,1.0,3.0,8.0,2.0,13.0,2.0,1.0,9.0,1.0,7.0,9.0,2.0,4.0,2.0,4.0,5.0,3.0,3.0,13.0,4.0,3.0,3.0,8.0,0.0,2.0,3.0,2.0,3.0,1.0,1.0,3.0,1.0,4.0,3.0,5.0,3.0,2.0,2.0,5.0,3.0,3.0,5.0,6.0,5.0,2.0,3.0,4.0,2.0
GPT4o-65,2.0,4.0,1.0,3.0,8.0,2.0,13.0,2.0,1.0,8.0,1.0,7.0,9.0,3.0,4.0,2.0,4.0,5.0,0.0,3.0,13.0,4.0,3.0,3.0,8.0,0.0,2.0,3.0,2.0,3.0,1.0,1.0,3.0,1.0,4.0,3.0,5.0,3.0,2.0,2.0,5.0,3.0,3.0,5.0,6.0,5.0,2.0,2.0,4.0,2.0
GPT4o-66,2.0,4.0,1.0,3.0,8.0,2.0,14.0,2.0,1.0,8.0,1.0,7.0,9.0,3.0,4.0,2.0,4.0,5.0,0.0,3.0,13.0,4.0,3.0,3.0,8.0,0.0,2.0,3.0,2.0,3.0,1.0,1.0,3.0,1.0,4.0,4.0,5.0,3.0,2.0,2.0,5.0,3.0,3.0,5.0,6.0,5.0,2.0,3.0,4.0,2.0
GPT4o-67,2.0,3.0,1.0,3.0,8.0,2.0,13.0,2.0,1.0,9.0,1.0,7.0,9.0,3.0,4.0,2.0,4.0,5.0,3.0,3.0,13.0,4.0,3.0,2.0,8.0,0.0,2.0,3.0,2.0,3.0,1.0,1.0,2.0,1.0,4.0,4.0,5.0,3.0,2.0,2.0,5.0,3.0,3.0,5.0,6.0,5.0,2.0,2.0,4.0,2.0
GPT4o-68,0.0,4.0,1.0,3.0,8.0,2.0,14.0,2.0,1.0,10.0,1.0,7.0,9.0,2.0,4.0,2.0,4.0,2.0,3.0,3.0,13.0,4.0,3.0,3.0,8.0,0.0,2.0,3.0,2.0,3.0,1.0,1.0,3.0,1.0,4.0,3.0,5.0,3.0,2.0,2.0,5.0,3.0,3.0,5.0,6.0,5.0,4.0,2.0,4.0,2.0
GPT4o-69,0.0,4.0,1.0,3.0,8.0,2.0,13.0,2.0,1.0,8.0,1.0,7.0,9.0,2.0,4.0,2.0,4.0,5.0,3.0,3.0,13.0,4.0,3.0,2.0,8.0,0.0,2.0,3.0,2.0,3.0,1.0,1.0,3.0,1.0,4.0,3.0,5.0,3.0,2.0,2.0,5.0,3.0,3.0,5.0,6.0,5.0,2.0,3.0,4.0,2.0
GPT4o-70,0.0,4.0,1.0,3.0,8.0,2.0,13.0,2.0,1.0,8.0,1.0,7.0,9.0,3.0,4.0,2.0,4.0,5.0,3.0,3.0,13.0,4.0,3.0,2.0,8.0,0.0,2.0,3.0,2.0,3.0,1.0,1.0,2.0,1.0,3.0,3.0,5.0,3.0,2.0,2.0,5.0,3.0,1.0,5.0,6.0,5.0,2.0,2.0,4.0,2.0
GPT4o-71,0.0,4.0,1.0,3.0,8.0,2.0,14.0,2.0,1.0,9.0,1.0,7.0,9.0,3.0,4.0,2.0,4.0,2.0,3.0,3.0,13.0,4.0,3.0,3.0,8.0,0.0,2.0,3.0,2.0,3.0,1.0,1.0,3.0,2.0,4.0,3.0,5.0,3.0,2.0,2.0,5.0,3.0,3.0,5.0,6.0,5.0,2.0,2.0,4.0,2.0
GPT4o-72,2.0,4.0,1.0,3.0,8.0,2.0,14.0,2.0,1.0,8.0,1.0,7.0,9.0,3.0,4.0,2.0,4.0,5.0,3.0,3.0,13.0,4.0,3.0,3.0,8.0,0.0,2.0,3.0,2.0,3.0,1.0,1.0,3.0,2.0,4.0,3.0,5.0,3.0,2.0,2.0,5.0,3.0,3.0,5.0,6.0,5.0,2.0,3.0,4.0,2.0
GPT4o-73,0.0,4.0,1.0,3.0,8.0,2.0,13.0,2.0,1.0,9.0,1.0,7.0,9.0,3.0,4.0,2.0,4.0,5.0,3.0,3.0,13.0,4.0,3.0,2.0,8.0,0.0,2.0,3.0,2.0,3.0,1.0,1.0,3.0,2.0,4.0,3.0,5.0,3.0,2.0,2.0,5.0,3.0,1.0,5.0,6.0,5.0,4.0,2.0,4.0,2.0
GPT4o-74,0.0,4.0,1.0,3.0,8.0,2.0,14.0,2.0,1.0,9.0,1.0,7.0,9.0,3.0,4.0,2.0,4.0,5.0,3.0,3.0,13.0,4.0,3.0,3.0,8.0,0.0,2.0,3.0,2.0,3.0,1.0,1.0,3.0,1.0,3.0,3.0,5.0,5.0,2.0,2.0,5.0,3.0,1.0,5.0,6.0,5.0,2.0,2.0,4.0,2.0
GPT4o-75,0.0,4.0,1.0,3.0,8.0,2.0,13.0,2.0,1.0,8.0,1.0,7.0,9.0,3.0,4.0,2.0,4.0,5.0,3.0,3.0,13.0,4.0,3.0,3.0,8.0,0.0,2.0,3.0,2.0,3.0,1.0,1.0,2.0,1.0,4.0,3.0,5.0,3.0,2.0,2.0,5.0,3.0,3.0,5.0,6.0,5.0,2.0,3.0,4.0,2.0
GPT4o-76,2.0,4.0,1.0,3.0,8.0,2.0,13.0,2.0,1.0,9.0,1.0,7.0,9.0,3.0,4.0,2.0,4.0,5.0,0.0,3.0,13.0,4.0,3.0,2.0,8.0,0.0,2.0,3.0,2.0,3.0,1.0,1.0,2.0,2.0,4.0,3.0,5.0,3.0,2.0,2.0,5.0,3.0,1.0,5.0,6.0,5.0,2.0,3.0,4.0,2.0
GPT4o-77,2.0,3.0,1.0,3.0,8.0,2.0,13.0,2.0,1.0,10.0,1.0,7.0,9.0,3.0,4.0,2.0,4.0,5.0,3.0,3.0,13.0,4.0,3.0,3.0,8.0,1.0,2.0,3.0,2.0,3.0,1.0,1.0,3.0,1.0,4.0,3.0,5.0,3.0,2.0,2.0,5.0,3.0,3.0,5.0,6.0,5.0,2.0,2.0,4.0,2.0
GPT4o-78,0.0,4.0,1.0,3.0,8.0,2.0,14.0,2.0,1.0,8.0,1.0,7.0,9.0,2.0,4.0,2.0,4.0,5.0,3.0,3.0,13.0,4.0,3.0,3.0,8.0,0.0,2.0,3.0,2.0,3.0,1.0,1.0,3.0,1.0,4.0,4.0,5.0,3.0,2.0,2.0,5.0,3.0,3.0,5.0,6.0,6.0,2.0,3.0,4.0,2.0
GPT4o-79,0.0,4.0,1.0,3.0,8.0,2.0,13.0,2.0,1.0,9.0,1.0,7.0,9.0,3.0,4.0,2.0,4.0,5.0,3.0,3.0,13.0,4.0,3.0,2.0,8.0,0.0,2.0,3.0,2.0,3.0,1.0,1.0,3.0,2.0,4.0,3.0,5.0,3.0,2.0,2.0,5.0,3.0,3.0,5.0,6.0,5.0,2.0,3.0,4.0,2.0
GPT4o-80,2.0,3.0,1.0,3.0,8.0,2.0,14.0,2.0,1.0,9.0,1.0,7.0,9.0,3.0,4.0,2.0,4.0,5.0,3.0,3.0,13.0,4.0,3.0,2.0,8.0,0.0,2.0,3.0,2.0,3.0,1.0,1.0,3.0,1.0,4.0,4.0,5.0,3.0,2.0,2.0,5.0,3.0,3.0,5.0,6.0,5.0,4.0,3.0,4.0,2.0
GPT4o-81,0.0,3.0,1.0,3.0,8.0,2.0,14.0,2.0,1.0,8.0,1.0,7.0,9.0,3.0,4.0,2.0,4.0,5.0,3.0,3.0,13.0,4.0,3.0,3.0,8.0,0.0,2.0,3.0,2.0,3.0,1.0,1.0,3.0,1.0,4.0,3.0,5.0,3.0,2.0,2.0,5.0,3.0,3.0,5.0,6.0,5.0,2.0,3.0,4.0,2.0
GPT4o-82,0.0,2.0,1.0,3.0,8.0,2.0,14.0,2.0,1.0,10.0,1.0,7.0,9.0,3.0,4.0,2.0,4.0,5.0,3.0,3.0,13.0,4.0,3.0,3.0,8.0,0.0,2.0,3.0,2.0,3.0,1.0,1.0,2.0,1.0,4.0,3.0,5.0,3.0,2.0,2.0,5.0,3.0,3.0,5.0,6.0,5.0,2.0,2.0,4.0,2.0
GPT4o-83,2.0,4.0,1.0,3.0,8.0,2.0,13.0,2.0,1.0,9.0,1.0,7.0,9.0,2.0,4.0,2.0,4.0,5.0,3.0,3.0,13.0,4.0,3.0,3.0,8.0,1.0,2.0,3.0,2.0,3.0,1.0,1.0,3.0,1.0,4.0,3.0,5.0,3.0,2.0,2.0,5.0,3.0,3.0,5.0,6.0,5.0,2.0,3.0,4.0,2.0
GPT4o-84,2.0,4.0,1.0,3.0,8.0,2.0,14.0,2.0,1.0,8.0,1.0,7.0,9.0,3.0,4.0,2.0,4.0,5.0,3.0,3.0,13.0,4.0,3.0,3.0,8.0,0.0,2.0,3.0,2.0,3.0,1.0,1.0,3.0,1.0,3.0,3.0,5.0,3.0,2.0,2.0,5.0,3.0,3.0,5.0,6.0,5.0,2.0,3.0,4.0,2.0
GPT4o-85,0.0,4.0,1.0,3.0,8.0,2.0,14.0,2.0,1.0,8.0,1.0,7.0,9.0,3.0,4.0,2.0,4.0,5.0,3.0,3.0,13.0,4.0,3.0,3.0,8.0,0.0,2.0,3.0,2.0,3.0,1.0,1.0,3.0,1.0,4.0,4.0,5.0,3.0,2.0,2.0,5.0,3.0,1.0,5.0,6.0,5.0,2.0,3.0,4.0,2.0
GPT4o-86,0.0,4.0,1.0,3.0,8.0,2.0,14.0,2.0,1.0,9.0,1.0,7.0,9.0,2.0,4.0,2.0,4.0,5.0,3.0,3.0,13.0,4.0,3.0,2.0,8.0,0.0,2.0,3.0,2.0,3.0,1.0,1.0,3.0,1.0,4.0,3.0,5.0,5.0,2.0,2.0,5.0,3.0,1.0,5.0,6.0,5.0,2.0,2.0,4.0,2.0
GPT4o-87,2.0,3.0,1.0,3.0,8.0,2.0,14.0,2.0,1.0,9.0,1.0,7.0,9.0,2.0,4.0,2.0,4.0,5.0,0.0,3.0,13.0,4.0,3.0,3.0,8.0,0.0,2.0,3.0,2.0,3.0,1.0,1.0,2.0,1.0,4.0,3.0,5.0,3.0,2.0,2.0,5.0,3.0,3.0,5.0,6.0,5.0,4.0,2.0,4.0,2.0
GPT4o-88,0.0,3.0,1.0,3.0,8.0,2.0,14.0,2.0,1.0,8.0,1.0,7.0,9.0,3.0,4.0,2.0,4.0,5.0,3.0,3.0,13.0,4.0,3.0,3.0,8.0,1.0,2.0,3.0,2.0,3.0,1.0,1.0,3.0,1.0,4.0,3.0,5.0,3.0,2.0,2.0,5.0,3.0,3.0,5.0,6.0,5.0,2.0,3.0,4.0,2.0
GPT4o-89,0.0,4.0,1.0,3.0,8.0,2.0,13.0,2.0,1.0,9.0,1.0,7.0,9.0,3.0,4.0,2.0,4.0,5.0,3.0,3.0,13.0,4.0,3.0,3.0,8.0,0.0,2.0,3.0,2.0,3.0,1.0,1.0,3.0,2.0,4.0,3.0,5.0,3.0,2.0,2.0,5.0,3.0,3.0,5.0,6.0,5.0,2.0,2.0,4.0,2.0
GPT4o-90,2.0,4.0,1.0,3.0,8.0,2.0,13.0,2.0,1.0,9.0,1.0,7.0,9.0,3.0,4.0,2.0,4.0,5.0,3.0,3.0,13.0,4.0,3.0,3.0,8.0,0.0,2.0,3.0,2.0,3.0,1.0,1.0,3.0,1.0,4.0,3.0,5.0,5.0,2.0,2.0,5.0,3.0,3.0,5.0,6.0,5.0,2.0,3.0,4.0,2.0
GPT4o-91,2.0,4.0,1.0,3.0,8.0,2.0,14.0,2.0,1.0,8.0,1.0,7.0,9.0,2.0,4.0,2.0,4.0,5.0,3.0,3.0,13.0,4.0,3.0,2.0,8.0,0.0,2.0,3.0,2.0,3.0,1.0,1.0,3.0,1.0,4.0,3.0,5.0,3.0,2.0,2.0,5.0,3.0,3.0,5.0,6.0,5.0,2.0,3.0,4.0,2.0
GPT4o-92,0.0,4.0,1.0,3.0,8.0,2.0,14.0,2.0,1.0,9.0,1.0,7.0,9.0,3.0,4.0,2.0,4.0,5.0,3.0,3.0,13.0,4.0,3.0,3.0,8.0,0.0,2.0,3.0,2.0,3.0,1.0,1.0,2.0,1.0,4.0,4.0,5.0,3.0,2.0,2.0,5.0,3.0,3.0,5.0,6.0,5.0,2.0,2.0,4.0,2.0
GPT4o-93,0.0,4.0,1.0,3.0,8.0,2.0,14.0,2.0,1.0,8.0,1.0,7.0,9.0,3.0,4.0,2.0,4.0,5.0,3.0,3.0,13.0,4.0,3.0,2.0,8.0,0.0,2.0,3.0,2.0,3.0,1.0,1.0,3.0,1.0,4.0,4.0,5.0,3.0,2.0,2.0,5.0,3.0,3.0,5.0,6.0,5.0,2.0,3.0,4.0,2.0
GPT4o-94,0.0,4.0,1.0,3.0,8.0,2.0,14.0,2.0,1.0,9.0,1.0,7.0,9.0,3.0,4.0,2.0,4.0,5.0,3.0,3.0,13.0,4.0,3.0,3.0,8.0,1.0,2.0,3.0,2.0,3.0,1.0,1.0,3.0,1.0,3.0,4.0,5.0,3.0,2.0,2.0,5.0,3.0,3.0,5.0,6.0,5.0,2.0,2.0,4.0,2.0
GPT4o-95,0.0,3.0,1.0,3.0,8.0,2.0,14.0,2.0,1.0,9.0,1.0,7.0,9.0,2.0,4.0,2.0,4.0,5.0,3.0,3.0,13.0,4.0,3.0,3.0,8.0,0.0,2.0,3.0,2.0,3.0,1.0,1.0,3.0,1.0,4.0,3.0,5.0,3.0,2.0,2.0,5.0,3.0,3.0,5.0,6.0,5.0,2.0,3.0,4.0,2.0
GPT4o-96,2.0,3.0,1.0,3.0,8.0,2.0,14.0,2.0,1.0,9.0,1.0,7.0,9.0,3.0,4.0,2.0,4.0,5.0,3.0,3.0,13.0,4.0,3.0,2.0,8.0,1.0,2.0,3.0,2.0,3.0,1.0,1.0,3.0,2.0,4.0,3.0,5.0,5.0,2.0,2.0,5.0,3.0,3.0,5.0,6.0,5.0,2.0,3.0,4.0,2.0
GPT4o-97,0.0,3.0,1.0,3.0,8.0,2.0,14.0,2.0,1.0,9.0,1.0,7.0,9.0,3.0,4.0,2.0,4.0,5.0,0.0,3.0,13.0,4.0,3.0,2.0,8.0,0.0,2.0,3.0,2.0,3.0,2.0,1.0,3.0,1.0,4.0,4.0,5.0,3.0,2.0,2.0,5.0,3.0,3.0,5.0,6.0,5.0,2.0,2.0,4.0,2.0
GPT4o-98,0.0,4.0,1.0,3.0,8.0,2.0,14.0,2.0,1.0,8.0,1.0,7.0,9.0,3.0,4.0,2.0,4.0,5.0,3.0,3.0,13.0,4.0,3.0,3.0,8.0,0.0,2.0,3.0,2.0,3.0,1.0,1.0,3.0,1.0,4.0,4.0,5.0,3.0,2.0,2.0,5.0,3.0,3.0,5.0,6.0,5.0,4.0,3.0,4.0,2.0
GPT4o-99,0.0,4.0,1.0,3.0,8.0,2.0,14.0,2.0,1.0,9.0,1.0,7.0,9.0,3.0,4.0,2.0,4.0,5.0,3.0,3.0,13.0,4.0,3.0,3.0,8.0,0.0,2.0,3.0,2.0,3.0,1.0,2.0,3.0,1.0,4.0,3.0,5.0,3.0,2.0,2.0,5.0,3.0,1.0,5.0,6.0,5.0,2.0,2.0,4.0,2.0
GPT4o-100,2.0,4.0,1.0,3.0,8.0,2.0,13.0,2.0,1.0,7.0,1.0,7.0,9.0,2.0,4.0,2.0,4.0,5.0,3.0,3.0,13.0,4.0,3.0,2.0,8.0,0.0,2.0,3.0,2.0,3.0,1.0,1.0,2.0,1.0,4.0,3.0,5.0,3.0,2.0,2.0,5.0,2.0,1.0,5.0,6.0,5.0,2.0,3.0,4.0,2.0
