{
  "node_1": {
    "parents": [],
    "children": [
      "edge_1",
      "edge_2"
    ],
    "type": "box"
  },
  "node_2": {
    "parents": [
      "edge_1"
    ],
    "children": [
      "edge_3",
      "edge_4",
      "edge_5"
    ],
    "type": "box"
  },
  "node_3": {
    "parents": [
      "edge_4",
      "edge_6"
    ],
    "children": [
      "edge_9"
    ],
    "type": "box"
  },
  "node_4": {
    "parents": [
      "edge_5"
    ],
    "children": [
      "edge_6",
      "edge_7",
      "edge_8"
    ],
    "type": "box"
  },
  "node_5": {
    "parents": [
      "edge_2",
      "edge_8"
    ],
    "children": [
      "edge_12",
      "edge_13"
    ],
    "type": "box"
  },
  "node_6": {
    "parents": [
      "edge_3",
      "edge_7",
      "edge_9"
    ],
    "children": [],
    "type": "END"
  },
  "node_8": {
    "parents": [
      "edge_12",
      "edge_13"
    ],
    "children": [
      "END"
    ],
    "type": "END"
  },
  "edge_1": {
    "parents": [
      "node_1"
    ],
    "children": [
      "node_2"
    ],
    "type": "edge"
  },
  "edge_2": {
    "parents": [
      "node_1"
    ],
    "children": [
      "node_5"
    ],
    "type": "edge"
  },
  "edge_3": {
    "parents": [
      "node_2"
    ],
    "children": [
      "node_6"
    ],
    "type": "edge"
  },
  "edge_4": {
    "parents": [
      "node_2"
    ],
    "children": [
      "node_3"
    ],
    "type": "edge"
  },
  "edge_5": {
    "parents": [
      "node_2"
    ],
    "children": [
      "node_4"
    ],
    "type": "edge"
  },
  "edge_6": {
    "parents": [
      "node_4"
    ],
    "children": [
      "node_3"
    ],
    "type": "edge"
  },
  "edge_7": {
    "parents": [
      "node_4"
    ],
    "children": [
      "node_6"
    ],
    "type": "edge"
  },
  "edge_8": {
    "parents": [
      "node_4"
    ],
    "children": [
      "node_5"
    ],
    "type": "edge"
  },
  "edge_9": {
    "parents": [
      "node_3"
    ],
    "children": [
      "node_6"
    ],
    "type": "edge"
  },
  "edge_12": {
    "parents": [
      "node_5"
    ],
    "children": [
      "node_8"
    ],
    "type": "edge"
  },
  "edge_13": {
    "parents": [
      "node_5"
    ],
    "children": [
      "node_8"
    ],
    "type": "edge"
  }
}