{
  "edge_4": {
    "Text": "病状説明の相談をするために患者の家族に連絡を取る。",
    "RFA": [
      0
    ],
    "BAN": [
      0
    ],
    "JST": [
      0
    ],
    "CM": [
      0
    ]
  },
  "edge_5": {
    "Text": "がんではない他の病気であることを説明する。",
    "RFA": [
      12
    ],
    "BAN": [
      0
    ],
    "JST": [
      0
    ],
    "CM": [
      4
    ]
  },
  "edge_6": {
    "Text": "表現に配慮しながら、胃がんであることを説明する。",
    "RFA": [
      0
    ],
    "BAN": [
      0
    ],
    "JST": [
      0
    ],
    "CM": [
      0
    ]
  },
  "edge_8": {
    "Text": "表現に配慮しながら、胃がんであることを説明する。",
    "RFA": [
      0
    ],
    "BAN": [
      0
    ],
    "JST": [
      0
    ],
    "CM": [
      0
    ]
  },
  "edge_9": {
    "Text": "がんではない他の病気であることを説明する。",
    "RFA": [
      12
    ],
    "BAN": [
      0
    ],
    "JST": [
      0
    ],
    "CM": [
      4
    ]
  },
  "edge_10": {
    "Text": "聞きたくないと言う患者の意向を尊重し、その旨をカルテに記載した上で説明を終了する。",
    "RFA": [
      0
    ],
    "BAN": [
      0
    ],
    "JST": [
      0
    ],
    "CM": [
      0
    ]
  },
  "edge_11": {
    "Text": "予後不良であることは告げず、患者を励ます。",
    "RFA": [
      0
    ],
    "BAN": [
      0
    ],
    "JST": [
      0
    ],
    "CM": [
      0
    ]
  },
  "edge_12": {
    "Text": "正直に、患者の余命が長くないことを説明する。",
    "RFA": [
      12
    ],
    "BAN": [
      11
    ],
    "JST": [
      0
    ],
    "CM": [
      0
    ]
  }
}