{
  "edge_1": {
    "Text": "患者の意思を無視してでも治療を優先する。",
    "RFA": [
      0
    ],
    "BAN": [
      0
    ],
    "JST": [
      0
    ],
    "CM": [
      0
    ]
  },
  "edge_2": {
    "Text": "患者の意思を尊重する。",
    "RFA": [
      0
    ],
    "BAN": [
      11,
      22
    ],
    "JST": [
      0
    ],
    "CM": [
      0
    ]
  },
  "edge_3": {
    "Text": "患者を物理的に拘束し、経鼻医管にて薬を投与する。",
    "RFA": [
      11
    ],
    "BAN": [
      0
    ],
    "JST": [
      0
    ],
    "CM": [
      0
    ]
  },
  "edge_4": {
    "Text": "保健所に申し出て措置入院の手続きを行う。",
    "RFA": [
      0
    ],
    "BAN": [
      0
    ],
    "JST": [
      0
    ],
    "CM": [
      0
    ]
  },
  "edge_5": {
    "Text": "警察に相談し、説得に従わないようであれば逮捕してもらう。",
    "RFA": [
      11
    ],
    "BAN": [
      0
    ],
    "JST": [
      0
    ],
    "CM": [
      0
    ]
  },
  "edge_6": {
    "Text": "保健所に申し出て措置入院の手続きを行う。",
    "RFA": [
      0
    ],
    "BAN": [
      0
    ],
    "JST": [
      0
    ],
    "CM": [
      0
    ]
  },
  "edge_7": {
    "Text": "患者を物理的に拘束し、経鼻医管にて薬を投与する。",
    "RFA": [
      11
    ],
    "BAN": [
      0
    ],
    "JST": [
      0
    ],
    "CM": [
      0
    ]
  },
  "edge_8": {
    "Text": "患者の意思を尊重する。",
    "RFA": [
      0
    ],
    "BAN": [
      11,
      22
    ],
    "JST": [
      0
    ],
    "CM": [
      0
    ]
  },
  "edge_12": {
    "Text": "様子を見る。",
    "RFA": [
      0
    ],
    "BAN": [
      11,
      22
    ],
    "JST": [
      0
    ],
    "CM": [
      0
    ]
  },
  "edge_13": {
    "Text": "通院によるDOTSに変更する。",
    "RFA": [
      0
    ],
    "BAN": [
      22
    ],
    "JST": [
      0
    ],
    "CM": [
      0
    ]
  }
}