{
  "edge_3": {
    "Text": "なんらかの医療保険に加入しているか、医療費の支払いが可能であるかを確認する。",
    "RFA": [
      0
    ],
    "BAN": [
      0
    ],
    "JST": [
      0
    ],
    "CM": [
      0
    ]
  },
  "edge_4": {
    "Text": "平常通り、診察を行う。",
    "RFA": [
      0
    ],
    "BAN": [
      0
    ],
    "JST": [
      0
    ],
    "CM": [
      0
    ]
  },
  "edge_5": {
    "Text": "こちらでは対応できないため、他医療機関を探すように指示する。",
    "RFA": [
      0
    ],
    "BAN": [
      12,
      22
    ],
    "JST": [
      11
    ],
    "CM": [
      0
    ]
  },
  "edge_6": {
    "Text": "平常通り、診察を行う。",
    "RFA": [
      0
    ],
    "BAN": [
      0
    ],
    "JST": [
      0
    ],
    "CM": [
      0
    ]
  },
  "edge_7": {
    "Text": "こちらでは対応できないため、他医療機関を探すように指示する。",
    "RFA": [
      0
    ],
    "BAN": [
      12,
      22
    ],
    "JST": [
      11
    ],
    "CM": [
      0
    ]
  },
  "edge_8": {
    "Text": "どこにも届け出ずに、患者の治療のみに専念する。",
    "RFA": [
      0
    ],
    "BAN": [
      22
    ],
    "JST": [
      0
    ],
    "CM": [
      0
    ]
  },
  "edge_9": {
    "Text": "患者には、どこにも届け出ないと説明した上で、内密に保健所と入国管理局に届け出を行う。",
    "RFA": [
      12,
      2
    ],
    "BAN": [
      0
    ],
    "JST": [
      0
    ],
    "CM": [
      4
    ]
  },
  "edge_10": {
    "Text": "患者には、医師は不法滞在者を届け出る義務があると説明し、保健所と入国管理に届け出を行う。",
    "RFA": [
      13,
      2
    ],
    "BAN": [
      0
    ],
    "JST": [
      0
    ],
    "CM": [
      0
    ]
  },
  "edge_11": {
    "Text": "患者には、保健所には届けるが、そのことは入国管理には知らされないと説明し、保健所に届け出を行う。",
    "RFA": [
      0
    ],
    "BAN": [
      0
    ],
    "JST": [
      0
    ],
    "CM": [
      0
    ]
  },
  "edge_12": {
    "Text": "患者には、どこにも届け出ないと説明した上で、内密に保健所に届け出を行う。",
    "RFA": [
      12
    ],
    "BAN": [
      0
    ],
    "JST": [
      0
    ],
    "CM": [
      4
    ]
  }
}