{
  "edge_3": {
    "Text": "自動車運転中に、てんかん発作が起きてしまうと危険なため、病気が落ち着くまで運転は控えるようにしましょう。",
    "RFA": [
      0
    ],
    "BAN": [
      11
    ],
    "JST": [
      0
    ],
    "CM": [
      0
    ]
  },
  "edge_4": {
    "Text": "運転を続けることは個人の自由であるから自分の責任で判断してください。",
    "RFA": [
      12
    ],
    "BAN": [
      11,
      21
    ],
    "JST": [
      0
    ],
    "CM": [
      0
    ]
  },
  "edge_5": {
    "Text": "「発作がなくなってから数年程度です。」",
    "RFA": [
      0
    ],
    "BAN": [
      0
    ],
    "JST": [
      0
    ],
    "CM": [
      0
    ]
  },
  "edge_6": {
    "Text": "「今後一生運転できません。」",
    "RFA": [
      12
    ],
    "BAN": [
      11
    ],
    "JST": [
      0
    ],
    "CM": [
      0
    ]
  },
  "edge_7": {
    "Text": "タクシードライバーはやめる必要があるが、てんかんの患者は、失業保険が受けられることについて説明する。",
    "RFA": [
      0
    ],
    "BAN": [
      0
    ],
    "JST": [
      0
    ],
    "CM": [
      0
    ]
  },
  "edge_8": {
    "Text": "周囲の安全を守るために、患者のことを、患者の勤務先に報告する。",
    "RFA": [
      2
    ],
    "BAN": [
      0
    ],
    "JST": [
      0
    ],
    "CM": [
      0
    ]
  },
  "edge_9": {
    "Text": "周囲の安全を守るために、患者のことを公安委員会に通報する。",
    "RFA": [
      0
    ],
    "BAN": [
      0
    ],
    "JST": [
      0
    ],
    "CM": [
      0
    ]
  },
  "edge_10": {
    "Text": "これ以上患者のためにできることはないため、注意を続けながら、様子を見る。",
    "RFA": [
      0
    ],
    "BAN": [
      11,
      22
    ],
    "JST": [
      0
    ],
    "CM": [
      0
    ]
  }
}