{
  "edge_5": {
    "Text": "患者の遺体を確認するために、患者の家に行く。",
    "RFA": [
      0
    ],
    "BAN": [
      0
    ],
    "JST": [
      0
    ],
    "CM": [
      0
    ]
  },
  "edge_6": {
    "Text": "詳しく話を聞くために、患者の家族に診療所に来てもらうよう伝える。",
    "RFA": [
      0
    ],
    "BAN": [
      0
    ],
    "JST": [
      0
    ],
    "CM": [
      0
    ]
  },
  "edge_7": {
    "Text": "その場で死亡診断書を作成し、患者家族に渡す。",
    "RFA": [
      0
    ],
    "BAN": [
      0
    ],
    "JST": [
      0
    ],
    "CM": [
      0
    ]
  },
  "edge_8": {
    "Text": "最後の診察から24時間以上経過しているため、\n警察による検視が必要である旨を説明し、警察に連絡するように指示する。",
    "RFA": [
      0
    ],
    "BAN": [
      0
    ],
    "JST": [
      0
    ],
    "CM": [
      3
    ]
  },
  "edge_9": {
    "Text": "話を聞く限り事件性はなさそうと判断できるため、その場で死亡診断書を作成し、患者家族に渡す。",
    "RFA": [
      0
    ],
    "BAN": [
      0
    ],
    "JST": [
      12
    ],
    "CM": [
      0
    ]
  },
  "edge_10": {
    "Text": "最後の診察から24時間以上経過しているため、\n警察による検視が必要である旨を説明し、警察に連絡するように指示する。",
    "RFA": [
      0
    ],
    "BAN": [
      0
    ],
    "JST": [
      0
    ],
    "CM": [
      3
    ]
  }
}