{
  "edge_4": {
    "Text": "この件について、倫理委員会に相談する。",
    "RFA": [
      0
    ],
    "BAN": [
      0
    ],
    "JST": [
      0
    ],
    "CM": [
      0
    ]
  },
  "edge_5": {
    "Text": "臓器提供意思カードのことについて、患者家族に連絡をとり、臓器移植コーディネーターを交えて臓器移植に関する説明を行う。",
    "RFA": [
      0
    ],
    "BAN": [
      0
    ],
    "JST": [
      0
    ],
    "CM": [
      0
    ]
  },
  "edge_6": {
    "Text": "患者本人の意思を尊重し、脳死判定の検査を行う。",
    "RFA": [
      12
    ],
    "BAN": [
      0
    ],
    "JST": [
      0
    ],
    "CM": [
      0
    ]
  },
  "edge_7": {
    "Text": "医師本人からは積極的に臓器移植については言及せず、家族の方から自発的に、臓器移植の問題について指摘されるのを待つ。",
    "RFA": [
      12
    ],
    "BAN": [
      0
    ],
    "JST": [
      0
    ],
    "CM": [
      0
    ]
  },
  "edge_9": {
    "Text": "脳死と判断できるため、主治医は患者の意思を尊重し、その意思を家族に伝えることで、臓器提供に同意するよう説得する。",
    "RFA": [
      13
    ],
    "BAN": [
      0
    ],
    "JST": [
      0
    ],
    "CM": [
      0
    ]
  },
  "edge_10": {
    "Text": "患者家族の希望を尊重し、臓器提供は行わない。",
    "RFA": [
      0
    ],
    "BAN": [
      0
    ],
    "JST": [
      0
    ],
    "CM": [
      0
    ]
  },
  "edge_11": {
    "Text": "患者の心停止後に、臓器の移植を実施する方針とする。",
    "RFA": [
      11
    ],
    "BAN": [
      0
    ],
    "JST": [
      0
    ],
    "CM": [
      0
    ]
  },
  "edge_12": {
    "Text": "院内の移植臓器を必要としている患者をレシピエントとする。",
    "RFA": [
      11
    ],
    "BAN": [
      0
    ],
    "JST": [
      12,
      2
    ],
    "CM": [
      0
    ]
  },
  "edge_13": {
    "Text": "日本臓器移植ネットワークを通してレシピエントを選択する。",
    "RFA": [
      0
    ],
    "BAN": [
      0
    ],
    "JST": [
      0
    ],
    "CM": [
      0
    ]
  },
  "edge_14": {
    "Text": "親族の指示を優先し、患者の父親をレシピエントとする。",
    "RFA": [
      13
    ],
    "BAN": [
      0
    ],
    "JST": [
      0
    ],
    "CM": [
      0
    ]
  },
  "edge_15": {
    "Text": "臓器提供者である患者の意思を尊重し、患者の弟をレシピエントとする。",
    "RFA": [
      0
    ],
    "BAN": [
      0
    ],
    "JST": [
      0
    ],
    "CM": [
      0
    ]
  },
  "edge_16": {
    "Text": "法律で決まっているので、患者の父親をレシピエントとする。",
    "RFA": [
      13
    ],
    "BAN": [
      0
    ],
    "JST": [
      0
    ],
    "CM": [
      0
    ]
  }
}