{
  "edge_5": {
    "Text": "恐らくプラセボ薬であると、考えていることを伝える。",
    "RFA": [
      12
    ],
    "BAN": [
      0
    ],
    "JST": [
      12
    ],
    "CM": [
      0
    ]
  },
  "edge_6": {
    "Text": "最初に説明した通り、知らされていないため、答えられないと返答する。",
    "RFA": [
      0
    ],
    "BAN": [
      0
    ],
    "JST": [
      0
    ],
    "CM": [
      0
    ]
  },
  "edge_7": {
    "Text": "どうしてそんなことを聞くのですかと質問する。",
    "RFA": [
      0
    ],
    "BAN": [
      0
    ],
    "JST": [
      0
    ],
    "CM": [
      0
    ]
  },
  "edge_8": {
    "Text": "臨床試験参加を中止しても、結果は変わらないだろうことを説明し、臨床試験の継続を説得する。",
    "RFA": [
      13
    ],
    "BAN": [
      11
    ],
    "JST": [
      12
    ],
    "CM": [
      0
    ]
  },
  "edge_9": {
    "Text": "患者の希望に従い、臨床試験参加を中止する。",
    "RFA": [
      0
    ],
    "BAN": [
      0
    ],
    "JST": [
      0
    ],
    "CM": [
      0
    ]
  },
  "edge_10": {
    "Text": "恐らくプラセボ薬であると、考えていることを伝える。",
    "RFA": [
      12
    ],
    "BAN": [
      0
    ],
    "JST": [
      12
    ],
    "CM": [
      0
    ]
  },
  "edge_11": {
    "Text": "医師には薬の内容は知らされていないため、答えられないと返答する。",
    "RFA": [
      0
    ],
    "BAN": [
      0
    ],
    "JST": [
      0
    ],
    "CM": [
      0
    ]
  },
  "edge_14": {
    "Text": "新薬を投与されていたとしても、救命できたかどうかはわからない上、今後の医学の発展のために、必要な死であった。",
    "RFA": [
      0
    ],
    "BAN": [
      0
    ],
    "JST": [
      0
    ],
    "CM": [
      0
    ]
  },
  "edge_15": {
    "Text": "この臨床試験は、予め倫理審査で承認された手順に沿って適切に行われたとはいえ、\n新薬が割り当てられていれば救命できたかもしれないのは不公平である。",
    "RFA": [
      0
    ],
    "BAN": [
      0
    ],
    "JST": [
      0
    ],
    "CM": [
      0
    ]
  },
  "edge_16": {
    "Text": "臨床試験のインフォームド・コンセントは適切に行われ、患者は自分の意思で同意したため、この結末は患者の自己責任である。",
    "RFA": [
      0
    ],
    "BAN": [
      0
    ],
    "JST": [
      0
    ],
    "CM": [
      0
    ]
  },
  "edge_17": {
    "Text": "臨床試験に参加することで治る希望があったのにも関わらず、この結果は患者にとって残酷だ。",
    "RFA": [
      0
    ],
    "BAN": [
      0
    ],
    "JST": [
      0
    ],
    "CM": [
      0
    ]
  },
  "edge_18": {
    "Text": "上記のいずれでもない。",
    "RFA": [
      0
    ],
    "BAN": [
      0
    ],
    "JST": [
      0
    ],
    "CM": [
      0
    ]
  }
}