{
  "edge_5": {
    "Text": "診療終了後に、外来部長に相談する。",
    "RFA": [
      0
    ],
    "BAN": [
      0
    ],
    "JST": [
      0
    ],
    "CM": [
      0
    ]
  },
  "edge_6": {
    "Text": "診療終了後、先輩医師に、盗撮について指摘する。",
    "RFA": [
      0
    ],
    "BAN": [
      14
    ],
    "JST": [
      0
    ],
    "CM": [
      0
    ]
  },
  "edge_7": {
    "Text": "偶然かもしれないため、様子を見る。",
    "RFA": [
      0
    ],
    "BAN": [
      14
    ],
    "JST": [
      0
    ],
    "CM": [
      0
    ]
  },
  "edge_8": {
    "Text": "患者と先輩医師には伝えずに、外部機関に通報する。",
    "RFA": [
      0
    ],
    "BAN": [
      0
    ],
    "JST": [
      0
    ],
    "CM": [
      0
    ]
  },
  "edge_9": {
    "Text": "その場で、患者に、盗撮されていることを伝える。",
    "RFA": [
      0
    ],
    "BAN": [
      0
    ],
    "JST": [
      0
    ],
    "CM": [
      0
    ]
  },
  "edge_10": {
    "Text": "診療終了後にこっそり患者だけに盗撮されていることについて伝える。",
    "RFA": [
      0
    ],
    "BAN": [
      14
    ],
    "JST": [
      0
    ],
    "CM": [
      0
    ]
  },
  "edge_11": {
    "Text": "先輩医師が診療できなくなると、困る患者がいるため、見て見ぬふりをする。",
    "RFA": [
      0
    ],
    "BAN": [
      14,
      22
    ],
    "JST": [
      0
    ],
    "CM": [
      0
    ]
  },
  "edge_15": {
    "Text": "マス・メディア。",
    "RFA": [
      2
    ],
    "BAN": [
      0
    ],
    "JST": [
      0
    ],
    "CM": [
      3
    ]
  },
  "edge_16": {
    "Text": "保健所。",
    "RFA": [
      2
    ],
    "BAN": [
      0
    ],
    "JST": [
      0
    ],
    "CM": [
      0
    ]
  },
  "edge_17": {
    "Text": "警察。",
    "RFA": [
      0
    ],
    "BAN": [
      0
    ],
    "JST": [
      0
    ],
    "CM": [
      0
    ]
  },
  "edge_18": {
    "Text": "都道府県の公益通報窓口。",
    "RFA": [
      0
    ],
    "BAN": [
      0
    ],
    "JST": [
      0
    ],
    "CM": [
      0
    ]
  }
}