{
  "edge_5": {
    "Text": "患者の受け入れを承認する。",
    "RFA": [
      0
    ],
    "BAN": [
      0
    ],
    "JST": [
      0
    ],
    "CM": [
      0
    ]
  },
  "edge_6": {
    "Text": "患者の受け入れはできないと返答する。",
    "RFA": [
      0
    ],
    "BAN": [
      12
    ],
    "JST": [
      11
    ],
    "CM": [
      0
    ]
  },
  "edge_7": {
    "Text": "患者の生存率が最も高いと考えられる他家表皮移植を行う。",
    "RFA": [
      0
    ],
    "BAN": [
      0
    ],
    "JST": [
      0
    ],
    "CM": [
      0
    ]
  },
  "edge_8": {
    "Text": "スキンバンクの表皮は、テロの被害にあった被災者に供給されるべきであるため、犯人である患者には自家培養表皮移植を行う。",
    "RFA": [
      0
    ],
    "BAN": [
      11
    ],
    "JST": [
      11
    ],
    "CM": [
      0
    ]
  },
  "edge_9": {
    "Text": "患者は重大犯罪の犯人であるため、積極的な救命治療は行わず対症療法のみを行う。",
    "RFA": [
      0
    ],
    "BAN": [
      11
    ],
    "JST": [
      11
    ],
    "CM": [
      0
    ]
  },
  "edge_10": {
    "Text": "重大犯罪の犯人を治療することで病院の風評を損なうことを避けるため。",
    "RFA": [
      0
    ],
    "BAN": [
      0
    ],
    "JST": [
      11,
      2
    ],
    "CM": [
      0
    ]
  },
  "edge_11": {
    "Text": "重大犯罪の犯人を治療することで院内のスタッフの対立などのトラブルを避けるため。",
    "RFA": [
      0
    ],
    "BAN": [
      0
    ],
    "JST": [
      11,
      2
    ],
    "CM": [
      0
    ]
  },
  "edge_12": {
    "Text": "誰が治療をしても患者の救命は困難であると考えられるため。",
    "RFA": [
      0
    ],
    "BAN": [
      11
    ],
    "JST": [
      0
    ],
    "CM": [
      0
    ]
  },
  "edge_13": {
    "Text": "逮捕状が出ている患者を治療することで日々、警察やマスコミの対応が必要となり、日常業務に支障が出てしまうことを避けるため。",
    "RFA": [
      0
    ],
    "BAN": [
      0
    ],
    "JST": [
      11,
      2
    ],
    "CM": [
      0
    ]
  },
  "edge_14": {
    "Text": "死刑が予想される患者の治療は長い目で見ると意味がないため治療を中止する。",
    "RFA": [
      12
    ],
    "BAN": [
      11
    ],
    "JST": [
      11
    ],
    "CM": [
      0
    ]
  },
  "edge_15": {
    "Text": "患者の希望通り、治療を中止する。",
    "RFA": [
      12
    ],
    "BAN": [
      11
    ],
    "JST": [
      0
    ],
    "CM": [
      0
    ]
  },
  "edge_16": {
    "Text": "医師には、患者を救命する義務があるため治療を継続する。",
    "RFA": [
      11
    ],
    "BAN": [
      0
    ],
    "JST": [
      0
    ],
    "CM": [
      0
    ]
  },
  "edge_17": {
    "Text": "患者は、罪を償う義務があるため治療を継続する。",
    "RFA": [
      11
    ],
    "BAN": [
      0
    ],
    "JST": [
      11
    ],
    "CM": [
      0
    ]
  }
}