{
  "node_1": {
    "children": [
    "edge_100"
    ],
    "parents": [],
    "type": "box"
  },
  "node_2": {
    "children": [
    "edge_4",
    "edge_5",
    "edge_6",
    "edge_7"
    ],
    "parents": [
      "edge_100"
    ],
    "type": "box"
  },
  "node_2_0": {
    "children": [
    "edge_4_0",
    "edge_5_0",
    "edge_6_0",
    "edge_7_0"
    ],
    "parents": [
      "edge_9"
    ],
    "type": "box"
  },
  "node_2_4": {
    "children": [
    "edge_4_4",
    "edge_5_4",
    "edge_6_4",
    "edge_7_4"
    ],
    "parents": [
      "edge_8"
    ],
    "type": "box"
  },
  "node_2_6": {
    "children": [
    "edge_4_6",
    "edge_5_6",
    "edge_6_6",
    "edge_7_6"
    ],
    "parents": [
      "edge_10"
    ],
    "type": "box"
  },
  "node_2_4_1": {
    "children": [
    "edge_5_4_1",
    "edge_6_4_1",
    "edge_7_4_1"
    ],
    "parents": [
      "edge_8_4_1"
    ],
    "type": "box"
  },
  "node_2_4_2": {
    "children": [
    "edge_4_4_0",
    "edge_5_4_2",
    "edge_6_4_2",
    "edge_7_4_2"
    ],
    "parents": [
      "edge_9_4_2"
    ],
    "type": "box"
  },
  "node_2_6_1": {
    "children": [
    "edge_4_6_1",
    "edge_5_6_1",
    "edge_6_6_1",
    "edge_7_6_1"
    ],
    "parents": [
      "edge_10_6_1"
    ],
    "type": "box"
  },
  "node_2_6_2": {
    "children": [
    "edge_4_6_2",
    "edge_5_6_2",
    "edge_7_6_2"
    ],
    "parents": [
      "edge_11_6_2"
    ],
    "type": "box"
  },
  "node_3": {
    "parents": [
      "edge_4"
    ],
    "children": [
      "edge_8"
    ],
    "type": "box"
  },
  "node_3_0": {
    "parents": [
      "edge_4_0"
    ],
    "children": [
      "edge_8_0"
    ],
    "type": "box"
  },
  "node_3_4": {
    "parents": [
      "edge_4_4"
    ],
    "children": [
      "edge_8_4_1"
    ],
    "type": "box"
  },
  "node_3_6": {
    "parents": [
      "edge_4_6"
    ],
    "children": [
      "edge_10_6_1"
    ],
    "type": "box"
  },
  "node_4": {
    "parents": [
      "edge_5"
    ],
    "children": [
      "edge_9"
    ],
    "type": "box"
  },
  "node_4_0": {
    "parents": [
      "edge_5_0",
      "edge_5_4",
      "edge_5_6"
    ],
    "children": [
      "edge_9_0"
    ],
    "type": "box"
  },
  "node_5": {
    "parents": [
      "edge_6"
    ],
    "children": [
      "edge_10"
    ],
    "type": "box"
  },
  "node_5_0": {
    "parents": [
      "edge_6_0"
    ],
    "children": [
      "edge_10_0"
    ],
    "type": "box"
  },
  "node_5_4": {
    "parents": [
      "edge_6_4"
    ],
    "children": [
      "edge_9_4_2"
    ],
    "type": "box"
  },
  "node_5_6": {
    "parents": [
      "edge_6_6"
    ],
    "children": [
      "edge_11_6_2"
    ],
    "type": "box"
  },
  "node_6": {
    "parents": [
      "edge_7"
    ],
    "children": [
      "edge_11"
    ],
    "type": "box"
  },
  "node_6_0": {
    "parents": [
      "edge_7_0",
      "edge_7_4",
      "edge_7_6"
    ],
    "children": [
      "edge_11_0"
    ],
    "type": "box"
  },
  "node_8": {
    "parents": [
      "edge_8_0",
      "edge_9_0",
      "edge_10_0",
      "edge_11_0"
    ],
    "children": [
      "edge_14",
      "edge_15",
      "edge_16"
    ],
    "type": "box"
  },
  "node_12": {
    "parents": [
      "edge_15",
      "edge_16"
    ],
    "children": [],
    "type": "END"
  },
  "node_10": {
    "parents": [
      "edge_17"
    ],
    "children": [],
    "type": "END"
  },
  "node_11": {
    "parents": [
      "edge_18"
    ],
    "children": [],
    "type": "END"
  },
  "edge_100": {
    "parents": [
      "node_1"
    ],
    "children": [
      "node_2"
    ],
    "type": "edge"
  },
  "edge_4": {
    "parents": [
      "node_2"
    ],
    "children": [
      "node_3"
    ],
    "type": "edge"
  },
  "edge_5": {
    "parents": [
      "node_2"
    ],
    "children": [
      "node_4"
    ],
    "type": "edge"
  },
  "edge_6": {
    "parents": [
      "node_2"
    ],
    "children": [
      "node_5"
    ],
    "type": "edge"
  },
  "edge_7": {
    "parents": [
      "node_2"
    ],
    "children": [
      "node_6"
    ],
    "type": "edge"
  },
  "edge_8": {
    "parents": [
      "node_3"
    ],
    "children": [
      "node_2_4"
    ],
    "type": "edge"
  },
  "edge_9": {
    "parents": [
      "node_4"
    ],
    "children": [
      "node_2_0"
    ],
    "type": "edge"
  },
  "edge_10": {
    "parents": [
      "node_5"
    ],
    "children": [
      "node_2_6"
    ],
    "type": "edge"
  },
  "edge_11": {
    "parents": [
      "node_6"
    ],
    "children": [
      "node_2_0"
    ],
    "type": "edge"
  },
    "edge_4_0": {
    "parents": [
      "node_2_0"
    ],
    "children": [
      "node_3_0"
    ],
    "type": "edge"
  },
    "edge_4_4": {
    "parents": [
      "node_2_4"
    ],
    "children": [
      "node_3_4"
    ],
    "type": "edge"
  },
    "edge_4_6": {
    "parents": [
      "node_2_6"
    ],
    "children": [
      "node_3_6"
    ],
    "type": "edge"
  },
  "edge_5_0": {
    "parents": [
      "node_2_0"
    ],
    "children": [
      "node_4_0"
    ],
    "type": "edge"
  },
    "edge_5_4": {
    "parents": [
      "node_2_4"
    ],
    "children": [
      "node_4_0"
    ],
    "type": "edge"
  },
    "edge_5_6": {
    "parents": [
      "node_2_6"
    ],
    "children": [
      "node_4_0"
    ],
    "type": "edge"
  },
  "edge_6_0": {
    "parents": [
      "node_2_0"
    ],
    "children": [
      "node_5_0"
    ],
    "type": "edge"
  },
    "edge_6_4": {
    "parents": [
      "node_2_4"
    ],
    "children": [
      "node_5_4"
    ],
    "type": "edge"
  },
    "edge_6_6": {
    "parents": [
      "node_2_6"
    ],
    "children": [
      "node_5_6"
    ],
    "type": "edge"
  },
  "edge_7_0": {
    "parents": [
      "node_2_0"
    ],
    "children": [
      "node_6_0"
    ],
    "type": "edge"
  },
    "edge_7_4": {
    "parents": [
      "node_2_4"
    ],
    "children": [
      "node_6_0"
    ],
    "type": "edge"
  },
    "edge_7_6": {
    "parents": [
      "node_2_6"
    ],
    "children": [
      "node_6_0"
    ],
    "type": "edge"
  },
  "edge_8_4_1": {
    "parents": [
      "node_3_4"
    ],
    "children": [
      "node_2_4_1"
    ],
    "type": "edge"
  },
  "edge_9_4_2": {
    "parents": [
      "node_5_4"
    ],
    "children": [
      "node_2_4_2"
    ],
    "type": "edge"
  },
  "edge_10_6_1": {
    "parents": [
      "node_3_6"
    ],
    "children": [
      "node_2_6_1"
    ],
    "type": "edge"
  },
  "edge_11_6_2": {
    "parents": [
      "node_5_6"
    ],
    "children": [
      "node_2_6_2"
    ],
    "type": "edge"
  },
  "edge_5_4_1": {
    "parents": [
      "node_2_4_1"
    ],
    "children": [
      "node_4_0"
    ],
    "type": "edge"
  },
  "edge_6_4_1": {
    "parents": [
      "node_2_4_1"
    ],
    "children": [
      "node_5_0"
    ],
    "type": "edge"
  },
  "edge_7_4_1": {
    "parents": [
      "node_2_4_1"
    ],
    "children": [
      "node_6_0"
    ],
    "type": "edge"
  },
  "edge_4_4_0": {
    "parents": [
      "node_2_4_2"
    ],
    "children": [
      "node_3_0"
    ],
    "type": "edge"
  },
  "edge_5_4_2": {
    "parents": [
      "node_2_4_2"
    ],
    "children": [
      "node_4_0"
    ],
    "type": "edge"
  },
  "edge_6_4_2": {
    "parents": [
      "node_2_4_2"
    ],
    "children": [
      "node_5_0"
    ],
    "type": "edge"
  },
  "edge_7_4_2": {
    "parents": [
      "node_2_4_2"
    ],
    "children": [
      "node_6_0"
    ],
    "type": "edge"
  },
  "edge_4_6_1": {
    "parents": [
      "node_2_6_1"
    ],
    "children": [
      "node_3_0"
    ],
    "type": "edge"
  },
  "edge_5_6_1": {
    "parents": [
      "node_2_6_1"
    ],
    "children": [
      "node_4_0"
    ],
    "type": "edge"
  },
  "edge_6_6_1": {
    "parents": [
      "node_2_6_1"
    ],
    "children": [
      "node_5_0"
    ],
    "type": "edge"
  },
  "edge_7_6_1": {
    "parents": [
      "node_2_6_1"
    ],
    "children": [
      "node_6_0"
    ],
    "type": "edge"
  },
  "edge_4_6_2": {
    "parents": [
      "node_2_6_2"
    ],
    "children": [
      "node_3_0"
    ],
    "type": "edge"
  },
  "edge_5_6_2": {
    "parents": [
      "node_2_6_2"
    ],
    "children": [
      "node_4_0"
    ],
    "type": "edge"
  },
  "edge_7_6_2": {
    "parents": [
      "node_2_6_2"
    ],
    "children": [
      "node_6_0"
    ],
    "type": "edge"
  },
  "edge_8_0": {
    "parents": [
      "node_3_0"
    ],
    "children": [
      "node_8"
    ],
    "type": "edge"
  },
  "edge_9_0": {
    "parents": [
      "node_4_0"
    ],
    "children": [
      "node_8"
    ],
    "type": "edge"
  },
  "edge_10_0": {
    "parents": [
      "node_5_0"
    ],
    "children": [
      "node_8"
    ],
    "type": "edge"
  },
  "edge_11_0": {
    "parents": [
      "node_6_0"
    ],
    "children": [
      "node_8"
    ],
    "type": "edge"
  },
  "edge_14": {
    "parents": [
      "node_8"
    ],
    "children": [
      "node_10"
    ],
    "type": "edge"
  },
  "edge_15": {
    "parents": [
      "node_8"
    ],
    "children": [
      "node_12"
    ],
    "type": "edge"
  },
  "edge_16": {
    "parents": [
      "node_8"
    ],
    "children": [
      "node_12"
    ],
    "type": "edge"
  }
}