{
  "node_1": {
    "children": [
      "edge_4",
      "edge_5",
      "edge_6",
      "edge_7",
      "edge_8",
      "edge_9"
    ],
    "parents": [],
    "type": "box"
  },
  "node_3": {
    "parents": [
      "edge_4"
    ],
    "children": [
      "edge_10",
      "edge_11",
      "edge_12",
      "edge_13"
    ],
    "type": "box"
  },
  "node_4": {
    "parents": [
      "edge_5",
      "edge_10",
      "edge_14"
    ],
    "children": [
      "edge_14",
      "edge_15",
      "edge_16",
      "edge_17",
      "edge_18"
    ],
    "type": "box"
  },
  "node_5": {
    "parents": [
      "edge_6",
      "edge_11",
      "edge_15"
    ],
    "children": [
      "edge_19",
      "edge_20",
      "edge_21"
    ],
    "type": "box"
  },
  "node_6": {
    "parents": [
      "edge_7",
      "edge_16",
      "edge_19"
    ],
    "children": [
      "edge_22"
    ],
    "type": "box"
  },
  "node_7": {
    "parents": [
      "edge_8",
      "edge_12",
      "edge_17",
      "edge_20",
      "edge_22"
    ],
    "children": [],
    "type": "END"
  },
  "node_10": {
    "parents": [
      "edge_9",
      "edge_13",
      "edge_18",
      "edge_21"
    ],
    "children": [],
    "type": "END"
  },
  "edge_4": {
    "parents": [
      "node_1"
    ],
    "children": [
      "node_3"
    ],
    "type": "edge"
  },
  "edge_5": {
    "parents": [
      "node_1"
    ],
    "children": [
      "node_4"
    ],
    "type": "edge"
  },
  "edge_6": {
    "parents": [
      "node_1"
    ],
    "children": [
      "node_5"
    ],
    "type": "edge"
  },
  "edge_7": {
    "parents": [
      "node_1"
    ],
    "children": [
      "node_6"
    ],
    "type": "edge"
  },
  "edge_8": {
    "parents": [
      "node_1"
    ],
    "children": [
      "node_7"
    ],
    "type": "edge"
  },
  "edge_9": {
    "parents": [
      "node_1"
    ],
    "children": [
      "node_10"
    ],
    "type": "edge"
  },
  "edge_10": {
    "parents": [
      "node_3"
    ],
    "children": [
      "node_4"
    ],
    "type": "edge"
  },
  "edge_11": {
    "parents": [
      "node_3"
    ],
    "children": [
      "node_5"
    ],
    "type": "edge"
  },
  "edge_12": {
    "parents": [
      "node_3"
    ],
    "children": [
      "node_7"
    ],
    "type": "edge"
  },
  "edge_13": {
    "parents": [
      "node_3"
    ],
    "children": [
      "node_10"
    ],
    "type": "edge"
  },
  "edge_14": {
    "parents": [
      "node_4"
    ],
    "children": [
      "node_4"
    ],
    "type": "edge"
  },
  "edge_15": {
    "parents": [
      "node_4"
    ],
    "children": [
      "node_5"
    ],
    "type": "edge"
  },
  "edge_16": {
    "parents": [
      "node_4"
    ],
    "children": [
      "node_6"
    ],
    "type": "edge"
  },
  "edge_17": {
    "parents": [
      "node_4"
    ],
    "children": [
      "node_7"
    ],
    "type": "edge"
  },
  "edge_18": {
    "parents": [
      "node_4"
    ],
    "children": [
      "node_10"
    ],
    "type": "edge"
  },
  "edge_19": {
    "parents": [
      "node_5"
    ],
    "children": [
      "node_6"
    ],
    "type": "edge"
  },
  "edge_20": {
    "parents": [
      "node_5"
    ],
    "children": [
      "node_7"
    ],
    "type": "edge"
  },
  "edge_21": {
    "parents": [
      "node_5"
    ],
    "children": [
      "node_10"
    ],
    "type": "edge"
  },
  "edge_22": {
    "parents": [
      "node_6"
    ],
    "children": [
      "node_7"
    ],
    "type": "edge"
  }
}