{
  "node_1": {
    "children": [
      "edge_4",
      "edge_5",
      "edge_6",
      "edge_7",
      "edge_8"
    ],
    "parents": [],
    "type": "box"
  },
  "node_3": {
    "parents": [
      "edge_4"
    ],
    "children": [
      "edge_9",
      "edge_10",
      "edge_11",
      "edge_12"
    ],
    "type": "box"
  },
  "node_4": {
    "parents": [
      "edge_5",
      "edge_6",
      "edge_7",
      "edge_9",
      "edge_10",
      "edge_11"
    ],
    "children": [
      "edge_13",
      "edge_14",
      "edge_15"
    ],
    "type": "box"
  },
  "node_5": {
    "parents": [
      "edge_8",
      "edge_12"
    ],
    "children": [],
    "type": "END"
  },
  "node_6": {
    "parents": [
      "edge_13",
      "edge_14"
    ],
    "children": [],
    "type": "END"
  },
  "node_7": {
    "parents": [
      "edge_15"
    ],
    "children": [],
    "type": "END"
  },
  "edge_4": {
    "parents": [
      "node_1"
    ],
    "children": [
      "node_3"
    ],
    "type": "edge"
  },
  "edge_5": {
    "parents": [
      "node_1"
    ],
    "children": [
      "node_4"
    ],
    "type": "edge"
  },
  "edge_6": {
    "parents": [
      "node_1"
    ],
    "children": [
      "node_4"
    ],
    "type": "edge"
  },
  "edge_7": {
    "parents": [
      "node_1"
    ],
    "children": [
      "node_4"
    ],
    "type": "edge"
  },
  "edge_8": {
    "parents": [
      "node_1"
    ],
    "children": [
      "node_5"
    ],
    "type": "edge"
  },
  "edge_9": {
    "parents": [
      "node_3"
    ],
    "children": [
      "node_4"
    ],
    "type": "edge"
  },
  "edge_10": {
    "parents": [
      "node_3"
    ],
    "children": [
      "node_4"
    ],
    "type": "edge"
  },
  "edge_11": {
    "parents": [
      "node_3"
    ],
    "children": [
      "node_4"
    ],
    "type": "edge"
  },
  "edge_12": {
    "parents": [
      "node_3"
    ],
    "children": [
      "node_5"
    ],
    "type": "edge"
  },
  "edge_13": {
    "parents": [
      "node_4"
    ],
    "children": [
      "node_6"
    ],
    "type": "edge"
  },
  "edge_14": {
    "parents": [
      "node_4"
    ],
    "children": [
      "node_6"
    ],
    "type": "edge"
  },
  "edge_15": {
    "parents": [
      "node_4"
    ],
    "children": [
      "node_7"
    ],
    "type": "edge"
  }
}