{
  "node_1": {
    "children": [
      "edge_100"
    ],
    "parents": [],
    "type": "box"
  },
  "node_2": {
    "parents": [
      "edge_100"
    ],
    "children": [
      "edge_4",
      "edge_5",
      "edge_6"
    ],
    "type": "box"
  },
  "node_2_0": {
    "parents": [
      "edge_14_4"
    ],
    "children": [
      "edge_4_0",
      "edge_5_0",
      "edge_6_0"
    ],
    "type": "box"
  },
  "node_2_4": {
    "parents": [
      "edge_13"
    ],
    "children": [
      "edge_4_4",
      "edge_5_4",
      "edge_6_4"
    ],
    "type": "box"
  },
  "node_2_0_1": {
    "parents": [
      "edge_13_5_9"
    ],
    "children": [
      "edge_4_0_1",
      "edge_6_0_1"
    ],
    "type": "box"
  },
  "node_2_5_9": {
    "parents": [
      "edge_13_5"
    ],
    "children": [
      "edge_4_5_9",
      "edge_5_5_9",
      "edge_6_5_9"
    ],
    "type": "box"
  },
  "node_3": {
    "parents": [
      "edge_4"
    ],
    "children": [
      "edge_7"
    ],
    "type": "box"
  },
  "node_3_0": {
    "parents": [
      "edge_4_0",
      "edge_4_4",
      "edge_4_5_9"
    ],
    "children": [
      "edge_7_0"
    ],
    "type": "box"
  },
  "node_3_0_1": {
    "parents": [
      "edge_4_0_1"
    ],
    "children": [
      "edge_7_0_1"
    ],
    "type": "box"
  },
  "node_4_0": {
    "parents": [
      "edge_5_4",
      "edge_7_0"
    ],
    "children": [
      "edge_8_0",
      "edge_9_0",
      "edge_10_0",
      "edge_11_0"
    ],
    "type": "box"
  },
  "node_4_1": {
    "parents": [
      "edge_5_0"
    ],
    "children": [
      "edge_8_1",
      "edge_9_5_1",
      "edge_10_1",
      "edge_11_1"
    ],
    "type": "box"
  },
  "node_4_4": {
    "parents": [
      "edge_7"
    ],
    "children": [
      "edge_8_4",
      "edge_9_4",
      "edge_10_4",
      "edge_11_4"
    ],
    "type": "box"
  },
  "node_4_5": {
    "parents": [
      "edge_5"
    ],
    "children": [
      "edge_8",
      "edge_9_5",
      "edge_10",
      "edge_11"
    ],
    "type": "box"
  },
  "node_4_0_1": {
    "parents": [
      "edge_7_0_1"
    ],
    "children": [
      "edge_8_0_1",
      "edge_10_0_1",
      "edge_11_0_1"
    ],
    "type": "box"
  },
  "node_4_5_9": {
    "parents": [
      "edge_5_5_9"
    ],
    "children": [
      "edge_8_5_9",
      "edge_9_5_9",
      "edge_10_5_9",
      "edge_11_5_9"
    ],
    "type": "box"
  },
  "node_5_0": {
    "parents": [
      "edge_8_0",
      "edge_8_0_1"
    ],
    "children": [
      "edge_12"
    ],
    "type": "box"
  },
  "node_5_1": {
    "parents": [
      "edge_6",
      "edge_8",
      "edge_8_4",
      "edge_6_5_9",
      "edge_6_0",
      "edge_6_4",
      "edge_8_5_9",
      "edge_8_1",
      "edge_6_0_1"
    ],
    "children": [
      "edge_12_1"
    ],
    "type": "box"
  },
  "node_6": {
    "parents": [
      "edge_9_4"
    ],
    "children": [
      "edge_13"
    ],
    "type": "box"
  },
  "node_6_0": {
    "parents": [
      "edge_9_0",
      "edge_9_5_1"
    ],
    "children": [
      "edge_13_0"
    ],
    "type": "box"
  },
  "node_6_5": {
    "parents": [
      "edge_9_5"
    ],
    "children": [
      "edge_13_5"
    ],
    "type": "box"
  },
  "node_6_5_9": {
    "parents": [
      "edge_9_5_9"
    ],
    "children": [
      "edge_13_5_9"
    ],
    "type": "box"
  },
  "node_7": {
    "parents": [
      "edge_10"
    ],
    "children": [
      "edge_14_5"
    ],
    "type": "box"
  },
  "node_7_0": {
    "parents": [
      "edge_10_0",
      "edge_10_1",
      "edge_10_4",
      "edge_10_0_1",
      "edge_10_0_9"
    ],
    "children": [
      "edge_14"
    ],
    "type": "box"
  },
  "node_8": {
    "parents": [
      "edge_11",
      "edge_11_0",
      "edge_11_1",
      "edge_11_4",
      "edge_11_0_1",
      "edge_11_5_9"
    ],
    "children": [
      "edge_15"
    ],
    "type": "box"
  },
  "node_11": {
    "parents": [
      "edge_12_1"
    ],
    "children": [
      "edge_20",
      "edge_21"
    ],
    "type": "box"
  },
  "node_12": {
    "parents": [
      "edge_20"
    ],
    "children": [],
    "type": "END"
  },
  "node_13": {
    "parents": [
      "edge_21"
    ],
    "children": [],
    "type": "END"
  },
  "node_14": {
    "parents": [
      "edge_12",
      "edge_13_0",
      "edge_14"
    ],
    "children": [],
    "type": "END"
  },
    
  "edge_100": {
    "parents": [
      "node_1"
    ],
    "children": [
      "node_2"
    ],
    "type": "edge"
  },
  "edge_4": {
    "parents": [
      "node_2"
    ],
    "children": [
      "node_3"
    ],
    "type": "edge"
  },
  "edge_5": {
    "parents": [
      "node_2"
    ],
    "children": [
      "node_4_5"
    ],
    "type": "edge"
  },
  "edge_6": {
    "parents": [
      "node_2"
    ],
    "children": [
      "node_5_1"
    ],
    "type": "edge"
  },
  "edge_7": {
    "parents": [
      "node_3"
    ],
    "children": [
      "node_4_4"
    ],
    "type": "edge"
  },
  "edge_8": {
    "parents": [
      "node_4_5"
    ],
    "children": [
      "node_5_1"
    ],
    "type": "edge"
  },
  "edge_9_5": {
    "parents": [
      "node_4_5"
    ],
    "children": [
      "node_6_5"
    ],
    "type": "edge"
  },
  "edge_10": {
    "parents": [
      "node_4_5"
    ],
    "children": [
      "node_7"
    ],
    "type": "edge"
  },
  "edge_11": {
    "parents": [
      "node_4_5"
    ],
    "children": [
      "node_8"
    ],
    "type": "edge"
  },
  "edge_8_4": {
    "parents": [
      "node_4_4"
    ],
    "children": [
      "node_5_1"
    ],
    "type": "edge"
  },
  "edge_9_4": {
    "parents": [
      "node_4_4"
    ],
    "children": [
      "node_6"
    ],
    "type": "edge"
  },
  "edge_10_4": {
    "parents": [
      "node_4_4"
    ],
    "children": [
      "node_7_0"
    ],
    "type": "edge"
  },
  "edge_11_4": {
    "parents": [
      "node_4_4"
    ],
    "children": [
      "node_8"
    ],
    "type": "edge"
  },
  "edge_13": {
    "parents": [
      "node_6"
    ],
    "children": [
      "node_2_4"
    ],
    "type": "edge"
  },
  "edge_13_5": {
    "parents": [
      "node_6_5"
    ],
    "children": [
      "node_2_5_9"
    ],
    "type": "edge"
  },
  "edge_14_5": {
    "parents": [
      "node_7"
    ],
    "children": [
      "node_2_0"
    ],
    "type": "edge"
  },
  "edge_4_0": {
    "parents": [
      "node_2_0"
    ],
    "children": [
      "node_3_0"
    ],
    "type": "edge"
  },
  "edge_5_0": {
    "parents": [
      "node_2_0"
    ],
    "children": [
      "node_4_1"
    ],
    "type": "edge"
  },
  "edge_6_0": {
    "parents": [
      "node_2_0"
    ],
    "children": [
      "node_5_1"
    ],
    "type": "edge"
  },
  "edge_4_4": {
    "parents": [
      "node_2_4"
    ],
    "children": [
      "node_3_0"
    ],
    "type": "edge"
  },
  "edge_5_4": {
    "parents": [
      "node_2_4"
    ],
    "children": [
      "node_4_0"
    ],
    "type": "edge"
  },
  "edge_6_4": {
    "parents": [
      "node_2_0"
    ],
    "children": [
      "node_5_1"
    ],
    "type": "edge"
  },

  "edge_4_5_9": {
    "parents": [
      "node_2_5_9"
    ],
    "children": [
      "node_3_0"
    ],
    "type": "edge"
  },
  "edge_5_5_9": {
    "parents": [
      "node_2_5_9"
    ],
    "children": [
      "node_4_5_9"
    ],
    "type": "edge"
  },
  "edge_6_5_9": {
    "parents": [
      "node_2_5_9"
    ],
    "children": [
      "node_5_1"
    ],
    "type": "edge"
  },
  "edge_7_0": {
    "parents": [
      "node_3_0"
    ],
    "children": [
      "node_4_0"
    ],
    "type": "edge"
  },
  "edge_8_5_9": {
    "parents": [
      "node_4_5_9"
    ],
    "children": [
      "node_5_1"
    ],
    "type": "edge"
  },
  "edge_9_5_9": {
    "parents": [
      "node_4_5_9"
    ],
    "children": [
      "node_6_5_9"
    ],
    "type": "edge"
  },
  "edge_10_5_9": {
    "parents": [
      "node_4_5_9"
    ],
    "children": [
      "node_7_0"
    ],
    "type": "edge"
  },
  "edge_11_5_9": {
    "parents": [
      "node_4_5_9"
    ],
    "children": [
      "node_8"
    ],
    "type": "edge"
  },
  "edge_8_0": {
    "parents": [
      "node_4_0"
    ],
    "children": [
      "node_5_0"
    ],
    "type": "edge"
  },
  "edge_9_0": {
    "parents": [
      "node_4_0"
    ],
    "children": [
      "node_6_0"
    ],
    "type": "edge"
  },
  "edge_10_0": {
    "parents": [
      "node_4_0"
    ],
    "children": [
      "node_7_0"
    ],
    "type": "edge"
  },
  "edge_11_0": {
    "parents": [
      "node_4_0"
    ],
    "children": [
      "node_8"
    ],
    "type": "edge"
  },
  "edge_8_1": {
    "parents": [
      "node_4_1"
    ],
    "children": [
      "node_5_1"
    ],
    "type": "edge"
  },
  "edge_9_5_1": {
    "parents": [
      "node_4_1"
    ],
    "children": [
      "node_6_0"
    ],
    "type": "edge"
  },
  "edge_10_1": {
    "parents": [
      "node_4_1"
    ],
    "children": [
      "node_7_0"
    ],
    "type": "edge"
  },
  "edge_11_1": {
    "parents": [
      "node_4_1"
    ],
    "children": [
      "node_8"
    ],
    "type": "edge"
  },
  "edge_13_5_9": {
    "parents": [
      "node_6_5_1"
    ],
    "children": [
      "node_2_0_1"
    ],
    "type": "edge"
  },
  "edge_4_0_1": {
    "parents": [
      "node_2_0_1"
    ],
    "children": [
      "node_3_0_1"
    ],
    "type": "edge"
  },
  "edge_6_0_1": {
    "parents": [
      "node_2_0_1"
    ],
    "children": [
      "node_5_1"
    ],
    "type": "edge"
  },
  "edge_7_0_1": {
    "parents": [
      "node_3_0_1"
    ],
    "children": [
      "node_4_0_1"
    ],
    "type": "edge"
  },
  "edge_10_0_1": {
    "parents": [
      "node_4_0_1"
    ],
    "children": [
      "node_7_0"
    ],
    "type": "edge"
  },
  "edge_11_0_1": {
    "parents": [
      "node_4_0_1"
    ],
    "children": [
      "node_8"
    ],
    "type": "edge"
  },
  "edge_8_0_1": {
    "parents": [
      "node_4_0_1"
    ],
    "children": [
      "node_5_0"
    ],
    "type": "edge"
  },
  "edge_12": {
    "parents": [
      "node_5"
    ],
    "children": [
      "node_14"
    ],
    "type": "edge"
  },
  "edge_12_1": {
    "parents": [
      "node_5"
    ],
    "children": [
      "node_11"
    ],
    "type": "edge"
  },
  "edge_13_0": {
    "parents": [
      "node_6_0"
    ],
    "children": [
      "node_14"
    ],
    "type": "edge"
  },
  "edge_14": {
    "parents": [
      "node_7_0"
    ],
    "children": [
      "node_14"
    ],
    "type": "edge"
  },
  "edge_15": {
    "parents": [
      "node_8"
    ],
    "children": [
      "node_14"
    ],
    "type": "edge"
  },
  "edge_20": {
    "parents": [
      "node_11"
    ],
    "children": [
      "node_12"
    ],
    "type": "edge"
  },
  "edge_21": {
    "parents": [
      "node_11"
    ],
    "children": [
      "node_13"
    ],
    "type": "edge"
  }
}