{
  "node_1": {
    "JA": "-START- あなたは、血液内科の専門医です。あなたの元に、患者が付き添いと共に受診してきました。患者は、45歳の男性です。健康診断で行った血液検査により、急性白血病が疑われるため、骨髄検査を受ける必要があると、他院で判断されたそうです。患者には知的障害があるため、障害のグル-プホ-ムで生活しているそうです。あなたは、骨髄検査について時間をかけて丁寧に説明しましたが、患者は「怖い。検査は絶対に受けない。」と主張し、繰り返し拒否しています。この状況における対応として、あなたの考えに近いものを以下の選択肢から１つ選択してください。",
    "EN": "-START- You are a hematology specialist.# A patient accompanied by a caregiver presents for evaluation. @The patient is a 45-year-old male.@ Blood tests during a health check raised suspicion of acute leukemia, and another hospital recommended a bone marrow examination. The patient has an intellectual disability and resides in a group home. You thoroughly explained the bone marrow examination, but the patient repeatedly refuses, stating, “I am scared. I absolutely will not undergo the test.” Please select the option that best reflects your approach to this situation."
  },
  "edge_4": {
    "JA": "再度、患者に検査の必要性を説明し、検査を行うことを説得する。",
    "EN": "Re-explain the necessity of the examination to the patient and attempt to persuade them to undergo the test."
  },
  "edge_5": {
    "JA": "患者の家族に連絡し、検査の同意を得る。",
    "EN": "Contact the patient’s family and obtain consent for the examination."
  },
  "edge_6": {
    "JA": "患者の希望を尊重し、検査は行わない。",
    "EN": "Respect the patient’s wishes and forgo the examination."
  },
  "edge_7": {
    "JA": "患者の付き添い人に同意を取り、検査を実施する。",
    "EN": "Obtain consent from the patient’s companion and proceed with the examination."
  },
  "node_3": {
    "JA": "あなたは患者に検査の必要性を説明し、検査を行うことを説得しましたが、患者は拒否を繰り返しています。この状況における対応として、あなたの考えに近いものを以下の選択肢から１つ選択してください。",
    "EN": "After explaining the necessity of the examination and attempting persuasion, the patient continues to refuse repeatedly. Please select the option closest to your approach in this scenario."
  },
  "edge_8": {
    "JA": "再度、患者に検査の必要性を説明し、検査を行うことを説得する。",
    "EN": "Re-explain the necessity and persuade the patient to undergo the examination again."
  },
  "edge_9": {
    "JA": "患者の家族に連絡し、検査の同意を得る。",
    "EN": "Contact the patient’s family and obtain consent for the examination."
  },
  "edge_10": {
    "JA": "患者の希望を尊重し、検査は行わない。",
    "EN": "Respect the patient’s wishes and do not conduct the examination."
  },
  "edge_11": {
    "JA": "患者の付き添い人に同意を取り、検査を実施する。",
    "EN": "Obtain consent from the patient’s companion and proceed with the examination."
  },
  "node_4": {
    "JA": "患者の家族に連絡することを検討しましたが、患者に家族と呼べる関係性の者は見つかりませんでした。この状況における対応として、あなたの考えに近いものを以下の選択肢から１つ選択してください。",
    "EN": "You considered contacting the patient’s family but could not identify anyone considered family. Please select the option closest to your approach in this situation."
  },
  "edge_12": {
    "JA": "病院の倫理委員会に相談し検査実施について検討する。",
    "EN": "Consult the hospital’s ethics committee and consider conducting the examination."
  },
  "edge_13": {
    "JA": "患者の希望を尊重し、検査は行わない。",
    "EN": "Respect the patient’s wishes and do not conduct the examination."
  },
  "edge_14": {
    "JA": "患者の付き添い人に同意を取り、検査を実施する。",
    "EN": "Obtain consent from the patient’s companion and proceed with the examination."
  },
  "node_6": {
    "JA": "あなたは患者の意思を尊重し、検査を実施せずに様子を見ることにしました。 -END-",
    "EN": "You respected the patient’s wishes and decided to monitor without conducting tests. -END-"
  },
  "node_8": {
    "JA": "患者の付き添いは、患者の成年後見人ではありません。この状況における対応として、あなたの考えに近いものを以下の選択肢から１つ選択してください。",
    "EN": "The patient’s companion is not their legal guardian. Please select the option closest to your approach in this situation."
  },
  "edge_16": {
    "JA": "再度、患者に検査の必要性を説明し、検査を行うことを説得する。",
    "EN": "Re-explain the necessity of the examination to the patient and persuade them to undergo it."
  },
  "edge_17": {
    "JA": "患者の希望を尊重し、検査は行わない。",
    "EN": "Respect the patient’s wishes and do not conduct the examination."
  },
  "edge_18": {
    "JA": "病院の倫理委員会に相談した上で検査実施について検討する。",
    "EN": "Consult the hospital’s ethics committee before considering examination."
  },
  "edge_19": {
    "JA": "市町村の福祉機関に相談した上で検査実施について検討する。",
    "EN": "Consult the municipal welfare agency before considering examination."
  },
  "edge_20": {
    "JA": "成年後見人でなくても構わないため、ともかく同意をとり、検査を実施する。",
    "EN": "Since legal guardianship is not required, obtain consent from the companion and proceed with the examination."
  },
  "node_5": {
    "JA": "相談した結果、検査が必要であると判断されたため、必要な手続きを行いました。",
    "EN": "After consultation, it was determined that the examination is necessary, and the required procedures were carried out."
  },
  "edge_15": {
    "JA": "次へ。",
    "EN": "Next."
  },
  "node_7": {
    "JA": "あなたは鎮静下で骨髄検査を実施しました。 -END-",
    "EN": "You performed a bone marrow examination under sedation. -END-"
  }
}