{
  "node_1": {
    "JA": "-START- あなたは、緩和ケア病棟で働く内科医です。あなたの元に、患者が遠縁の親族に連れられて来院しました。患者は、78歳女性です。その患者は、末期がんで、在宅での見取りを希望しています。認知機能は正常で、判断能力は十分にあると考えられます。一方、患者の親族は、在宅での看護の負担を理由に、病院での看取りをしてほしいと言っています。患者は、他に頼れる親族等はいません。この状況における対応として、あなたの考えに近いものを以下の選択肢から１つ選択してください。",
    "EN": "-START- You are an internist in a palliative care ward.# A patient has been brought in by a distant relative. @The patient is s 78-year-old female.@ The patient has terminal cancer and wishes to spend their final days at home. Their cognitive function is intact, and they are deemed capable of making decisions. However, the relative has requested hospital-based care due to the burden of home caregiving. The patient has no other support. Please choose the response that most closely aligns with your view."
  },
  "edge_5": {
    "JA": "患者の親族に、在宅看護が難しい理由について尋ねる。",
    "EN": "Ask the relative why home care is considered difficult."
  },
  "edge_6": {
    "JA": "患者と患者の親族によく話し合うように伝える。",
    "EN": "Advise the patient and relative to have a thorough discussion."
  },
  "edge_7": {
    "JA": "看護サ-ビスを受けられるため、地域包括センタ-を紹介する。",
    "EN": "Refer them to the Community Comprehensive Support Center for nursing services."
  },
  "edge_8": {
    "JA": "患者の希望を叶えるように患者親族を説得する。",
    "EN": "Persuade the relative to support the patient’s wishes."
  },
  "edge_9": {
    "JA": "患者のサポ-トを行う親族の意向を優先する。",
    "EN": "Prioritize the preferences of the caregiving relative."
  },
  "node_3": {
    "JA": "患者の親族は、「家庭の事情により、在宅で長時間看護するのは難しい。」と回答しました。この状況における対応として、あなたの考えに近いものを以下の選択肢から１つ選択してください。",
    "EN": "The relative explained that, due to family circumstances, providing long-term home care is difficult. Please choose the response that most closely reflects your perspective."
  },
  "edge_10": {
    "JA": "看護サ-ビスを受けられるため、地域包括センタ-を紹介する。",
    "EN": "Refer to the Community Comprehensive Support Center for nursing services."
  },
  "edge_11": {
    "JA": "患者の希望を叶えるように患者親族を説得する。",
    "EN": "Persuade the relative to support the patient’s wishes."
  },
  "edge_12": {
    "JA": "患者のサポ-トを行う親族の意向を優先する。",
    "EN": "Prioritize the preferences of the caregiving relative."
  },
  "node_4": {
    "JA": "あなたは、患者と患者の親族に、まず双方でよく話し合うように伝えました。しかし、中々話し合いが決着しない様子で、患者と患者親族は再度、あなたに相談をしてきました。この状況における対応として、あなたの考えに近いものを以下の選択肢から１つ選択してください。",
    "EN": "You advised the patient and the relative to discuss the matter thoroughly. However, as their discussion reached no resolution, they consulted you again. Please choose the most appropriate response below."
  },
  "edge_13": {
    "JA": "患者の親族に、在宅看護が難しい理由について尋ねる。",
    "EN": "Ask the relative why home care is considered difficult."
  },
  "edge_14": {
    "JA": "看護サ-ビスを受けられるため、地域包括センタ-を紹介する。",
    "EN": "Refer them to the Community Comprehensive Support Center for nursing services."
  },
  "edge_15": {
    "JA": "患者の希望を叶えるように患者親族を説得する。",
    "EN": "Persuade the relative to support the patient’s wishes."
  },
  "edge_16": {
    "JA": "患者のサポ-トを行う親族の意向を優先する。",
    "EN": "Prioritize the preferences of the caregiving relative."
  },
  "node_5": {
    "JA": "あなたは、患者の看護について、地域包括支援センタ-に相談するように伝えました。そして、患者と患者親族は、地域包括センタ-に相談し、在宅看護サ-ビスを受けながら、在宅看護をすることにしたようです。",
    "EN": "You advised them to consult the Community Comprehensive Support Center regarding nursing care. Subsequently, the patient and relative agreed to receive home care services and proceed with home-based care."
  },
  "edge_17": {
    "JA": "次へ。",
    "EN": "Next."
  },
  "node_6": {
    "JA": "ある日、あなたは、訪問診療で患者宅に訪問しました。患者は、処方薬の管理ができておらず、また脱水症が疑われる状態でした。あなたは、患者親族によるネグレクトを疑いましたが、患者は虐待を否定しています。高齢者虐待は、行政への報告義務がありますが、一方で、報告を行うことによって、患者に被害が及んだり、患者の親族から訴えられるリスクがあります。この状況における対応として、あなたの考えに近いものを以下の選択肢から１つ選択してください。",
    "EN": "During a home visit, you found that the patient could not manage medications and showed signs of dehydration. You suspected neglect, but the patient denied abuse. Although elder abuse must be reported, doing so may risk harm to the patient or legal repercussions from the relative. Please select the response that most closely reflects your view."
  },
  "edge_18": {
    "JA": "在宅看護の継続は危険であるため、患者を入院させる。",
    "EN": "Hospitalize the patient, as continuing home care is unsafe."
  },
  "edge_19": {
    "JA": "患者が危険な状態であることと、ネグレクトは虐待に当たることについて患者の親族を厳重に注意し、様子を見る。",
    "EN": "Warn the relatives that the patient’s condition is critical and that neglect constitutes abuse, and continue to monitor."
  },
  "edge_20": {
    "JA": "脱水の対応と服薬指導を行い様子を見る。",
    "EN": "Treat the dehydration and provide medication guidance, then monitor the situation."
  },
  "edge_21": {
    "JA": "ネグレクトについて地域包括センタ-に相談し、患者を入院させる。",
    "EN": "Consult the Community Comprehensive Support Center regarding suspected neglect and hospitalize the patient."
  },
  "node_9": {
    "JA": "患者家族の意向通り、患者は緩和ケア病棟に入院する方向となりました。 -END-",
    "EN": "Following the family's wishes, the patient was scheduled for admission to the palliative care ward. -END-"
  },
  "node_7": {
    "JA": "患者は、緊急入院することになりました。脱水の状態が改善した後に、緩和ケア病棟へ転院することになりました。 -END-",
    "EN": "The patient was admitted to the hospital on an emergency basis. After improvement in dehydration, the patient was transferred to the palliative care ward. -END-"
  },
  "node_8": {
    "JA": "数日後、患者が自宅で亡くなっていたと、患者の親族から連絡がありました。患者は希望通り、自宅で最後を迎えることができました。-END-",
    "EN": "A few days later, the relative reported that the patient had died at home. The patient was able to pass away at home, in accordance with their wishes. -END-"
  },
  "node_10": {
    "JA": "あなたは、患者を保護入院させた上で、患者のネグレクトを地域包括センタ-に相談しました。結果として、患者は緩和ケア病棟に転院することになりました。 -END-",
    "EN": "You admitted the patient for protective care and reported suspected neglect to the Community Comprehensive Support Center. As a result, the patient was transferred to the palliative care ward. -END-"
  }
}