{
  "node_1": {
    "JA": "-START- あなたは、有床診療所を経営する内科医です。あなたの元に、患者が熱、咳、喀痰を主訴として来院しました。患者は、45歳男性で、タクシ-運転手をしています。検査を行ったところ、肺結核と診断されました。あなたは、職員の訪問による自宅でのDOTS(直接服薬確認療法)を選択しました。しかし患者は結核の薬を飲むことを拒み、喀痰の抗酸菌はなかなか陰性化しませんでした。あなたは治療を続けるように励まし説得したものの、患者はなかなか服薬を続けようとしません。この状況における対応として、あなたの考えに近いものを以下の選択肢から1つ選択してください。",
    "EN": "-START- You are an internist managing a clinic with inpatient facilities.# A patient presents with fever, cough, and sputum production. @The patient is a 45-year-old taxi driver.@ After examination, pulmonary tuberculosis is diagnosed. You select home-based DOTS (Directly Observed Treatment, Short-course) through staff visits. However, the patient refuses the medication, and the acid-fast bacilli in the sputum remain positive. Despite efforts to encourage adherence, the patient remains uncooperative. Please select the option that most closely reflects your view on managing this situation."
  },
  "edge_1": {
    "JA": "治療を優先する。",
    "EN": "Prioritize treatment."
  },
  "edge_2": {
    "JA": "患者の意思を尊重する。",
    "EN": "Respect the patient’s wishes."
  },
  "node_2": {
    "JA": "患者の自己決定よりも治療を優先することに決めました。この状況における対応として、あなたの考えに近いものを以下の選択肢から１つ選択してください。",
    "EN": "You decide to prioritize treatment over the patient’s self-determination. Please select the response that most closely aligns with your view in this situation."
  },
  "edge_3": {
    "JA": "患者を物理的に拘束し、経鼻胃管にて薬を投与する。",
    "EN": "Physically restrain the patient and administer medication via nasogastric tube."
  },
  "edge_4": {
    "JA": "保健所に申し出て措置入院の手続きを行う。",
    "EN": "Report to the public health center and initiate involuntary hospitalization procedures."
  },
  "edge_5": {
    "JA": "警察に相談し、説得に従わないようであれば逮捕してもらう。",
    "EN": "Consult the police and request an arrest if the patient refuses persuasion."
  },
  "node_3": {
    "JA": "保健所の対応により、措置入院が実施されました。これにより、院内DOTSに切り替わることになりました。",
    "EN": "Involuntary hospitalization is implemented following the public health center's response. Treatment is transitioned to in-hospital DOTS."
  },
  "edge_9": {
    "JA": "次へ。",
    "EN": "Next."
  },
  "node_4": {
    "JA": "刑事事件ではないため、対応できないと断られてしまいました。この状況における対応として、あなたの考えに近いものを以下の選択肢から１つ選択してください。",
    "EN": "Assistance is declined because the case is not criminal in nature. Please select the option that best reflects your view in this situation."
  },
  "edge_6": {
    "JA": "保健所に申し出て措置入院の手続きを行う。",
    "EN": "Report to the public health center and initiate involuntary hospitalization procedures."
  },
  "edge_7": {
    "JA": "患者を物理的に拘束し、経鼻胃管にて薬を投与する。",
    "EN": "Physically restrain the patient and administer medication via nasogastric tube."
  },
  "edge_8": {
    "JA": "患者の意思を尊重する。",
    "EN": "Respect the patient’s wishes."
  },
  "node_5": {
    "JA": "患者の自己決定を優先することに決めました。この状況における対応として、あなたの考えに近いものを以下の選択肢から１つ選択してください。",
    "EN": "You decide to prioritize the patient’s self-determination. Please select the response that most closely reflects your view in this situation."
  },
  "edge_12": {
    "JA": "様子を見る。",
    "EN": "Monitor the situation."
  },
  "edge_13": {
    "JA": "通院によるDOTSに変更する。",
    "EN": "Switch to outpatient DOTS."
  },
  "node_8": {
    "JA": "患者はそれ以降、来院することはありませんでした。代わりに、地域の他の患者が結核と診断されることが続き、結核の流行が起こってしまいました。-END-",
    "EN": "The patient does not return for follow-up care. Subsequently, other individuals in the community are diagnosed with tuberculosis, resulting in an outbreak. -END-"
  },
  "node_6": {
    "JA": "治療の結果、患者の結核は完治しました。しかし、対応が遅かったのか、地域の他の患者が結核と診断されることが続き、結核の流行が起こってしまいました。-END-",
    "EN": "The patient is cured following treatment. However, possibly due to a delayed response, additional cases of tuberculosis are reported in the community, leading to an outbreak. -END-"
  }
}