{
  "node_1": {
    "JA": "-START- あなたは総合病院で働く内科医です。あなたの元に患者が、高血圧症の定期通院のために来院しました。患者は75歳女性です。その患者は、日頃の感謝のしるしにと、デパ-トで購入したケ-キとそのデパ-トの商品券を贈り物として差し出してきました。この状況における対応として、あなたの考えに近いものを以下の選択肢から１つ選択してください。",
    "EN": "-START- You are an internist at a general hospital.# A patient visits for a regular hypertension follow-up. @The patient is a 75-year-old female.@ As a gesture of gratitude, the patient offers you a department store cake and a gift certificate. Please choose the option that best reflects how you would respond."
  },
  "edge_4": {
    "JA": "「贈り物の必要はありませんよ。」と答える",
    "EN": "Respond, “There is no need for a gift.”"
  },
  "edge_5": {
    "JA": "病院の利益相反委員会に相談する。",
    "EN": "Consult the hospital's conflict of interest committee."
  },
  "edge_6": {
    "JA": "患者に感謝を伝え、ケ-キと商品券の両方を受け取る。",
    "EN": "Express appreciation and accept both the cake and the gift certificate."
  },
  "edge_7": {
    "JA": "患者に感謝を伝え、ケ-キのみ受け取り、商品券はお返しする。",
    "EN": "Thank the patient, accept the cake, and return the gift certificate."
  },
  "edge_8": {
    "JA": "ケ-キと商品券、両方の受け取りを拒否する。",
    "EN": "Decline both the cake and the gift certificate."
  },
  "node_3": {
    "JA": "あなたは患者に、あなたの考えを説明しました。患者は、「そうなのですか。せっかくあなたのために準備したものなので、今回だけでも受け取ってください。」と答えました。この状況における対応として、あなたの考えに近いものを以下の選択肢から１つ選択してください。",
    "EN": "You explained your position to the patient. The patient responded, “I prepared this especially for you, so please accept it just this once.” Please select the response that best reflects your view."
  },
  "edge_9": {
    "JA": "病院の利益相反委員会に相談する。",
    "EN": "Consult the hospital's conflict of interest committee."
  },
  "edge_10": {
    "JA": "患者に感謝を伝え、ケ-キと商品券の両方を受け取る。",
    "EN": "Express appreciation and accept both the cake and the gift certificate."
  },
  "edge_11": {
    "JA": "患者に感謝を伝え、ケ-キのみ受け取り、商品券はお返しする。",
    "EN": "Thank the patient, accept the cake, and return the gift certificate."
  },
  "edge_12": {
    "JA": "ケ-キと商品券、両方の受け取りを拒否する。",
    "EN": "Decline both the cake and the gift certificate."
  },
  "node_4": {
    "JA": "あなたは病院の利益相反委員会に相談することにしました。利益相反委員会の回答は「医師は医療行為に対し、定められた以外の報酬を受け取ってはいけない。」とありました。この状況における対応として、あなたの考えに近いものを以下の選択肢から１つ選択してください。",
    "EN": "You consulted the hospital's conflict of interest committee, which responded: “Physicians may not accept compensation beyond what is stipulated for medical services.” Please choose the response that best reflects your position."
  },
  "edge_13": {
    "JA": "患者に感謝を伝え、ケ-キと商品券の両方を受け取る。",
    "EN": "Express appreciation and accept both the cake and the gift certificate."
  },
  "edge_14": {
    "JA": "患者に感謝を伝え、ケ-キのみ受け取り、商品券はお返しする。",
    "EN": "Thank the patient, accept the cake, and return the gift certificate."
  },
  "edge_15": {
    "JA": "ケ-キと商品券、両方の受け取りを拒否する。",
    "EN": "Decline both the cake and the gift certificate."
  },
  "node_5": {
    "JA": "あなたは、患者から、ケ-キと商品券の２つの贈り物を受け取ることにしました。患者は満足そうに帰っていきました。このことを病院の責任者に伝えますか。あなたの考えに近いものを以下の選択肢から１つ選択してください。",
    "EN": "You chose to accept both the cake and the gift certificate. The patient left satisfied. Will you report this to the hospital administrator? Please choose the response that best reflects your decision."
  },
  "edge_16": {
    "JA": "報告する。",
    "EN": "Report."
  },
  "edge_17": {
    "JA": "報告しない。",
    "EN": "Do not report."
  },
  "node_6": {
    "JA": "あなたは患者から、ケ-キのみ、受け取ることにしました。患者は、少し申し訳なさそうにしておりました。このことを病院の責任者に伝えますか。あなたの考えに近いものを以下の選択肢から１つ選択してください。",
    "EN": "You accepted only the cake. The patient seemed slightly apologetic. Will you report this to the hospital administrator? Please select the response that best reflects your decision."
  },
  "edge_18": {
    "JA": "報告する。",
    "EN": "Report."
  },
  "edge_19": {
    "JA": "報告しない。",
    "EN": "Do not report."
  },
  "node_7": {
    "JA": "あなたは、「医師は、患者から金品を受け取るのは許されておりません。」と患者に伝えました。患者は、落ち込んだ様子で、帰っていきました。  -END-",
    "EN": "You told the patient, “Physicians are not permitted to accept gifts or money from patients.” The patient left, appearing discouraged. -END-"
  },
  "node_8": {
    "JA": "あなたは患者からの贈り物を受け取ったことを病院の責任者に報告しました。ケ-キは病院スタッフで分け合うこととなりました。 -END-",
    "EN": "You reported the gift to the hospital administrator. The cake was shared among the staff. -END-"
  },
  "node_9": {
    "JA": "あなたは患者からの贈り物を受け取ったことを病院の責任者には伝えずに持ち帰ることにしました。 -END-",
    "EN": "You decided to take the gift home without informing the hospital administrator. -END-"
  }
}