{
  "node_1": {
    "JA": "-START- あなたは、臨床と研究の双方に勤しむ大学病院の精神科の医局員です。あなたの担当する入院患者についてです。患者は、60歳男性です。その患者は、統合失調症と診断されており、入院中も話が飛躍する傾向がありましたが、幸いにして、治療が奏効し、症状が急激に改善しました。患者は退院時に、「是非ともあなたの研究を援助したい」と言って1,000万円の寄付を申し出ました。この状況における対応として、あなたの考えに近いものを以下の選択肢から１つ選択してください。",
    "EN": "-START- You are a psychiatrist at a university hospital engaged in both clinical practice and research.# This case involves a inpatient diagnosed with schizophrenia, who exhibited disorganized speech during hospitalization. @The patient is a 60-year-old male.@ Fortunately, treatment led to a marked improvement. Upon discharge, the patient offered a donation of 10 million yen, expressing a strong desire to support your research. Please select the option that best reflects your response."
  },
  "edge_4": {
    "JA": "患者の判断能力を確かめるために、精神科での受診を指示する。",
    "EN": "Refer the patient for psychiatric evaluation to assess decision-making capacity."
  },
  "edge_5": {
    "JA": "病院の利益相反委員会に相談する。",
    "EN": "Consult the hospital's conflict of interest committee."
  },
  "edge_6": {
    "JA": "患者に感謝の気持ちを伝え、寄付の申し出を受け入れる。",
    "EN": "Express gratitude and accept the donation."
  },
  "edge_7": {
    "JA": "寄付の申し出を断る。",
    "EN": "Decline the donation."
  },
  "node_3": {
    "JA": "患者は、院内の精神科で診察を受け、判断能力に問題ないと報告を受けました。この状況における対応として、あなたの考えに近いものを以下の選択肢から１つ選択してください。",
    "EN": "The patient underwent a psychiatric evaluation and was deemed to have intact judgment. Please select the response that best reflects your view."
  },
  "edge_8": {
    "JA": "病院の利益相反委員会に相談する。",
    "EN": "Consult the hospital's conflict of interest committee."
  },
  "edge_9": {
    "JA": "患者に感謝の気持ちを伝え、寄付の申し出を受け入れる。",
    "EN": "Express gratitude and accept the donation."
  },
  "edge_10": {
    "JA": "寄付の申し出を断る。",
    "EN": "Decline the donation."
  },
  "node_4": {
    "JA": "院内の利益相反委員会によると、「寄付の窓口で規定に沿った手続きを行って寄付を受けてください。」と返答がありました。規定に沿った手続きはとても複雑で、寄付を申し出ている患者には負担のように思われます。この状況における対応として、あなたの考えに近いものを以下の選択肢から１つ選択してください。",
    "EN": "The conflict of interest committee responded: “Please proceed through the donation office following institutional procedures.” These procedures are highly complex and may seem burdensome to the patient. Please choose the option that best reflects your response."
  },
  "edge_11": {
    "JA": "患者に感謝の気持ちを伝え、寄付の個人的に申し出を受け入れる。",
    "EN": "Express gratitude and accept the donation personally."
  },
  "edge_12": {
    "JA": "寄付の申し出を断る。",
    "EN": "Decline the donation."
  },
  "edge_13": {
    "JA": "寄付の手続きがとても大変であることを理由に断る。",
    "EN": "Decline the donation due to the complexity of the procedures."
  },
  "edge_14": {
    "JA": "病院内の寄附窓口に行くように伝える。",
    "EN": "Instruct the patient to proceed through the hospital's donation office."
  },
  "node_5": {
    "JA": "あなたは、「ありがとうございます。この寄付は、私の研究のために使わせてもらいます。」と受け取ることにしました。あなたは寄付を受ける旨を、病院の責任者に報告しますか。あなたの考えに近いものを以下の選択肢から１つ選択してください。",
    "EN": "You said, “Thank you very much. I will use this donation for my research,” and accepted it. Will you report this to the hospital administrator? Please choose the response that best reflects your view."
  },
  "edge_15": {
    "JA": "報告する。",
    "EN": "Report."
  },
  "edge_16": {
    "JA": "報告しない。",
    "EN": "Do not report."
  },
  "node_6": {
    "JA": "あなたは、寄付の申し出を断りました。 -END-",
    "EN": "You declined the donation. -END-"
  },
  "node_9": {
    "JA": "あなたは、患者に寄付の窓口で手続きを行うように伝えました。患者は感謝しながら、窓口に向かいました。 -END-",
    "EN": "You directed the patient to complete the donation process at the designated office. The patient, expressing appreciation, proceeded to the donation desk. -END-"
  },
  "node_7": {
    "JA": "あなたは寄付を受け取った旨を病院の責任者に報告しました。無断で寄付を受け取ったことを知った責任者はこれを問題とし、あなたは処分されることとなってしまいました。 -END-",
    "EN": "You reported the donation to the hospital administrator. Upon learning that it was received without prior approval, the administrator raised concerns, and you were disciplined. -END-"
  },
  "node_8": {
    "JA": "あなたは寄付を受け取った旨を病院の責任者には秘密にすることにしました。そして寄付をしてくれた患者の治療を手厚く行おうと考えるようになりました。 -END-",
    "EN": "You decided not to inform the hospital administrator about the donation. You began considering providing preferential treatment to the donor. -END-"
  }
}