{
  "node_1": {
    "JA": "-START- あなたは産婦人科で働く指定医です。あなたの勤務先に入院している妊婦についてです。妊婦は36歳女性です。その妊婦は、すでに2人の子どもがおり、今回は医学的理由から帝王切開術による出産の方針となりました。その際、妊婦は卵管結紮による不妊手術を希望しています。卵管結紮術は、不妊手術の１つであり、一度行えば再度妊娠することは基本的に不可能です。この状況における対応として、あなたの考えに近いものを以下の選択肢から１つ選択してください。",
    "EN": "-START- You are a designated obstetrician working in an obstetrics and gynecology department.a# A pregnant woman hospitalized at your facility has two children. @The patient is a 36-year-old female.@ Due to medical reasons, cesarean delivery is planned. The patient requests sterilization by tubal ligation during the cesarean section. Tubal ligation is a permanent sterilization procedure that generally precludes future pregnancy. Please select the option closest to your response from the choices below."
  },
  "edge_5": {
    "JA": "妊婦本人に、妊婦とその配偶者の両方の同意が必要であることを説明し、配偶者との話し合いを勧める。",
    "EN": "Explain to the patient that consent from both the patient and spouse is required, and encourage discussion with the spouse."
  },
  "edge_6": {
    "JA": "診察室に、妊婦と妊婦の配偶者の両方を呼び出し、卵管結紮術について詳しく説明を行う。",
    "EN": "Call both the patient and spouse into the consultation room and provide a detailed explanation of tubal ligation."
  },
  "edge_7": {
    "JA": "妊婦の希望通り、帝王切開に加えて、卵管結紮術を行う。",
    "EN": "Perform a cesarean section and tubal ligation according to the patient's wishes."
  },
  "edge_8": {
    "JA": "妊婦はまだ妊娠可能年齢であるため、卵管結紮術は行えないと説明する。代わりに可逆的な他の避妊方法について説明する。",
    "EN": "Explain that tubal ligation cannot be performed because the patient is still of childbearing age; instead, discuss reversible contraceptive methods."
  },
  "edge_9": {
    "JA": "こちらでは対応できないため、転院を勧告する。",
    "EN": "Explain that the case cannot be handled at this facility and recommend transfer to another hospital."
  },
  "node_3": {
    "JA": "あなたは、妊婦に、配偶者とよく話し合うように勧めました。しかし、妊婦は、配偶者は大反対で、同意は取れそうにないと言います。この状況における対応として、あなたの考えに近いものを以下の選択肢から１つ選択してください。",
    "EN": "You advised the patient to discuss thoroughly with the spouse. However, the patient reports that the spouse strongly opposes, and consent is unlikely. Please select the option closest to your response from the choices below."
  },
  "edge_10": {
    "JA": "診察室に、妊婦と妊婦の配偶者の両方を呼び出し、卵管結紮術について詳しく説明を行う。",
    "EN": "Call both the patient and spouse into the consultation room and provide a detailed explanation of tubal ligation."
  },
  "edge_11": {
    "JA": "妊婦の希望通り、帝王切開に加えて、卵管結紮術を行う。",
    "EN": "Perform a cesarean section and tubal ligation according to the patient's wishes."
  },
  "node_4": {
    "JA": "あなたは、妊婦と妊婦の配偶者を診察室に呼び出し、卵管結紮術について説明しました。配偶者は、説明を理解し、その場では同意書にサインをしましたが、後日、妊婦のいない場で、「同意を撤回したい。」と言ってきました。この状況における対応として、あなたの考えに近いものを以下の選択肢から１つ選択してください。",
    "EN": "You called the patient and spouse into the consultation room and explained tubal ligation. The spouse understood and signed the consent form but, later, in the patient's absence, requested to withdraw consent. Please select the option closest to your response from the choices below."
  },
  "edge_12": {
    "JA": "あなたの方から、妊婦に卵管結紮術をやめるように説得する。",
    "EN": "Persuade the patient to forgo tubal ligation."
  },
  "edge_13": {
    "JA": "一度行った同意は撤回できないことを説明する。",
    "EN": "Explain that consent, once given, cannot be withdrawn."
  },
  "edge_14": {
    "JA": "妊婦本人の意向が優先されるため、同意は撤回できないと説明する。",
    "EN": "Explain that the patient's intent takes priority, so consent cannot be withdrawn."
  },
  "edge_15": {
    "JA": "一度行った同意は撤回できるものの、同意の撤回前に一度妊婦とよく話し合うように説得する。",
    "EN": "Explain that consent can be withdrawn, but advise the spouse to discuss thoroughly with the patient before doing so."
  },
  "node_5": {
    "JA": "あなたは、妊婦に、妊婦の配偶者が同意を撤回した旨を説明し、卵管結紮術をやめるように説得し、他の避妊方法について説明しました。しかし妊婦の意思は変わりませんでした。この状況における対応として、あなたの考えに近いものを以下の選択肢から１つ選択してください。",
    "EN": "You explained to the patient that the spouse withdrew consent, tried to persuade the patient to forgo tubal ligation, and explained other contraceptive methods. However, the patient's decision did not change. Please select the option closest to your response from the choices below."
  },
  "edge_16": {
    "JA": "妊婦の希望通り、帝王切開に加えて、卵管結紮術を行う。",
    "EN": "Perform a cesarean section and tubal ligation according to the patient's wishes."
  },
  "edge_17": {
    "JA": "妊婦はまだ妊娠可能年齢であるため、卵管結紮術は行えないと説明する。代わりに可逆的な他の避妊方法について説明する。",
    "EN": "Explain that tubal ligation cannot be performed because the patient is still of childbearing age; instead, discuss reversible contraceptive methods."
  },
  "edge_18": {
    "JA": "こちらでは対応できないと説明し、転院を勧告する。",
    "EN": "Explain that the case cannot be handled here and recommend transfer to another hospital."
  },
  "node_6": {
    "JA": "あなたは、一度行った同意は撤回できないことを説明しました。妊婦の配偶者は、返事をせず、そのまま病院を立ち去りました。",
    "EN": "You explained that consent, once given, cannot be withdrawn. The spouse did not respond and left the hospital."
  },
  "node_7": {
    "JA": "あなたは、同意の撤回は行えることを説明し、ただし撤回する前に妊婦とよく話し合うように勧めました。妊婦の配偶者は、それ以来連絡してくることはありませんでした。",
    "EN": "You explained that consent can be withdrawn but recommended a thorough discussion with the patient before withdrawal. The spouse has not contacted you since."
  },
  "node_8": {
    "JA": "あなたは、妊婦に卵管結紮術を行う方針としました。 -END-",
    "EN": "You have decided to perform tubal ligation on the patient. -END-"
  },
  "node_10": {
    "JA": "あなたは、妊婦に卵管結紮術は行わない方針としました。 -END-",
    "EN": "You have decided not to perform tubal ligation on the patient. -END-"
  },
  "node_11": {
    "JA": "患者は、自分の意向に沿った方針の病院を探すために転院しました。 -END-",
    "EN": "The patient transferred to another hospital to find one aligned with their preferences. -END-"
  },
  "edge_19": {
    "JA": "次へ。",
    "EN": "Next."
  },
  "edge_20": {
    "JA": "次へ。",
    "EN": "Next."
  }

}