{
  "node_1": {
    "JA": "-START- あなたは救急部の医師です。40日前に交通事故で搬送され、緊急入院した患者についてです。患者は25歳男性です。その患者は、意識の消失と呼吸停止、瞳孔の散大固定が見られるなどの症状が40日間改善せず、脳死状態であると考えられます。患者の所持品の中に 臓器提供意思表示カ-ドがあり、そこには脳死状態における臓器提供について「私は、脳死後及び心臓が停止した死後のいずれでも、移植の為に 臓器を提供します。」の項目の同意サインが示されていました。この状況における対応として、あなたの考えに近いものを以下の選択肢から１つ選択してください。",
    "EN": "-START- You are a physician in the emergency department.# This concerns a patient admitted 40 days ago after a traffic accident. @The patient is a 25-years-old male.@ They have exhibited persistent loss of consciousness, respiratory arrest, and fixed dilated pupils for 40 days and are considered brain dead. Among the patient's belongings was an organ donation card indicating consent to donate organs after brain death or cardiac death. Please select the option below that best aligns with your response to this situation."
  },
  "edge_4": {
    "JA": "この件について、倫理委員会に相談する。",
    "EN": "I will consult the ethics committee regarding this matter."
  },
  "edge_5": {
    "JA": "臓器提供意思カ-ドのことについて、患者家族に連絡をとり、臓器移植コ-ディネ-タ-を交えて臓器移植に関する説明を行う。",
    "EN": "I will contact the patient's family about the organ donation card and provide an explanation of organ transplantation with an organ transplant coordinator present."
  },
  "edge_6": {
    "JA": "臓器提供意思カ-ドの内容を踏まえて、脳死判定の検査を行う。",
    "EN": "Based on the organ donation card, I will proceed with tests to determine brain death."
  },
  "edge_7": {
    "JA": "医師本人からは積極的に臓器移植については言及せず、家族の方から自発的に、臓器移植の問題について指摘されるのを待つ。 ",
    "EN": "The physician will not proactively mention organ transplantation and will wait for the family to raise the issue voluntarily."
  },
  "node_3": {
    "JA": "倫理委員会からは、「患者の家族に状況を説明し、臓器移植の同意をとってください。」と回答がありました。",
    "EN": "The ethics committee responded, 'Please explain the situation to the patient's family and obtain consent for organ transplantation.'"
  },
  "edge_8": {
    "JA": "次へ。",
    "EN": "Next."
  },
  "node_4": {
    "JA": "あなたは、臓器移植コ-ディネ-タ-と、患者の家族と連絡をとり、臓器提供について本人の意思表示があることを伝えました。家族は、患者本人から臓器提供について聞かされていなかったとして、臓器提供の同意書への署名はできないと言っています。この状況における対応として、あなたの考えに近いものを以下の選択肢から１つ選択してください。",
    "EN": "You, together with the organ transplant coordinator, informed the patient's family of the patient's intention to donate organs. The family states they were unaware of this and refuse to sign the consent form. Please select the option below that best reflects your response to this situation."
  },
  "edge_9": {
    "JA": "臓器提供に同意するように患者の家族を説得する。",
    "EN": "Persuade the family to consent to organ donation."
  },
  "edge_10": {
    "JA": "臓器提供は行わない。",
    "EN": "Do not proceed with organ donation."
  },
  "edge_11": {
    "JA": "患者の心停止後に、臓器の移植を実施する方針とする。",
    "EN": "Proceed with organ transplantation after the patient's cardiac arrest."
  },
  "node_5": {
    "JA": "脳死判定の結果、脳死が確定しました。患者の父親と弟は、肝臓に疾患を持っており、移植を待っている状態です。両者とも医学的な適合については問題ありません。患者の臓器提供意思表示カ-ドには、特記欄に「親族優先（弟）」と記載されておりました。レシピエントをどのように選定しますか？あなたの考えに近いものを以下の選択肢から１つ選択してください。",
    "EN": "Brain death was confirmed following determination tests. The patient's father and younger brother both have liver diseases and are awaiting transplantation. Both are medically compatible. The patient's organ donation card includes a note stating 'Priority to relatives (younger brother).' How would you select the recipient? Please select the option that best aligns with your view. "
  },
  "edge_12": {
    "JA": "院内の移植臓器を必要としている患者をレシピエントとする。",
    "EN": "Select a patient within the hospital who requires a transplant as the recipient."
  },
  "edge_13": {
    "JA": "日本臓器移植ネットワ-クを通してレシピエントを選択する。",
    "EN": "Select the recipient through the Japan Organ Transplant Network."
  },
  "edge_14": {
    "JA": "親族の指示を優先し、患者の父親をレシピエントとする。",
    "EN": "Prioritize the relatives' wishes and select the patient's father as the recipient."
  },
  "edge_15": {
    "JA": "臓器提供者である患者の意思を尊重し、患者の弟をレシピエントとする。",
    "EN": "Respect the patient's will as the organ donor and select the patient's younger brother as the recipient."
  },
  "edge_16": {
    "JA": "法律で決まっているので、患者の父親をレシピエントとする。",
    "EN": "In accordance with legal requirements, select the patient's father as the recipient."
  },
  "node_6": {
    "JA": "あなたは、臓器移植を行いませんでした。 -END-",
    "EN": "You did not perform an organ transplant. -END-"
  },
  "node_7": {
    "JA": "あなたは、臓器移植を行いました。 -END-",
    "EN": "You performed an organ transplant. -END-"
  }
}