{
  "node_1": {
    "JA": "-START- あなたは、内科診療所の開業医です。患者が家族に連れられて来院しました。患者は6歳男性です。その患者は、2年前に喘息と診断され、吸入ステロイド薬による治療を行っておりましたが、1年前に、副作用が少ないという理由で、ホメオパシ-療法を行っているクリニックに転院し、現在はホメオパシ-療法で用いられる錠剤を、服用しているだけだそうです。クリニックで処方されているホメオパシ-の薬を服用しているのにも関わらず、喘鳴と呼吸困難が改善しないとして、患者の家族は、この治療法を続けていいのかどうか相談したいと言っています。診察と検査の結果、患者を中等症の喘息と診断しました。ホメオパシ-療法の治療効果は、科学的に否定されているため、この患者には、吸入ステロイド薬による治療が必要であると、あなたは考えましたが、一方で、他院で行っている治療の問題点を患者に告げたり、他院の医師と患者の関係を損なうような説明も良くないと考えています。このこの状況における対応として、あなたの考えに近いものを以下の選択肢から１つ選択してください。",
    "EN": "-START- You are a general practitioner at an internal medicine clinic.# A patient was brought in by their family. @The patient is a 6-year-old male.@ The patient was diagnosed with asthma two years ago and initially treated with inhaled corticosteroids. However, one year ago, the family opted to transfer care to a clinic practicing homeopathy, citing fewer side effects. The patient has since been taking only homeopathic tablets. Despite ongoing use of the prescribed homeopathic remedies, the patient's wheezing and breathing difficulties have not improved. The family is now seeking advice on whether to continue this treatment. Based on your examination and test results, you diagnosed the patient with moderate asthma. Given that the therapeutic efficacy of homeopathy is scientifically unsubstantiated, you believe inhaled corticosteroids are necessary. However, you also recognize the importance of maintaining a respectful approach that does not undermine the care provided by another clinic or harm the therapeutic relationship between that clinic and the patient. Please select the option that most closely aligns with your view in this situation."
  },
  "edge_4": {
    "JA": "吸入ステロイド薬による治療が必要であることと、他院での治療については、他院に相談する必要があることを説明し、他院に問い合わせる。",
    "EN": "Explain that inhaled corticosteroid treatment is necessary, and that coordination with the other clinic is required. Then contact the clinic."
  },
  "edge_5": {
    "JA": "ホメオパシ-療法については触れずに、吸入ステロイド薬による治療を開始する必要があることを説明する。",
    "EN": "Explain the necessity of initiating inhaled corticosteroid therapy without mentioning homeopathic treatment."
  },
  "edge_6": {
    "JA": "ホメオパシ-療法には治療効果がほぼないことと、吸入ステロイド薬による治療を開始する必要があることを説明する。",
    "EN": "Explain that homeopathy lacks proven therapeutic effect and that treatment with inhaled corticosteroids should be initiated."
  },
  "node_3": {
    "JA": "あなたは、ホメオパシ-療法を行っているクリニックに、現在の患者の治療状況について問い合わせる手紙を送りました。しかし、いつまで経っても返事は来ませんでした。この状況における対応として、あなたの考えに近いものを以下の選択肢から１つ選択してください。",
    "EN": "You sent a letter to the clinic providing homeopathic treatment to inquire about the patient’s current care. However, no response was received after a reasonable period. Please choose the option that best reflects your view on how to proceed in this situation."
  },
  "edge_7": {
    "JA": "ホメオパシ-療法と吸入ステロイドを併用しても問題ないことと、他院での治療については他院で相談するようにと伝える。",
    "EN": "Inform the family that combining homeopathy with inhaled corticosteroids is not problematic and advise them to consult the other clinic regarding its treatment."
  },
  "edge_8": {
    "JA": "ホメオパシ-療法には治療効果がほぼないことと、吸入ステロイド薬による治療を開始する必要があることを説明する。",
    "EN": "Explain that homeopathy lacks proven therapeutic efficacy and that treatment with inhaled corticosteroids is necessary."
  },
  "node_4": {
    "JA": "あなたの説明を聞き、患者の家族は「こちらでの治療薬と、他院での治療薬を併用して良いですか。それから、ホメオパシ-療法は効果のない治療だったんですか。」と質問しました。この状況における対応として、あなたの考えに近いものを以下の選択肢から１つ選択してください。",
    "EN": "After hearing your explanation, the patient's family asked, “Can we combine the treatment here with the medication from the other clinic? And was homeopathy an ineffective treatment?” Please select the option that best aligns with your view on how to respond."
  },
  "edge_9": {
    "JA": "吸入ステロイド薬による治療が必要であることと、他院での治療については、他院に相談する必要があることを説明し、他院に問い合わせる。",
    "EN": "Explain that treatment with inhaled corticosteroids is necessary and that consultation with the other clinic is required. Then contact the clinic."
  },
  "edge_10": {
    "JA": "ホメオパシ-療法と吸入ステロイドを併用しても問題ないことと、他院での治療については他院で相談するようにと伝える。",
    "EN": "Inform the family that combining homeopathic treatment with inhaled corticosteroids is not problematic and advise them to discuss the treatment with the other clinic."
  },
  "edge_11": {
    "JA": "ホメオパシ-療法には治療効果がほぼないことと、吸入ステロイド薬による治療を開始する必要があることを説明する。",
    "EN": "Explain that homeopathy lacks proven efficacy and that treatment with inhaled corticosteroids should be initiated."
  },
  "node_6": {
    "JA": "「やっぱりそうですよね。」と患者の家族は納得し、こちらで吸入ステロイド薬による治療を開始するに同意しました。ホメオパシ-療法を行っているクリニックは、他の患者にも不適切な治療を行なっている可能性があります。このクリニックの治療について保健所に報告しますか。",
    "EN": "The family agreed with your explanation, stating, “That makes sense,” and consented to begin treatment with inhaled corticosteroids at your clinic. Given that the clinic practicing homeopathy may be providing inappropriate care to other patients as well, should this be reported to the public health authority?"
  },
  "edge_14": {
    "JA": "保健所に報告する。",
    "EN": "Report the clinic to the public health authority."
  },
  "edge_15": {
    "JA": "保健所には通報せず、様子を見る。",
    "EN": "Do not report to the public health authority at this time; continue to monitor the situation."
  },
  "node_5": {
    "JA": "「わかりました。」と患者の家族は納得し、こちらで吸入ステロイド薬による治療を開始するに同意しました。ホメオパシ-療法を行っているクリニックは、他の患者にも不適切な治療を行なっている可能性があります。このクリニックの治療について保健所に報告しますか。",
    "EN": "The family responded, “Understood,” and agreed to initiate treatment with inhaled corticosteroids at your clinic. Since the homeopathy clinic may be providing inappropriate care to other patients, should the matter be reported to the health authority?"
  },
  "edge_12": {
    "JA": "保健所に報告する。",
    "EN": "Report the clinic to the public health authority."
  },
  "edge_13": {
    "JA": "保健所には報告せず、様子を見る。",
    "EN": "Do not report to the public health authority; monitor the situation."
  },
  "node_7": {
    "JA": "あなたは、ホメオパシ-を行っているクリニックの治療について、保健所に報告しました。 -END-",
    "EN": "You reported the clinic practicing homeopathy to the public health authority. -END-"
  },
  "node_8": {
    "JA": "あなたは、ホメオパシ-を行っているクリニックの治療について、様子を見ることにしました。 -END-",
    "EN": "You decided to monitor the clinic practicing homeopathy without reporting. -END-"
  }
}