{
  "node_1": {
    "JA": "-START- あなたは、市立病院の救命救急センタ-で働く救急医です。あなたの元に、患者が搬送されてきました。患者は42歳男性です。患者は、歩道を歩いていたところ、歩道に進入してきた乗用車に衝突されてしまったとのことです。現時点で患者に意識はありません。更に、患者の所持品から、覚醒剤と思われる錠剤が入った袋が出てきました。この患者は、覚醒剤を所持しており、ひょっとするとそれを使用しているのかもしれません。診察している患者が、覚醒剤を使用していると疑われる場合、医師はどう対応すべきでしょうか。あなたの考えに近いものを以下の選択肢から１つ選択してください。",
    "EN": "-START- You are an emergency physician working at a municipal hospital’s emergency and critical care center.# A patient has been brought in after being struck by a car while walking on the sidewalk. @The patient is a 42-year-old male.@ The patient is currently unconscious. Among the patient's belongings, you find a bag containing pills suspected to be illegal stimulants. Given the possibility of stimulant use, how should a physician appropriately respond? Please select the most suitable option below."
  },
  "edge_4": {
    "JA": "患者の家族に、患者が覚醒剤を所有していたこと説明し、意向を聞く。",
    "EN": "Inform the patient’s family about the suspected stimulant possession and inquire about their preferences."
  },
  "edge_5": {
    "JA": "薬物検査そのものは、緊急に行う検査ではないため、患者が同意を取れる状態になるまで、保留する。",
    "EN": "Postpone drug testing until the patient is capable of providing informed consent, as it is not an emergency procedure."
  },
  "edge_6": {
    "JA": "緊急時であるため、同意は取らずに、薬物検査を実施する。",
    "EN": "Proceed with drug testing without consent due to the emergency nature of the situation."
  },
  "edge_7": {
    "JA": "患者に代わって医療チ-ム内で薬物検査実施の同意を作成し、薬物検査を行う。",
    "EN": "Have the medical team prepare consent on the patient’s behalf and conduct the drug test."
  },
  "edge_8": {
    "JA": "搬送された治療の内容と関係がないため、患者からの希望がない限り、検査は行わない。",
    "EN": "Do not perform the test unless specifically requested by the patient, as it is unrelated to the current treatment."
  },
  "node_3": {
    "JA": "あなたは、患者の家族に連絡を取り、患者が覚醒剤を所持していたことと、これから行う必要な検査に、薬物検査を追加することが可能である旨を説明しました。患者の家族は説明を理解し、薬物検査を行ってほしいと言いました。この状況における対応として、あなたの考えに近いものを以下の選択肢から１つ選択してください。",
    "EN": "You contacted the patient’s family, informed them about the suspected stimulant possession, and explained that a drug test could be included among the necessary tests. The family understood and requested that the drug test be performed. Please choose the most appropriate response for this situation."
  },
  "edge_9": {
    "JA": "薬物検査そのものは、緊急に行う検査ではないため、患者が同意を取れる状態になるまで、保留する。",
    "EN": "Postpone the drug test until the patient can provide consent, as it is not urgent."
  },
  "edge_10": {
    "JA": "家族の検査に対する同意を取り、薬物検査を実施する。",
    "EN": "Obtain the family's consent and conduct the drug test."
  },
  "node_4": {
    "JA": "あなたは、患者の意識が回復するまで、薬物検査の実施は保留することにしました。的確な処置のおかげか、数日後には患者の意識は回復し、問題なく意思疎通が図れるようになりました。違法薬物を所持していたことについて、あなたはどのように対応すべきでしょうか。この状況における対応として、あなたの考えに近いものを以下の選択肢から１つ選択してください。",
    "EN": "You decided to delay drug testing until the patient regained consciousness. A few days later, the patient recovered sufficiently and could communicate. How should you address the discovery of the illegal substances? Please choose the option that best reflects your approach."
  },
  "edge_11": {
    "JA": "患者に、覚醒剤を所持していたことを指摘し、薬物検査の必要性を説明する。",
    "EN": "Inform the patient about the stimulant possession and explain the need for a drug test."
  },
  "edge_12": {
    "JA": "覚醒剤の所持を指摘し、検査を行わないのであれば、警察に通報すると伝える。",
    "EN": "Point out the possession and state that refusal to undergo testing may result in a report to the police."
  },
  "edge_13": {
    "JA": "入院している治療の内容と関係がないため、患者からの希望がない限り、検査は行わない。",
    "EN": "Do not conduct testing unless the patient requests it, as it is unrelated to the reason for hospitalization."
  },
  "node_6": {
    "JA": "あなたは、薬物検査を実施することにしました。この検査の目的は何でしょうか。あなたの考えに近いものを以下の選択肢より１つ選択してください。",
    "EN": "You decided to perform a drug test. What is the primary purpose of this test? Please select the option that best reflects your reasoning."
  },
  "edge_17": {
    "JA": "薬物中毒の診断と、治療につなげるため。",
    "EN": "To diagnose drug intoxication and initiate appropriate treatment."
  },
  "edge_18": {
    "JA": "公共の利益のために、犯罪者を通報するため。",
    "EN": "To report criminal activity in the interest of public safety."
  },
  "edge_19": {
    "JA": "院内の安全への配慮と、医学的に適切な対応を行うため。",
    "EN": "To maintain hospital safety and ensure appropriate medical care."
  },
  "edge_20": {
    "JA": "家族からの要請のため。",
    "EN": "To honor the family’s request."
  },
  "node_10": {
    "JA": "やがて患者は十分に回復し、そのまま退院していきました。 -END-",
    "EN": "The patient eventually made a full recovery and was discharged. -END-"
  },
  "node_5": {
    "JA": "あなたは患者に、違法薬物を所持していたことを伝え、今後、治療につなげるためにも 薬物検査を行うことを勧めました。患者は、あなたの説明に理解を示しましたが、「今はもう薬物をやっていないので、検査は必要ない。」と検査を拒否しました。この状況における対応として、あなたの考えに近いものを以下の選択肢から１つ選択してください。",
    "EN": "You informed the patient of the illegal drug possession and recommended a drug test to facilitate future treatment. Although the patient understood the explanation, they declined testing, stating, “I no longer use drugs, so testing is unnecessary.” Please select the most appropriate response."
  },
  "edge_14": {
    "JA": "薬物の所持を指摘し、検査を行わないのであれば、警察に通報すると伝える。",
    "EN": "Inform the patient that failure to undergo testing may result in notification to law enforcement."
  },
  "edge_15": {
    "JA": "犯罪者を院内に匿うことは、リスクが大きいため、薬物依存の専門機関への転院を要請する。",
    "EN": "Request the patient's transfer to a specialized drug treatment facility due to the risks associated with harboring a potentially criminal individual."
  },
  "edge_16": {
    "JA": "患者の意向に従い、検査は行わない。",
    "EN": "Respect the patient’s decision and do not conduct the test."
  },
  "node_9": {
    "JA": "患者は、薬物治療の専門機関と連携できる病院に転院していきました。 -END-",
    "EN": "The patient was transferred to a hospital affiliated with a drug treatment center. -END-"
  },
  "node_7": {
    "JA": "あなたは、薬物検査を実施しました。結果は陽性でした。患者が意識を取り戻し、意思疎通が可能になった時、あなたは患者に、違法薬物を所持していたことと薬物検査が陽性であったことを伝え、経緯について尋ねると、患者は、「昔に一度だけやったことはあるが、今はやっていないので、警察だけはやめてほしい。」と言いました。この状況における対応として、あなたの考えに近いものを以下の選択肢から１つ選択してください。",
    "EN": "A drug test was conducted, yielding a positive result. When the patient regained consciousness and was informed of both the possession and test results, they stated, “I used it once in the past, but I no longer use it. Please do not involve the police.” Please select the response that best reflects your course of action."
  },
  "edge_21": {
    "JA": "警察に通報する。",
    "EN": "Report the matter to the police."
  },
  "edge_22": {
    "JA": "犯罪者を院内に匿うことは、リスクが大きいため、薬物依存の専門機関への転院を要請する。",
    "EN": "Request transfer to a specialized drug treatment facility due to the risk of harboring a potentially criminal individual."
  },
  "edge_23": {
    "JA": "患者に薬物を処分することを条件に通報は行わない。",
    "EN": "Refrain from reporting to authorities on the condition that the patient disposes of the substances."
  },
  "node_8": {
    "JA": "患者は、退院と同時に逮捕されました。 -END-",
    "EN": "The patient was arrested upon discharge. -END-"
  }
}