{
  "node_1": {
    "JA": "-START- あなたは、総合病院の内科医です。あなたの元に、担当患者が受診しました。患者は70歳男性です。前回の来院時に行った検査の結果、患者は末期の悪性リンパ腫と判断しました。しかし、その検査の前に、付き添いの患者家族は、検査の結果は、まず最初に家族に知らせてほしいと言っていました。もし、その検査結果が悪かった場合、家族である患者を悩ませたくないので、本当の病気とは別の病名を知らせて、それに対する治療を始めるというかたちで説明してほしいと言っていました。ただし、この患者の判断能力は正常であると考えられます。この状況における対応について、あなたの考えに近いものを以下の選択肢から１つ選択してください。",
    "EN": "-START- You are an internist at a general hospital.# A patient under your care, has come for consultation. @The patient is  a 70-year-old male.@ Based on tests from the previous visit, he was diagnosed with terminal malignant lymphoma. Before the tests, the accompanying family requested that results be given to them first and, if unfavorable, that the patient be told a different diagnosis to avoid distress. The patient’s decision-making capacity is intact. Please select the option that best reflects your approach to this situation."
  },
  "edge_3": {
    "JA": "検査結果を知りたいかどうか、どうやって聞くかについて、患者の意向を確認する。",
    "EN": "Confirm the patient’s preference regarding whether and how they wish to learn the test results."
  },
  "edge_4": {
    "JA": "家族に結果は教えられないと説明する。",
    "EN": "Explain to the family that the test results cannot be disclosed to them."
  },
  "edge_5": {
    "JA": "家族にのみ本当の検査結果を伝え、患者には風邪と説明し、治療を開始する。",
    "EN": "Inform only the family of the true test results, tell the patient they have a cold, and begin treatment accordingly."
  },
  "edge_6": {
    "JA": "この件について、倫理委員会に相談する。",
    "EN": "Consult the ethics committee regarding this matter."
  },
  "edge_7": {
    "JA": "患者に、患者に代わって判断権をもつ代理人を選ぶとすれば誰であるかを尋ね、その答えで指名された人に説明する。",
    "EN": "Ask the patient to identify a representative authorized to make decisions on their behalf and explain the situation to that person."
  },
  "node_3": {
    "JA": "患者に、検査結果の説明をどうやって聞くかの意向を聞いたところ、「自分のことは自分でなんとかしたい。家族には知らせないでほしい。」と言いました。この状況における対応について、あなたの考えに近いものを以下の選択肢から１つ、選択してください。",
    "EN": "When asked how they would like to receive the test results, the patient stated, 'I want to handle my own matters and do not want my family informed.' Regarding your response in this situation, please select the option closest to your view."
  },
  "edge_8": {
    "JA": "家族に結果は教えられないと患者家族に説明する。",
    "EN": "Explain to the patient’s family that the results cannot be disclosed to them."
  },
  "edge_9": {
    "JA": "患者に、患者に代わって判断権をもつ代理人を選ぶとすれば誰であるかを尋ね、その答えで指名された人に説明する。",
    "EN": "Ask the patient who they would choose as a decision-making representative, and explain the results to that person."
  },
  "edge_10": {
    "JA": "患者に、家族と一緒に検査結果の説明を受けるように指示する。",
    "EN": "Instruct the patient to receive the test results together with their family."
  },
  "edge_11": {
    "JA": "患者家族には何も知らせずに、患者にのみ検査結果を説明する。",
    "EN": "Explain the test results only to the patient, without informing the family."
  },
  "node_4": {
    "JA": "あなたの説得を受け、家族は困惑している様子でした。どうやって患者を支えたら良いかわからない様子です。この状況における対応について、あなたの考えに近いものを以下の選択肢から１つ、選択してください。",
    "EN": "After your explanation, the family appeared confused and uncertain about how to support the patient. Regarding your response, please select the option that best matches your view."
  },
  "edge_12": {
    "JA": "この件について、検査結果を知りたいかどうか、どうやって聞くかについて、患者の意向を確認する。",
    "EN": "Confirm the patient’s intention regarding whether and how they wish to receive the test results."
  },
  "edge_13": {
    "JA": "家族にのみ検査結果を伝え、患者には風邪と説明し、治療を開始する。",
    "EN": "Inform only the family of the test results, explain to the patient that they have a cold, and begin treatment."
  },
  "edge_14": {
    "JA": "この件について、倫理委員会に相談する。",
    "EN": "Consult the ethics committee about this matter."
  },
  "edge_15": {
    "JA": "この件について患者に、患者に代わって判断権をもつ代理人を選ぶとすれば誰であるかを尋ね、その答えで指名された人に説明する。",
    "EN": "Ask the patient who would serve as their proxy with decision-making authority, and explain the situation to that person."
  },
  "edge_16": {
    "JA": "患者に、家族と一緒に検査結果の説明を受けるように指示する。",
    "EN": "Instruct the patient to receive the test results with their family."
  },
  "edge_17": {
    "JA": "患者家族には何も知らせずに、患者にのみ検査結果を説明する。",
    "EN": "Explain the test results only to the patient, without informing the family."
  },
  "node_5": {
    "JA": "あなたは患者の家族の意向を尊重し、患者には風邪と説明し、治療を開始することとしました。しかし、次第に悪化する病状から、患者は次第に不安を抱くようになり、あなたに、「自分は本当に風邪なのだろうか。」と問いかけました。この状況における対応について、あなたの考えに近いものを以下の選択肢から１つ、選択してください。",
    "EN": "You respected the family’s wishes, told the patient they had a cold, and began treatment. However, as the condition worsened, the patient became increasingly anxious and asked, 'Am I really just having a cold?' Please select the option closest to your approach in this situation."
  },
  "edge_19": {
    "JA": "患者家族に、患者と共に病状について説明を受けるように指示する。",
    "EN": "Instruct the family to receive an explanation about the patient’s condition together with the patient."
  },
  "edge_20": {
    "JA": "患者には、「あなたは、風邪ですよ。」と説明する。",
    "EN": "Explain to the patient, 'You have a cold.'"
  },
  "edge_21": {
    "JA": "患者の病状については明言せず、他の話を振る。",
    "EN": "Avoid directly addressing the patient’s condition and redirect the conversation."
  },
  "node_6": {
    "JA": "あなたは院内の倫理委員会に相談しました。その結果、今回は患者本人に病名を知らせること、治療方針については、患者家族とよく話し合うようにと回答がありました。この状況における対応について、あなたの考えに近いものを以下の選択肢から１つ、選択してください。",
    "EN": "You consulted the hospital ethics committee, which advised informing the patient of the diagnosis and thoroughly discussing the treatment plan with the family. Regarding your response, please select the option that best aligns with your view."
  },
  "edge_22": {
    "JA": "検査結果を知りたいかどうか、どうやって聞くかについて、患者の意向を確認する。",
    "EN": "Confirm the patient’s preference on whether and how they want to know the test results."
  },
  "edge_23": {
    "JA": "家族に結果は教えられないと説明する。",
    "EN": "Explain that the results cannot be disclosed to the family."
  },
  "edge_24": {
    "JA": "患者に、患者に代わって判断権をもつ代理人を選ぶとすれば誰であるかを尋ね、その答えで指名された人に説明する。",
    "EN": "Ask the patient to designate a representative to make decisions on their behalf and explain the situation to that person."
  },
  "node_7": {
    "JA": "あなたが患者に、患者に代わって判断権を持つ代理人を選ぶとしたら、誰にするかと尋ねたところ、患者は家族を指名しました。この状況における対応について、あなたの考えに近いものを以下の選択肢から１つ、選択してください。",
    "EN": "When asked who they would appoint as a proxy decision-maker, the patient designated a family member. Regarding your response, please select the option closest to your view."
  },
  "edge_25": {
    "JA": "検査結果を知りたいかどうか、どうやって聞くかについて、患者の意向を確認する。",
    "EN": "Confirm the patient’s preference on whether and how they want to receive the test results."
  },
  "edge_26": {
    "JA": "患者の指名した家族の意向を尊重し、家族にのみ検査結果を伝え、患者には風邪と説明し、治療を開始する。",
    "EN": "Ask the patient to designate a representative to make decisions on their behalf and explain the situation to that person."
  },
  "node_8": {
    "JA": "患者は、家族の付き添われながら、検査結果について説明を受けました。-END-",
    "EN": "The patient, accompanied by their family, received an explanation of the test results. -END-"
  },
  "node_9": {
    "JA": "患者は、一人で検査結果を聞くこととしました。-END-",
    "EN": "The patient chose to receive the test results alone. -END-"
  },
  "node_10": {
    "JA": "患者は自身の病気について何も知らないまま、亡くなりました。-END-",
    "EN": "The patient passed away without knowledge of their illness. -END-"
  }
}