{
  "node_1": {
    "children": [
      "edge_100"
    ],
    "parents": [],
    "type": "box"
  },
  "node_2": {
    "parents": [
      "edge_100",
      "edge_7"
    ],
    "children": [
      "edge_4",
      "edge_5",
      "edge_6"
    ],
    "type": "box"
  },
  "node_3": {
    "parents": [
      "edge_4"
    ],
    "children": [
      "edge_7"
    ],
    "type": "box"
  },
  "node_4": {
    "parents": [
      "edge_5"
    ],
    "children": [
      "edge_8",
      "edge_9"
    ],
    "type": "box"
  },
  "node_5": {
    "parents": [
      "edge_6",
      "edge_8"
    ],
    "children": [
      "edge_10",
      "edge_11",
      "edge_12"
    ],
    "type": "box"
  },
  "node_6": {
    "parents": [
      "edge_9",
      "edge_10",
      "edge_11"
    ],
    "children": [],
    "type": "END"
  },
  "node_7": {
    "parents": [
      "edge_12"
    ],
    "children": [],
    "type": "END"
  },
  "edge_100": {
    "parents": [
      "node_1"
    ],
    "children": [
      "node_2"
    ],
    "type": "edge"
  },
  "edge_4": {
    "parents": [
      "node_2"
    ],
    "children": [
      "node_3"
    ],
    "type": "edge"
  },
  "edge_5": {
    "parents": [
      "node_2"
    ],
    "children": [
      "node_4"
    ],
    "type": "edge"
  },
  "edge_6": {
    "parents": [
      "node_2"
    ],
    "children": [
      "node_5"
    ],
    "type": "edge"
  },
  "edge_7": {
    "parents": [
      "node_3"
    ],
    "children": [
      "node_2"
    ],
    "type": "edge"
  },
  "edge_8": {
    "parents": [
      "node_4"
    ],
    "children": [
      "node_5"
    ],
    "type": "edge"
  },
  "edge_9": {
    "parents": [
      "node_4"
    ],
    "children": [
      "node_6"
    ],
    "type": "edge"
  },
  "edge_10": {
    "parents": [
      "node_5"
    ],
    "children": [
      "node_6"
    ],
    "type": "edge"
  },
  "edge_11": {
    "parents": [
      "node_5"
    ],
    "children": [
      "node_6"
    ],
    "type": "edge"
  },
  "edge_12": {
    "parents": [
      "node_5"
    ],
    "children": [
      "node_7"
    ],
    "type": "edge"
  }
}