{
  "node_1": {
    "parents": [],
    "children": [
      "edge_100"
    ],
    "type": "box"
  },
  "node_2": {
    "parents": [
      "edge_100",
      "edge_12",
      "edge_13",
      "edge_14"
    ],
    "children": [
      "edge_5",
      "edge_6",
      "edge_7",
      "edge_8",
      "edge_9",
      "edge_10",
      "edge_11"
    ],
    "type": "box"
  },
  "node_3": {
    "parents": [
      "edge_5"
    ],
    "children": [
      "edge_12"
    ],
    "type": "box"
  },
  "node_4": {
    "parents": [
      "edge_6"
    ],
    "children": [
      "edge_13"
    ],
    "type": "box"
  },
  "node_5": {
    "parents": [
      "edge_7"
    ],
    "children": [
      "edge_14"
    ],
    "type": "box"
  },
  "node_6": {
    "parents": [
      "edge_8"
    ],
    "children": [
      "edge_15",
      "edge_16",
      "edge_17",
      "edge_18"
    ],
    "type": "box"
  },
  "node_7": {
    "parents": [
      "edge_9"
    ],
    "children": [
      "edge_19"
    ],
    "type": "box"
  },
  "node_8": {
    "parents": [
      "edge_15"
    ],
    "children": [
      "edge_20"
    ],
    "type": "box"
  },
  "node_9": {
    "parents": [
      "edge_10"
    ],
    "children": [
      "END"
    ],
    "type": "END"
  },
  "node_10": {
    "parents": [
      "edge_16",
      "edge_17",
      "edge_18",
      "edge_19",
      "edge_20"
    ],
    "children": [
      "END"
    ],
    "type": "END"
  },
  "node_11": {
    "parents": [
      "edge_11"
    ],
    "children": [
      "END"
    ],
    "type": "END"
  },
  "edge_100": {
    "parents": [
      "node_1"
    ],
    "children": [
      "node_2"
    ],
    "type": "edge"
  },
  "edge_5": {
    "parents": [
      "node_2"
    ],
    "children": [
      "node_3"
    ],
    "type": "edge"
  },
  "edge_6": {
    "parents": [
      "node_2"
    ],
    "children": [
      "node_4"
    ],
    "type": "edge"
  },
  "edge_7": {
    "parents": [
      "node_2"
    ],
    "children": [
      "node_5"
    ],
    "type": "edge"
  },
  "edge_8": {
    "parents": [
      "node_2"
    ],
    "children": [
      "node_6"
    ],
    "type": "edge"
  },
  "edge_9": {
    "parents": [
      "node_2"
    ],
    "children": [
      "node_7"
    ],
    "type": "edge"
  },
  "edge_10": {
    "parents": [
      "node_2"
    ],
    "children": [
      "node_9"
    ],
    "type": "edge"
  },
  "edge_11": {
    "parents": [
      "node_2"
    ],
    "children": [
      "node_11"
    ],
    "type": "edge"
  },
  "edge_12": {
    "parents": [
      "node_3"
    ],
    "children": [
      "node_2"
    ],
    "type": "edge"
  },
  "edge_13": {
    "parents": [
      "node_4"
    ],
    "children": [
      "node_2"
    ],
    "type": "edge"
  },
  "edge_14": {
    "parents": [
      "node_5"
    ],
    "children": [
      "node_2"
    ],
    "type": "edge"
  },
  "edge_15": {
    "parents": [
      "node_6"
    ],
    "children": [
      "node_8"
    ],
    "type": "edge"
  },
  "edge_16": {
    "parents": [
      "node_6"
    ],
    "children": [
      "node_10"
    ],
    "type": "edge"
  },
  "edge_17": {
    "parents": [
      "node_6"
    ],
    "children": [
      "node_10"
    ],
    "type": "edge"
  },
  "edge_18": {
    "parents": [
      "node_6"
    ],
    "children": [
      "node_10"
    ],
    "type": "edge"
  },
  "edge_19": {
    "parents": [
      "node_7"
    ],
    "children": [
      "node_10"
    ],
    "type": "edge"
  },
  "edge_20": {
    "parents": [
      "node_8"
    ],
    "children": [
      "node_10"
    ],
    "type": "edge"
  }
}