{
  "node_1": {
    "JA": "-START-  あなたは内科の診療所を運営する開業医です。あなたの元に患者が定期健康診断のために来院しました。患者は47歳男性です。患者は、気分の落ち込みと疲労を訴えています。診察の結果、うつ状態であると判断したため、あなたは患者にうつ状態について説明し、向精神薬の内服により症状が改善する可能性について説明しました。しかし患者は薬を飲むのを拒否しました。その患者は、健康にはビタミン剤だけで十分であると主張します。この状況における対応として、あなたの考えに近いものを以下の選択肢から１つ選択してください。",
    "EN": "-START- You are a general practitioner operating an internal medicine clinic. #A patient visits for a routine health check-up, reporting persistent fatigue and low mood. @The patient is a 47-year-old male.@ Upon examination, you determine that the patient is experiencing a depressive episode. You explain the nature of depression and the potential benefits of psychotropic medication. However, the patient refuses treatment, insisting that vitamins alone are sufficient for maintaining health. Please select the response option that most closely aligns with your approach to managing this situation."
  },
  "edge_1": {
    "JA": "薬を飲みたくない理由を尋ねる。",
    "EN": "Ask why the patient does not want to take the medication."
  },
  "edge_2": {
    "JA": "薬をビタミン剤と説明して処方する。",
    "EN": "Prescribe the medication while describing it as a vitamin supplement."
  },
  "edge_3": {
    "JA": "患者を強く説得し、薬を処方する。",
    "EN": "Strongly encourage the patient to take the medication and prescribe it."
  },
  "edge_6": {
    "JA": "患者の意向を尊重し、様子を見る。",
    "EN": "Respect the patient’s preferences and monitor the situation."
  },
  "edge_8": {
    "JA": "精神科専門医への転院を勧める。",
    "EN": "Recommend referral to a psychiatrist."
  },
  "node_2": {
    "JA": "患者はかつて他の薬の副作用に苦しんだことがあるようです。どうしても薬を飲むのが嫌な様子です。この状況における対応として、あなたの考えに近いものを以下の選択肢から１つ選択してください。",
    "EN": "The patient appears to have experienced adverse effects from medications in the past and exhibits a strong aversion to taking medicine. Based on this context, please select the response that best reflects your approach to managing the situation."
  },
  "edge_4": {
    "JA": "薬をビタミン剤と説明して処方する。",
    "EN": "Prescribe the medication while describing it as a vitamin supplement."
  },
  "edge_5": {
    "JA": "患者を強く説得し、薬を処方する。",
    "EN": "Strongly encourage the patient to take the medication and prescribe it."
  },
  "edge_7": {
    "JA": "患者の意向を尊重し、様子を見る。",
    "EN": "Respect the patient’s preferences and monitor the situation."
  },
  "edge_16": {
    "JA": "精神科専門医への転院を勧める。",
    "EN": "Recommend referral to a psychiatrist."
  },
  "node_3": {
    "JA": "処方した薬がよく効いたようで、患者の状態は快方に向かって行きました。-END-",
    "EN": "The prescribed medication appeared effective, and the patient’s condition began to improve. -END-"
  },
  "node_4": {
    "JA": "患者の状態は良くなったり悪くなったりを繰り返しながら、やがてあなたのクリニックには来なくなりました。-END-",
    "EN": "The patient’s condition fluctuated over time, and ultimately, they discontinued visits to your clinic. -END-"
  },
  "node_5": {
    "JA": "患者は転院を拒否しました。継続して診てほしいと訴えます。この状況における対応として、あなたの考えに近いものを以下の選択肢から１つ選択してください。",
    "EN": "The patient declined referral to another facility and expressed a strong desire to continue receiving care at your clinic. Based on this scenario, please select the response that best aligns with your approach."
  },
  "edge_9": {
    "JA": "患者の意向を尊重し、様子を見る。",
    "EN": "Respect the patient’s preferences and monitor the situation."
  },
  "edge_10": {
    "JA": "専門医による治療が必要であることを強く説得する。",
    "EN": "Strongly emphasize the necessity of treatment by a specialist."
  },
  "edge_11": {
    "JA": "精神科専門医とあなたの診療所の両方に通院するように勧める。",
    "EN": "Recommend concurrent treatment by both a psychiatrist and your clinic."
  },
  "edge_12": {
    "JA": "患者に、この診療所で治療を続けたい理由を尋ねる。",
    "EN": "Ask the patient why they wish to continue treatment at your clinic."
  },
  "node_6": {
    "JA": "患者は「先生がそうおっしゃるのでしたらそうします。」と同意したものの、納得できていないようでした。結果として、患者は他のクリニックを探すことを決意し、あなたのクリニックを去りました。-END-",
    "EN": "The patient agreed, stating, “If that is your recommendation, doctor, then I will do so,” but appeared unconvinced. Consequently, the patient chose to seek care elsewhere and discontinued visits to your clinic. -END-"
  },
  "node_7": {
    "JA": "患者は、あなたの説明を理解したと回答しました。そして、専門医の治療と受けながらもあなたのクリニックでの診療を継続することを希望したため、あなたは患者の状態を定期的にチェックしつつ、専門医との連携を強化し、治療を進めていく事になりました。",
    "EN": "The patient indicated understanding of your explanation and expressed a desire to continue care at your clinic while also receiving treatment from a specialist. Accordingly, you decided to regularly monitor the patient’s condition, enhance coordination with the specialist, and proceed with the treatment plan."
  },
  "node_8": {
    "JA": "あなたが理由を尋ねると、「知らない先生に見てもらうのは怖い。」と患者は返答しました。この状況における対応として、あなたの考えに近いものを以下の選択肢から１つ選択してください。",
    "EN": "When asked for a reason, the patient replied, “I am afraid of being treated by a doctor I do not know.” Based on this, please select the response that best reflects your approach to managing the situation."
  },
  "edge_13": {
    "JA": "患者の意向を尊重し、様子を見る。",
    "EN": "Respect the patient’s preferences and monitor the situation."
  },
  "edge_14": {
    "JA": "専門医による治療が必要であることを強く説得する。",
    "EN": "Strongly emphasize the necessity of treatment by a specialist."
  },
  "edge_15": {
    "JA": "精神科専門医とあなたの診療所の両方に通院するように勧める。",
    "EN": "Recommend concurrent care by both a psychiatrist and your clinic."
  }
}