{
  "node_1": {
    "JA": "-START- あなたは脳神経外科外来の医師です。あなたの元に患者が付き添いの家族と共に受診してきました。患者は、55歳女性です。患者は、頭痛を相談したかかりつけで脳腫瘍の疑いがあると言われ精密検査目的で来院しました。精密検査の結果、悪性の脳腫瘍であることがわかりました。説明時点で患者の意識ははっきりしており、自分の病状および治療の選択肢について説明を受け、よく理解していました。そのうえで、患者は、自分は脳腫瘍に対する一切の治療を受けないとあなたに告げました。しかし、患者の家族はこれに反対し、抗がん剤の治療をしてほしいと言います。",
    "EN": "-START- You are a physician in a neurosurgery outpatient clinic.# A patient arrived with their family for consultation. @The patient is a 55-years-old female.@ A primary care physician, consulted for persistent headaches, suspected a brain tumor and referred the patient for further evaluation. Advanced diagnostic testing confirmed a malignant brain tumor. At the time of the explanation, the patient was fully conscious, received a detailed account of the diagnosis and treatment options, and demonstrated clear understanding. The patient then informed you of the decision to refuse all treatment for the brain tumor. The family, however, opposed this decision and requested chemotherapy."
  },
  "edge_100": {
    "JA": "次へ。",
    "EN": "Next."
  },
  "node_2": {
    "JA": "この状況における対応について、あなたの考えに近いものを以下の選択肢から１つ選択してください。",
    "EN": "Please select the option that best reflects your view on how to respond in this situation."
  },
    "node_2_0": {
    "JA": "この状況における対応について、あなたの考えに近いものを以下の選択肢から１つ選択してください。",
    "EN": "Please select the option that best reflects your view on how to respond in this situation."
  },
    "node_2_4": {
    "JA": "この状況における対応について、あなたの考えに近いものを以下の選択肢から１つ選択してください。",
    "EN": "Please select the option that best reflects your view on how to respond in this situation."
  },
      "node_2_6": {
    "JA": "この状況における対応について、あなたの考えに近いものを以下の選択肢から１つ選択してください。",
    "EN": "Please select the option that best reflects your view on how to respond in this situation."
  },
      "node_2_4_1": {
    "JA": "この状況における対応について、あなたの考えに近いものを以下の選択肢から１つ選択してください。",
    "EN": "Please select the option that best reflects your view on how to respond in this situation."
  },
        "node_2_4_2": {
    "JA": "この状況における対応について、あなたの考えに近いものを以下の選択肢から１つ選択してください。",
    "EN": "Please select the option that best reflects your view on how to respond in this situation."
  },
      "node_2_6_1": {
    "JA": "この状況における対応について、あなたの考えに近いものを以下の選択肢から１つ選択してください。",
    "EN": "Please select the option that best reflects your view on how to respond in this situation."
  },
        "node_2_6_2": {
    "JA": "この状況における対応について、あなたの考えに近いものを以下の選択肢から１つ選択してください。",
    "EN": "Please select the option that best reflects your view on how to respond in this situation."
  },
  "edge_4": {
    "JA": "患者に治療を拒否する理由を尋ねる。",
    "EN": "Ask the patient why they are refusing treatment."
  },
  "edge_4_0": {
    "JA": "患者に治療を拒否する理由を尋ねる。",
    "EN": "Ask the patient why they are refusing treatment."
  },
  "edge_4_4": {
    "JA": "患者に治療を拒否する理由を尋ねる。",
    "EN": "Ask the patient why they are refusing treatment."
  },
  "edge_4_6": {
    "JA": "患者に治療を拒否する理由を尋ねる。",
    "EN": "Ask the patient why they are refusing treatment."
  },
  "edge_4_4_0": {
    "JA": "患者に治療を拒否する理由を尋ねる。",
    "EN": "Ask the patient why they are refusing treatment."
  },
  "edge_4_6_1": {
    "JA": "患者に治療を拒否する理由を尋ねる。",
    "EN": "Ask the patient why they are refusing treatment."
  },
  "edge_4_6_2": {
    "JA": "患者に治療を拒否する理由を尋ねる。",
    "EN": "Ask the patient why they are refusing treatment."
  },
  "edge_5": {
    "JA": "患者に、家族とよく話し合うように勧める。",
    "EN": "Encourage the patient to discuss the decision thoroughly with their family."
  },
  "edge_5_0": {
    "JA": "患者に、家族とよく話し合うように勧める。",
    "EN": "Encourage the patient to discuss the decision thoroughly with their family."
  },
  "edge_5_4": {
    "JA": "患者に、家族とよく話し合うように勧める。",
    "EN": "Encourage the patient to discuss the decision thoroughly with their family."
  },
  "edge_5_4_1": {
    "JA": "患者に、家族とよく話し合うように勧める。",
    "EN": "Encourage the patient to discuss the decision thoroughly with their family."
  },
  "edge_5_4_2": {
    "JA": "患者に、家族とよく話し合うように勧める。",
    "EN": "Encourage the patient to discuss the decision thoroughly with their family."
  },
  "edge_5_6": {
    "JA": "患者に、家族とよく話し合うように勧める。",
    "EN": "Encourage the patient to discuss the decision thoroughly with their family."
  },
  "edge_5_6_1": {
    "JA": "患者に、家族とよく話し合うように勧める。",
    "EN": "Encourage the patient to discuss the decision thoroughly with their family."
  },
  "edge_5_6_2": {
    "JA": "患者に、家族とよく話し合うように勧める。",
    "EN": "Encourage the patient to discuss the decision thoroughly with their family."
  },
  "edge_6": {
    "JA": "患者に、治療に関する意向について、書面で残すように指示する。",
    "EN": "Instruct the patient to document their treatment preferences in writing."
  },
  "edge_6_0": {
    "JA": "患者に、治療に関する意向について、書面で残すように指示する。",
    "EN": "Instruct the patient to document their treatment preferences in writing."
  },
  "edge_6_4": {
    "JA": "患者に、治療に関する意向について、書面で残すように指示する。",
    "EN": "Instruct the patient to document their treatment preferences in writing."
  },
  "edge_6_4_1": {
    "JA": "患者に、治療に関する意向について、書面で残すように指示する。",
    "EN": "Instruct the patient to document their treatment preferences in writing."
  },
  "edge_6_4_2": {
    "JA": "患者に、治療に関する意向について、書面で残すように指示する。",
    "EN": "Instruct the patient to document their treatment preferences in writing."
  },
  "edge_6_6": {
    "JA": "患者に、治療に関する意向について、書面で残すように指示する。",
    "EN": "Instruct the patient to document their treatment preferences in writing."
  },
  "edge_6_6_1": {
    "JA": "患者に、治療に関する意向について、書面で残すように指示する。",
    "EN": "Instruct the patient to document their treatment preferences in writing."
  },
  "edge_7": {
    "JA": "患者に、治療を行わない場合のデメリットについて説明し、治療を行うように説得する。",
    "EN": "Explain the disadvantages of forgoing treatment and attempt to persuade the patient to accept treatment."
  },
  "edge_7_0": {
    "JA": "患者に、治療を行わない場合のデメリットについて説明し、治療を行うように説得する。",
    "EN": "Explain the disadvantages of forgoing treatment and attempt to persuade the patient to accept treatment."
  },
  "edge_7_4": {
    "JA": "患者に、治療を行わない場合のデメリットについて説明し、治療を行うように説得する。",
    "EN": "Explain the disadvantages of forgoing treatment and attempt to persuade the patient to accept treatment."
  },
  "edge_7_4_1": {
    "JA": "患者に、治療を行わない場合のデメリットについて説明し、治療を行うように説得する。",
    "EN": "Explain the disadvantages of forgoing treatment and attempt to persuade the patient to accept treatment."
  },
  "edge_7_4_2": {
    "JA": "患者に、治療を行わない場合のデメリットについて説明し、治療を行うように説得する。",
    "EN": "Explain the disadvantages of forgoing treatment and attempt to persuade the patient to accept treatment."
  },
  "edge_7_6": {
    "JA": "患者に、治療を行わない場合のデメリットについて説明し、治療を行うように説得する。",
    "EN": "Explain the disadvantages of forgoing treatment and attempt to persuade the patient to accept treatment."
  },
  "edge_7_6_1": {
    "JA": "患者に、治療を行わない場合のデメリットについて説明し、治療を行うように説得する。",
    "EN": "Explain the disadvantages of forgoing treatment and attempt to persuade the patient to accept treatment."
  },
  "edge_7_6_2": {
    "JA": "患者に、治療を行わない場合のデメリットについて説明し、治療を行うように説得する。",
    "EN": "Explain the disadvantages of forgoing treatment and attempt to persuade the patient to accept treatment."
  },
  "node_3": {
    "JA": "患者は、治療を拒否する理由として、自身の人生観と死生観について語りました。",
    "EN": "The patient explained that the refusal of treatment was based on personal views about life and death."
  },
  "node_3_0": {
    "JA": "患者は、治療を拒否する理由として、自身の人生観と死生観について語りました。",
    "EN": "The patient explained that the refusal of treatment was based on personal views about life and death."
  },
  "node_3_4": {
    "JA": "患者は、治療を拒否する理由として、自身の人生観と死生観について語りました。",
    "EN": "The patient explained that the refusal of treatment was based on personal views about life and death."
  },
  "node_3_6": {
    "JA": "患者は、治療を拒否する理由として、自身の人生観と死生観について語りました。",
    "EN": "The patient explained that the refusal of treatment was based on personal views about life and death."
  },
  "edge_8": {
    "JA": "次へ。",
    "EN": "Next."
  },
  "edge_8_4_1": {
    "JA": "次へ。",
    "EN": "Next."
  },
  "edge_8_0": {
    "JA": "次へ。",
    "EN": "Next."
  },
  "node_4": {
    "JA": "あなたは、患者を、家族と話し合うように説得しましたが、次の来院の時も、患者治療を行わない意思は変わりませんでした。",
    "EN": "Although you encouraged the patient to discuss the matter with their family, the decision to forgo treatment remained unchanged at the next visit."
  },
  "node_4_0": {
    "JA": "あなたは、患者を、家族と話し合うように説得しましたが、次の来院の時も、患者治療を行わない意思は変わりませんでした。",
    "EN": "Although you encouraged the patient to discuss the matter with their family, the decision to forgo treatment remained unchanged at the next visit."
  },
  "edge_9": {
    "JA": "次へ。",
    "EN": "Next."
  },
  "edge_9_0": {
    "JA": "次へ。",
    "EN": "Next."
  },
  "edge_9_4_2": {
    "JA": "次へ。",
    "EN": "Next."
  },
  "node_5": {
    "JA": "あなたに言われた通り、患者は事前指示として、いかなる事態においても自身の治療を行わない旨を書類として残しました。",
    "EN": "Following your instruction, the patient documented an advance directive clearly stating a refusal of any treatment under all circumstances."
  },
  "node_5_0": {
    "JA": "あなたに言われた通り、患者は事前指示として、いかなる事態においても自身の治療を行わない旨を書類として残しました。",
    "EN": "Following your instruction, the patient documented an advance directive clearly stating a refusal of any treatment under all circumstances."
  },
  "node_5_4": {
    "JA": "あなたに言われた通り、患者は事前指示として、いかなる事態においても自身の治療を行わない旨を書類として残しました。",
    "EN": "Following your instruction, the patient documented an advance directive clearly stating a refusal of any treatment under all circumstances."
  },
  "node_5_6": {
    "JA": "あなたに言われた通り、患者は事前指示として、いかなる事態においても自身の治療を行わない旨を書類として残しました。",
    "EN": "Following your instruction, the patient documented an advance directive clearly stating a refusal of any treatment under all circumstances."
  },
  "edge_10": {
    "JA": "次へ。",
    "EN": "Next."
  },
  "edge_10_6_1": {
    "JA": "次へ。",
    "EN": "Next."
  },
  "edge_10_0": {
    "JA": "次へ。",
    "EN": "Next."
  },
  "node_6": {
    "JA": "あなたは治療を行わない場合のデメリットと行なった場合のメリットについてもう一度説明し、治療を行うように説得しましたが、患者の意思は変わりませんでした。",
    "EN": "You reiterated the risks of declining treatment and the potential benefits of proceeding, but the patient's decision remained unchanged."
  },
  "node_6_0": {
    "JA": "あなたは治療を行わない場合のデメリットと行なった場合のメリットについてもう一度説明し、治療を行うように説得しましたが、患者の意思は変わりませんでした。",
    "EN": "You reiterated the risks of declining treatment and the potential benefits of proceeding, but the patient's decision remained unchanged."
  },
  "edge_11": {
    "JA": "次へ。",
    "EN": "Next."
  },
  "edge_11_6_2": {
    "JA": "次へ。",
    "EN": "Next."
  },
  "edge_11_0": {
    "JA": "次へ。",
    "EN": "Next."
  },
  "node_8": {
    "JA": "そして、治療を開始しないまま2か月が経過しました。その間に、患者は脳腫瘍の進行と共に意識障害を来し、自分の状況や治療の詳細を理解することが難しくなりました。そこで、 患者家族は脳腫瘍の治療を開始してほしいと言ってきました。この状況における対応として、あなたの考えに近いものを以下の選択肢から１つ選択してください。",
    "EN": "Two months passed without initiating treatment. During this period, the brain tumor progressed, and the patient developed impaired consciousness, making it difficult to comprehend their condition or treatment details. The patient's family then requested initiation of treatment. Please choose the response that best reflects your view in this situation."
  },
  "edge_14": {
    "JA": "治療は行わないと説明する。",
    "EN": "Explain that treatment will not be initiated."
  },
  "edge_15": {
    "JA": "患者家族に治療開始の同意を書面で残すように指示し、治療を開始する。",
    "EN": "Instruct the family to provide written consent and proceed with treatment."
  },
  "edge_16": {
    "JA": "治療を開始する方針とする。",
    "EN": "Decide to initiate treatment."
  },
  "node_12": {
    "JA": "あなたは、同意能力のない患者の代わりに家族の意向を尊重し、治療を開始しました。 -END-",
    "EN": "You respected the family's wishes on behalf of the patient, who lacked decision-making capacity, and initiated treatment. -END-"
  },
  "node_10": {
    "JA": "あなたは患者の事前指示を優先し、治療を行わないまま、患者は亡くなりました。患者の死後、家族は訴えを起こしましたが、書面による患者の事前指示が法的に認められたため、あなたの主張は認められました。 -END-",
    "EN": "You prioritized the patient’s written advance directive and did not initiate treatment. The patient died without receiving treatment. Afterward, the family filed a lawsuit, but the legally valid directive supported your decision. Your claim was upheld. -END-"
  },
  "node_11": {
    "JA": "あなたは患者の事前指示を優先し、治療を行わないまま、患者は亡くなりました。患者の死後、家族は訴えを起こし、患者本人の意向を証明できなかったため、裁判で負けてしまいました。 -END-",
    "EN": "You prioritized the patient's written advance directive and did not initiate treatment. The patient died without receiving treatment. Afterward, the family filed a lawsuit, and because the patient’s intent could not be legally verified, you lost the case. -END-"
  }
}