{
  "node_1": {
    "JA": "-START- あなたは救急部の救急医です。あなたの元に、患者が付き添いの家族と共に救急搬送されてきました。患者は6歳女性です。患者は交通事故にあい、出血多量が認められました。そこで、あなたは患者の救命には輸血が必要と判断しました。しかし、患者家族は宗教的信念から、患者の輸血を拒否しています。あなたは、輸血を行わない場合、命に危険があることも説明しましたが、患者家族の意思は変わりませんでした。この状況における対応として、あなたの考えに近いものを以下の選択肢から１つ選択してください。",
    "EN": "-START- You are an emergency physician in the emergency department.# A patient was transported via ambulance with their family. @The patient is a 6-year-od female.@ The patient had been in a traffic accident and was experiencing severe blood loss. You determined that a blood transfusion was necessary to save the patient's life. However, the family refused the transfusion based on religious beliefs. Despite explaining the life-threatening risk of not administering a transfusion, the family maintained their refusal. Please select the option that best reflects your view on how to respond in this situation."
  },
  "edge_4": {
    "JA": "輸血に対する患者の意向を尋ねる。",
    "EN": "Ask the patient for their views on receiving a blood transfusion."
  },
  "edge_5": {
    "JA": "患者家族を説得する。",
    "EN": "Persuade the patient's family."
  },
  "edge_6": {
    "JA": "輸血を許可する裁判所命令を求める。",
    "EN": "Seek a court order permitting a blood transfusion."
  },
  "edge_7": {
    "JA": "児童相談所に報告し、親権喪失を申し立てる。",
    "EN": "Report the case to child protective services and file for the termination of parental rights."
  },
  "edge_8": {
    "JA": "病院のガイドラインに則り、輸血を実行する。",
    "EN": "Administer the transfusion in accordance with hospital guidelines."
  },
  "edge_9": {
    "JA": "患者家族の意向を尊重し処置を中断する。",
    "EN": "Respect the family's wishes and discontinue the procedure."
  },
  "node_3": {
    "JA": "患者本人に、輸血について尋ねると、患者は「輸血はしたくない。」と答えました。この状況における対応として、あなたの考えに近いものを以下の選択肢から１つ選択してください。",
    "EN": "When asked, the patient responded, “I do not want a transfusion.” Please select the option that best reflects your view on how to respond in this situation."
  },
  "edge_10": {
    "JA": "患者家族を説得する。",
    "EN": "Persuade the patient's family."
  },
  "edge_11": {
    "JA": "輸血を許可する裁判所命令を求める。",
    "EN": "Seek a court order permitting a blood transfusion."
  },
  "edge_12": {
    "JA": "病院のガイドラインに則り、輸血を実行する。",
    "EN": "Administer the transfusion in accordance with hospital guidelines."
  },
  "edge_13": {
    "JA": "患者本人の意向を尊重し処置を中断する。",
    "EN": "Respect the patient’s wishes and discontinue the procedure."
  },
  "node_4": {
    "JA": "あなたは、患者家族に輸血治療を行うことを説得しましたが、患者家族は頑なに拒否を続けています。この状況における対応として、あなたの考えに近いものを以下の選択肢から１つ選択してください。",
    "EN": "You attempted to persuade the family to permit a blood transfusion, but they remained firmly opposed. Please select the option that best reflects your response in this situation."
  },
  "edge_14": {
    "JA": "患者家族の説得を続ける。",
    "EN": "Continue efforts to persuade the family."
  },
  "edge_15": {
    "JA": "輸血を許可する裁判所命令を求める。",
    "EN": "Seek a court order permitting a blood transfusion."
  },
  "edge_16": {
    "JA": "児童相談所に報告し、親権喪失を申し立てる。",
    "EN": "Report to child protective services and file for termination of parental rights."
  },
  "edge_17": {
    "JA": "病院のガイドラインに則り、輸血を実行する。",
    "EN": "Administer the transfusion in accordance with hospital guidelines."
  },
  "edge_18": {
    "JA": "患者と患者家族の意向を尊重し処置を中断する。",
    "EN": "Respect the wishes of the patient and family and discontinue the procedure."
  },
  "node_5": {
    "JA": "手続き上、裁判所は関与できないとの回答があった。この状況における対応として、あなたの考えに近いものを以下の選択肢から１つ選択してください。",
    "EN": "You were informed that the court cannot be involved in this matter due to procedural constraints. Please select the option that best reflects your response in this situation."
  },
  "edge_19": {
    "JA": "児童相談所に報告し、親権喪失を申し立てる。",
    "EN": "Report to child protective services and file for termination of parental rights."
  },
  "edge_20": {
    "JA": "病院のガイドラインに則り、輸血を実行する。",
    "EN": "Administer the transfusion in accordance with hospital guidelines."
  },
  "edge_21": {
    "JA": "患者家族の意向を尊重し処置を中断する。",
    "EN": "Respect the family's wishes and discontinue the procedure."
  },
  "node_6": {
    "JA": "あなたは、患者の患者家族の親権喪失の手続きを行いました。手続きは正常に終わり、輸血を開始する。",
    "EN": "You initiated legal procedures to revoke parental rights. The process was completed successfully, and the blood transfusion was initiated ."
  },
  "edge_22": {
    "JA": "次へ。",
    "EN": "Next."
  },
  "node_10": {
    "JA": "あなたは、輸血を行いませんでした。患者は患者家族に看取られ亡くなりました。 -END-",
    "EN": "You did not administer a transfusion. The patient passed away in the presence of their family. -END-"
  },
  "node_7": {
    "JA": "あなたは輸血を行いました。その結果、患者の救命することができました。 -END-",
    "EN": "You administered a blood transfusion, and the patient’s life was saved. -END-"
  }
}