{
  "node_1": {
    "JA": "-START- あなたは歯科診療所を経営する開業医です。あなたの元に患者が来院しました。患者は、50歳の男性です。その患者は、昨晩から奥歯が痛くなり、検査をしたところ、奥歯が１本割れている状態で、痛みを抜歯をする必要があることを説明しました。抜歯後は、歯を抜いた部分に、義歯を装着するか、両隣の歯を削ってブリッジを装着するか、インプラントを１本埋入する必要があります。費用面で見ると、インプラント、ブリッジ、義歯の順番になります。また、口腔全体で見た予後は、インプラント、ブリッジ、義歯の順に良いです。患者は、なるべく費用がかからない治療から考えたいと言っています。短い診療時間の中で、患者に行う治療法の説明について、あなたの考えに近いものを以下の選択肢から１つ選択してください。",
    "EN": "-START- You are a private practitioner operating a dental clinic.# A patient presented with molar pain that began the previous night. @The patient is a 50-year-old male.@ Examination revealed a cracked molar, and you explained that extraction was necessary to alleviate the pain. Post-extraction, three replacement options were presented: a denture, a bridge requiring the adjacent teeth to be shaved down, or a single implant. In terms of cost, the order is implant, bridge, and then denture. In terms of long-term oral prognosis, the order is implant, bridge, and then denture. The patient expressed a preference to start with the most cost-effective option. Please select the option that best represents your approach to explaining these treatment options within a limited consultation time."
  },
  "edge_4": {
    "JA": "標準治療であるブリッジと費用の安い義歯についてメリット・デメリットを説明する。",
    "EN": "Explain the advantages and disadvantages of the standard bridge treatment and the more cost-effective denture."
  },
  "edge_5": {
    "JA": "標準治療であるブリッジによる治療を行うことと、そのメリット・デメリットを説明する。",
    "EN": "Perform treatment using a bridge, the standard option, and explain its benefits and drawbacks."
  },
  "edge_6": {
    "JA": "費用の安い義歯による治療を行うことと、そのメリット・デメリットについて説明する。",
    "EN": "Perform treatment using a cost-effective denture and explain its benefits and drawbacks."
  },
  "edge_7": {
    "JA": "標準治療であるブリッジと費用の安い義歯、高額ではあるが予後の良好なインプラントについてメリット・デメリットを説明する。",
    "EN": "Explain the advantages and disadvantages of the standard bridge, the low-cost denture, and the more expensive yet prognostically favorable implant."
  },
  "node_3": {
    "JA": "患者は、義歯を選択し、治療は問題なく完了しました。しかし、しばらくして、患者はインプラントという別の治療法があることを指摘し、「他にも治療法があるならば、知りたかった。」と言いました。",
    "EN": "The patient chose the denture, and treatment was completed without complications. However, the patient later inquired about implants and remarked, 'I would have wanted to know if there were other options.'"
  },
  "edge_8": {
    "JA": "次へ。",
    "EN": "Next."
  },
  "node_4": {
    "JA": "患者は、「こんな治療だとは思っていなかった。他の治療法の説明をもっとして欲しかった。」と言いました。",
    "EN": "The patient said, 'This is not the treatment I expected. I wish I had received a more thorough explanation of the alternatives.'"
  },
  "edge_9": {
    "JA": "次へ。",
    "EN": "Next."
  },
  "node_5": {
    "JA": "患者は、説明を理解し、ブリッジの治療を選択しました。しかし、治療が終わった後、「やっぱりインプラントにすればよかった。」と言いました。この件について、患者は訴訟も考えているそうです。この状況における医師側の対応についてどのように考えますか。あなたの考えに近いものを以下の選択肢から１つ選択してください。",
    "EN": "The patient understood the explanation and chose bridge treatment. However, after completion, they expressed regret, stating, 'I should have chosen the implant.' The patient is reportedly considering legal action. In this situation, how should the physician respond? Please choose the option that best aligns with your perspective."
  },
  "edge_10": {
    "JA": "行った治療について十分に説明し、同意を得たので医師には何の問題もない。",
    "EN": "There is no issue, as the physician provided sufficient explanation and obtained informed consent."
  },
  "edge_11": {
    "JA": "インプラントがより優れた治療法であることから、訴訟になれば、説明義務違反で、医師が敗訴する。",
    "EN": "Because implants are a superior treatment, the physician would likely lose a legal case due to a failure in the duty to explain."
  },
  "edge_12": {
    "JA": "治療について有害事象もなく、患者に害はなかったため、医師には何の問題もない。",
    "EN": "Since there were no adverse events and no harm to the patient, there is no issue with the physician's conduct."
  },
  "edge_13": {
    "JA": "考えられる治療法について全て説明した上で、患者の希望する治療を行ったため、医師には何の問題もない。",
    "EN": "As all treatment options were explained and the patient's preferred method was chosen, there is no issue with the physician's conduct."
  },
  "node_6": {
    "JA": "この件について、患者は訴訟も考えているそうです。この状況における医師側の対応についてどのように考えますか。あなたの考えに近いものを以下の選択肢から１つ選択してください。",
    "EN": "The patient is reportedly considering legal action. How should the physician respond in this situation? Please select the option that best reflects your view."
  },
  "edge_14": {
    "JA": "行った治療について十分に説明し、同意を得たので医師には何の問題もない。",
    "EN": "There is no issue, as the physician provided sufficient explanation and obtained informed consent."
  },
  "edge_15": {
    "JA": "治療について他の選択肢があることを説明していなかったので、訴訟になれば、説明義務違反で、医師が敗訴する。",
    "EN": "Because alternative options were not explained, a legal case could result in the physician losing due to failure in the duty to explain."
  },
  "edge_16": {
    "JA": "インプラントがより優れた治療法であることから、訴訟になれば、説明義務違反で、医師が敗訴する。",
    "EN": "Because implants are a superior treatment, the physician would likely lose a legal case for failing to provide a sufficient explanation."
  },
  "edge_17": {
    "JA": "治療について有害事象もなく、患者に害はなかったため、医師には何の問題もない。",
    "EN": "Since there were no adverse events and the patient experienced no harm, the physician’s conduct presents no issue."
  },
  "edge_18": {
    "JA": "患者の状態から判断して、標準的な治療を選択したため、医師には何の問題もない。",
    "EN": "As the physician selected a standard treatment based on the patient's condition, there is no issue."
  },
  "node_7": {
    "JA": "結局、患者とは和解しましたが、あなたは、これまでの治療について、深く考えることとなりました。 -END-",
    "EN": "Ultimately, you reached a settlement with the patient, prompting serious reflection on the previous course of treatment. -END-"
  },
  "node_8": {
    "JA": "結局、患者とは和解しましたが、あなたは、これまでの治療について、深く考えることとなりました。 -END-",
    "EN": "Ultimately, you reached a settlement with the patient, prompting serious reflection on the previous course of treatment. -END- "
  }
}