{
  "node_1": {
    "JA": "-START- あなたは、精神科の医師です。あなたの元に患者が来院しました。患者は35歳男性です。その患者は、妄想や幻聴といった、統合失調症の陽性症状を治療しています。患者は、あなたに対し、「先生は信用できると思うので打ち明けるのだが、元恋人を殺すしかないと考えている。」と伝えてきました。この状況における対応として、あなたの考えに近いものを以下の選択肢から１つ選択してください。",
    "EN": "-START- You are a psychiatrist.# A patient undergoing treatment for positive symptoms of schizophrenia, including delusions and hallucinations, visits your clinic. @The patient is a 35-year-old male.@ The patient states, “I trust you, so I am telling you this—I believe I must kill my ex-partner.” Please select the response that most closely aligns with your view in this situation."
  },
  "edge_4": {
    "JA": "患者に、症状が悪化していることと、入院による治療の必要性を説明する。",
    "EN": "Explain that the symptoms are worsening and that hospitalization is necessary."
  },
  "edge_5": {
    "JA": "患者の家族に連絡し、対処してもらう。",
    "EN": "Contact the patient’s family and ask them to intervene."
  },
  "edge_6": {
    "JA": "患者について犯罪のおそれがある旨を保健所に連絡するとともに、警察に通報する。",
    "EN": "Notify the public health center about the risk of criminal behavior and report to the police."
  },
  "edge_7": {
    "JA": "強制的に措置入院を実施する。",
    "EN": "Initiate involuntary hospitalization."
  },
  "edge_8": {
    "JA": "妄想を抑える薬を処方し、様子を見る。",
    "EN": "Prescribe antipsychotic medication and observe the situation."
  },
  "node_3": {
    "JA": "患者は、「入院の必要性は感じない」と返答し、入院治療には同意しません。この状況における対応として、あなたの考えに近いものを以下の選択肢から１つ選択してください。",
    "EN": "The patient responds, “I do not feel hospitalization is necessary,” and refuses inpatient treatment. Please select the response that most closely aligns with your view."
  },
  "edge_9": {
    "JA": "患者の家族に連絡し、対処してもらう。",
    "EN": "Contact the patient’s family and ask them to intervene."
  },
  "edge_10": {
    "JA": "患者について犯罪のおそれがある旨を保健所に連絡するとともに、警察に通報する。",
    "EN": "Notify the public health center about the risk of criminal behavior and report to the police."
  },
  "edge_11": {
    "JA": "強制的に措置入院を実施する。",
    "EN": "Implement involuntary hospitalization."
  },
  "edge_12": {
    "JA": "妄想を抑える薬を処方し、様子を見る。",
    "EN": "Prescribe antipsychotic medication and observe the situation."
  },
  "node_4": {
    "JA": "患者の家族に連絡したところ、患者の家族は、患者と疎遠になっているそうで、対応を拒否しました。この状況における対応として、あなたの考えに近いものを以下の選択肢から１つ選択してください。",
    "EN": "The patient’s family reports estrangement and refuses involvement. Please select the response that most closely reflects your view in this situation."
  },
  "edge_13": {
    "JA": "患者について犯罪のおそれがある旨を保健所に連絡するとともに、警察に通報する。",
    "EN": "Notify the public health center about the risk of criminal behavior and report to the police."
  },
  "edge_14": {
    "JA": "強制的に措置入院を実施する。",
    "EN": "Implement involuntary hospitalization."
  },
  "edge_15": {
    "JA": "妄想を抑える薬を処方し、様子を見る。",
    "EN": "Prescribe antipsychotic medication and observe the situation."
  },
  "node_7": {
    "JA": "患者は「早く帰りたい」と、そのまま自宅に帰ってしまいました。後日、あなたはニュ-スで、元交際相手を殺害した犯人として、患者の名前と顔写真を見ることになってしまいました。 -END-",
    "EN": "The patient insists on going home and leaves the facility. Later, the patient's name and photo appear in the news as the suspect in the murder of the former partner. -END-"
  },
  "node_5": {
    "JA": "患者は入院することになりました。患者は入院下での治療に強い抵抗を示していましたが、この選択は、患者の元恋人を救うことができたと言えます。 -END-",
    "EN": "The patient is hospitalized and initially resists treatment. However, the decision likely prevented harm to the former partner. -END-"
  }
}