{
  "node_1": {
    "JA": "-START- あなたは総合病院の病棟医長です。あなたの病棟に入院している患者が看護師に暴言と暴力を繰り返しているとの報告を受けました。患者は、40歳男性です。報告した看護師は、患者から深刻な暴力を受けていることを説明し、「その患者を強制的に退院させてほしい。」と訴えています。一方で、この患者の症状は重篤で、入院下での治療が必要な状態にあります。また、患者本人は入院下での治療の継続を希望している状態です。この状況における対応として、あなたの考えに近いものを以下の選択肢から１つ選択してください。",
    "EN": "-START- You are the head physician of a general hospital ward. # You have received a report that a hospitalized patient has repeatedly engaged in verbal and physical abuse toward nursing staff. @The patient is a 40-year-old male.@ The reporting nurse stated that they suffered severe violence from the patient and requested the patient’s forced discharge. However, the patient’s condition is critical and requires inpatient treatment. The patient also wishes to continue receiving care in the hospital. Please select the option that most closely aligns with your view on how to respond to this situation."
  },
  "edge_4": {
    "JA": "患者に、患者の暴力について指摘し、理由を尋ねる。",
    "EN": "Inform the patient of their violent behavior and ask for an explanation."
  },
  "edge_5": {
    "JA": "患者の家族に相談する。",
    "EN": "Consult the patient’s family."
  },
  "edge_6": {
    "JA": "他者に暴力を振るってはいけないことについて患者と話し合う。",
    "EN": "Discuss with the patient that violence against others is unacceptable."
  },
  "edge_7": {
    "JA": "看護師に暴力を回避するアドバイスをして様子を見る。",
    "EN": "Advise the nursing staff on how to avoid violence and monitor the situation."
  },
  "edge_8": {
    "JA": "退院命令を出し、強制的に退院させる。",
    "EN": "Issue a discharge order and proceed with forced discharge."
  },
  "edge_9": {
    "JA": "鎮静剤と拘束による抑制を行う。",
    "EN": "Implement restraint using sedatives and physical restraints."
  },
  "node_3": {
    "JA": "あなたが、患者の暴力について指摘すると、患者は「うるさい。知らない。」と返答しました。この状況における対応として、あなたの考えに近いものを以下の選択肢から１つ選択してください。",
    "EN": "When informed of their violent behavior, the patient responded, 'Shut up. I do not know.' Please select the option that most closely reflects your approach to this situation."
  },
  "edge_10": {
    "JA": "患者の家族に相談する。",
    "EN": "Consult the patient’s family."
  },
  "edge_11": {
    "JA": "他者に暴力を振るってはいけないことについて患者と話し合う。",
    "EN": "Discuss with the patient that violence against others is unacceptable."
  },
  "edge_12": {
    "JA": "看護師に暴力を回避するアドバイスをして様子を見る。",
    "EN": "Advise the nursing staff on how to avoid violence and monitor the situation."
  },
  "edge_13": {
    "JA": "退院命令を出し、強制的に退院させる。",
    "EN": "Issue a discharge order and proceed with forced discharge."
  },
  "edge_14": {
    "JA": "鎮静剤と拘束による抑制を行う。",
    "EN": "Implement restraint using sedatives and physical restraints."
  },
  "node_4": {
    "JA": "患者家族の連絡先を確認したところ、患者は天涯孤独の身で、頼れる親族がいないということがわかりました。この状況における対応として、あなたの考えに近いものを以下の選択肢から１つ選択してください。",
    "EN": "Upon verifying the patient’s emergency contact, it was discovered that the patient has no surviving relatives or social support. Please select the option that most closely reflects your view on how to respond in this situation."
  },
  "edge_15": {
    "JA": "患者に、患者の暴力について指摘し、理由を尋ねる。",
    "EN": "Inform the patient of their violent behavior and ask for an explanation."
  },
  "edge_16": {
    "JA": "他者に暴力を振るってはいけないことについて患者と話し合う。",
    "EN": "Discuss with the patient that violence against others is unacceptable."
  },
  "edge_17": {
    "JA": "看護師に暴力を回避するアドバイスをして様子を見る。",
    "EN": "Advise the nursing staff on how to avoid violence and monitor the situation."
  },
  "edge_18": {
    "JA": "退院命令を出し、強制的に退院させる。",
    "EN": "Issue a discharge order and proceed with forced discharge."
  },
  "edge_19": {
    "JA": "鎮静剤と拘束による抑制を行う。",
    "EN": "Implement restraint using sedatives and physical restraints."
  },
  "node_5": {
    "JA": "患者は、暴力をしないという約束をしましたが、後日約束を破ったと看護師から報告がありました。この状況における対応として、あなたの考えに近いものを以下の選択肢から１つ選択してください。",
    "EN": "The patient initially promised to refrain from violence, but a nurse later reported that the promise was broken. Please select the option that most closely aligns with your view on how to respond."
  },
  "edge_20": {
    "JA": "患者に、患者の暴力について指摘し、理由を尋ねる。",
    "EN": "Inform the patient of their violent behavior and ask for an explanation."
  },
  "edge_21": {
    "JA": "他者に暴力を振るってはいけないことについて患者と話し合う。",
    "EN": "Discuss with the patient that violence against others is unacceptable."
  },
  "edge_22": {
    "JA": "看護師に暴力を回避するアドバイスをして様子を見る。",
    "EN": "Advise the nursing staff on how to avoid violence and monitor the situation."
  },
  "edge_23": {
    "JA": "退院命令を出し、強制的に退院させる。",
    "EN": "Issue a discharge order and proceed with forced discharge."
  },
  "edge_24": {
    "JA": "鎮静剤と拘束による抑制を行う。",
    "EN": "Implement restraint using sedatives and physical restraints."
  },
  "node_9": {
    "JA": "鎮静剤と抑制具による患者のコントロ-ルが行われることとなりました。-END-",
    "EN": "The patient was managed using sedatives and physical restraints. -END-"
  },
  "node_6": {
    "JA": "患者は暴れ、物を壊し、スタッフに大怪我をさせてしまいました。-END-",
    "EN": "The patient became violent, damaged property, and inflicted serious injuries on staff. -END-"
  }
}