{
  "node_1": {
    "JA": "-START- あなたは、公立病院の感染症科の外来医長です。あなたの元に患者が呼吸困難を主訴に来院しました。患者は、39歳女性です。この患者は、観光ビザで入国したまま、ビザが切れているにもかかわらず飲食店で働いており、 明らかな不法滞在者です。この状況における対応として、あなたの考えに近いものを以下の選択肢から１つ選択してください。",
    "EN": "-START- You are the head outpatient physician in the infectious disease department of a public hospital.# A patient presents with difficulty breathing. @The patient is a 39-year-old female.@ The patient entered the country on a tourist visa, which has since expired, and is working at a restaurant, clearly residing without documentation. Please choose the response that most closely reflects your view in this situation."
  },
  "edge_3": {
    "JA": "患者が医療保険に加入しているか、医療費の支払いが可能であるかを確認する。",
    "EN": "Confirm whether the patient has health insurance or the ability to pay for care."
  },
  "edge_4": {
    "JA": "平常通り、診察を行う。",
    "EN": "Proceed with the examination as usual."
  },
  "edge_5": {
    "JA": "こちらでは対応できないため、他医療機関を探すように指示する。",
    "EN": "Refer the patient elsewhere, as care cannot be provided here."
  },
  "node_3": {
    "JA": "患者は、現時点で有効な保険には加入しておらず、また、金銭的に苦しい状態で、医療費の支払いも難しい様子でした。この状況における対応として、あなたの考えに近いものを以下の選択肢から１つ選択してください。",
    "EN": "The patient lacks valid insurance, is financially strained, and appears unable to pay medical expenses. Please select the response that most closely aligns with your view."
  },
  "edge_6": {
    "JA": "平常通り、診察を行う。",
    "EN": "Proceed with the examination as usual."
  },
  "edge_7": {
    "JA": "こちらでは対応できないため、他医療機関を探すように指示する。",
    "EN": "Refer the patient to another facility given the inability to provide care."
  },
  "node_4": {
    "JA": "あなたは患者の診察を行いました。検査の結果、患者は肺結核であることが判明しました。日本国の結核予防法によれば、結核患者を診察した場合には直ちに最寄りの保健所に報告する義務があります。しかし、患者は不法滞在でありことがが知られると、母国へ強制送還されるのではないかとおそれており、不法滞在であることを誰にも知らせないでほしいと嘆願しています。この状況における対応として、あなたの考えに近いものを以下の選択肢から１つ選択してください。",
    "EN": "After conducting the examination, you diagnose pulmonary tuberculosis. Under Japan’s Tuberculosis Prevention Act, this must be immediately reported to the public health center. The patient, fearing deportation due to undocumented status, pleads for confidentiality. Please select the option that most closely reflects your view in this situation."
  },
  "edge_8": {
    "JA": "どこにも届け出ずに、患者の治療のみに専念する。",
    "EN": "Focus solely on treatment and do not report the case."
  },
  "edge_9": {
    "JA": "患者には、どこにも届け出ないと説明した上で、内密に保健所と入国管理局に届け出を行う。",
    "EN": "Assure the patient that no report will be made, then discreetly notify both the public health center and immigration authorities."
  },
  "edge_10": {
    "JA": "患者には、医師は不法滞在者を届け出る義務があると説明し、保健所と入国管理に届け出を行う。",
    "EN": "Explain the obligation to report undocumented residents and proceed with notifications to both the health center and immigration."
  },
  "edge_11": {
    "JA": "患者には、保健所には届けるが、そのことは入国管理には知らされないと説明し、保健所に届け出を行う。",
    "EN": "Explain that the case will be reported only to the public health center, without notifying immigration."
  },
  "edge_12": {
    "JA": "患者には、どこにも届け出ないと説明した上で、内密に保健所に届け出を行う。",
    "EN": "Assure the patient that no report will be made, then discreetly notify only the public health center."
  },
  "node_5": {
    "JA": "患者は、他の医療機関を探すために病院を出ていきました。 -END-",
    "EN": "The patient leaves the hospital to seek care at another facility. -END-"
  },
  "node_6": {
    "JA": "治療は順調に進み、患者は感謝の意を示しました。しかし、患者は、受けた分の医療費を払わずにその場を去っていきました。 -END-",
    "EN": "Treatment progresses successfully, and the patient expresses gratitude. However, they leave without paying for the care received. -END-"
  },
  "node_7": {
    "JA": "あなたは、患者のことを、法務省の行政機関に届け出ました。患者は、治療のちに強制送還され、患者が受けた医療費を支払うことはありませんでした。 -END-",
    "EN": "You report the patient to the Ministry of Justice. Following treatment, the patient is deported and does not pay for the medical services. -END-"
  },
  "node_8": {
    "JA": "あなたは結核の感染について、保健所に届け出ました。 -END-",
    "EN": "You report the tuberculosis case to the public health center. -END-"
  }
}