{
  "node_1": {
    "JA": "-START- あなたは、訪問診療にも対応している内科の開業医です。あなたの診察している患者の家族から電話がありました。患者は、80歳男性です。その患者は、2年前、不整脈で市立病院に1か月入院し退院後、定期的な診察のためにあなたの診療所に通院しておりました。5日前に診療所に来院した時は患者の状態に問題なかったため、定期処方を行いました。電話をかけてきた患者の家族によると、その日の朝、患者が寝室で意識がない状態で倒れているのを発見し、救急車を呼んだところ、すでに死亡していると言われたそうです。患者家族は、この状況でどうするべきかわからないと相談されました。医師からみて話に不審な点はありません。この状況における対応として、あなたの考えに近いものを以下の選択肢から１つ選択してください。",
    "EN": "-START- You are a general practitioner who also provides home visits.# You received a call from the family of a patient. @The patient is an 80-year-old male.@ Two years prior, the patient was hospitalized for arrhythmia for one month at the city hospital and has since attended your clinic regularly for follow-up. At his last visit five days ago, his condition was stable, and you prescribed his regular medications. The family reports finding the patient unconscious and collapsed in his bedroom that morning; paramedics declared him deceased upon arrival. The family is uncertain about how to proceed. You find no suspicious elements in the account. Please select the option closest to your view on how to respond."
  },
  "edge_5": {
    "JA": "患者の家に行く。",
    "EN": "Visit the patient’s home."
  },
  "edge_6": {
    "JA": "患者の家族に診療所に来てもらうよう伝える。",
    "EN": "Ask the patient’s family to come to the clinic."
  },
  "node_3": {
    "JA": "あなたは患者の家に行くことにしました。患者の家族に迎えられ、寝室に行くと患者が亡くなっているのを確認しました。遺体を調べたところ、特に事件性はなく、不整脈で亡くなったと判断しました。この後の対応として、あなたの考えに近いものを以下の選択肢から１つ選択してください。",
    "EN": "You decided to visit the patient’s home. The family received you, and you confirmed the patient’s death in the bedroom. Upon examination, you found no evidence of foul play and concluded the death was due to arrhythmia. Please select the option closest to your view on the next steps."
  },
  "edge_7": {
    "JA": "その場で死亡診断書を作成し、患者家族に渡す。",
    "EN": "Prepare a death certificate on-site and provide it to the family."
  },
  "edge_8": {
    "JA": "警察による検視が必要である旨を説明し、警察に連絡するように指示する。",
    "EN": "Explain that a police examination is necessary and instruct the family to contact the authorities."
  },
  "node_4": {
    "JA": "あなたは患者の家には出向かず、患者の家族に診療所に来てもらうことにしました。患者家族の話に、不審な点はなく、話の内容から心筋梗塞による死亡が考えられました。この後の対応として、あなたの考えに近いものを以下の選択肢から１つ選択してください。",
    "EN": "You decided not to visit the patient’s home and instead asked the family to come to the clinic. The family’s account contained no suspicious elements, and death by myocardial infarction was suspected. Please select the option closest to your view on the next steps."
  },
  "edge_9": {
    "JA": "その場で死亡診断書を作成し、患者家族に渡す。",
    "EN": "Prepare a death certificate on-site and provide it to the family."
  },
  "edge_10": {
    "JA": "警察による検視が必要である旨を説明し、警察に連絡するように指示する。",
    "EN": "Explain that a police examination is necessary and instruct the family to contact the authorities."
  },
  "node_5": {
    "JA": "あなたは、不整脈による死亡と患者家族に伝え、患者の死亡診断書を作成し、患者家族に渡しました。患者家族は、あなたにお礼を伝え、手続きの準備を始めました。 -END-",
    "EN": "You informed the family that the patient died of arrhythmia, prepared the death certificate, and provided it to the family. They expressed gratitude and began the necessary procedures. -END-"
  },
  "node_6": {
    "JA": "患者の遺体は、警察が検視することとなりました。事件性はなかったものの、警察の事情聴取のために、患者家族は長時間拘束されてしまいました。患者の突然の死にショックを受けていた患者家族は更に疲弊する事態となってしまいました。 -END-",
    "EN": "The police conducted an autopsy. Although no criminal suspicion arose, the family endured lengthy questioning. Already shocked by the sudden death, the family became further distressed. -END-"
  }
}