{
  "node_1": {
    "JA": "-START- あなたは総合病院の内科の勤務医です。あなたの担当している患者が、診療の終わりに手紙を渡してきました。患者は、28歳女性です。手紙には、愛の告白と恋愛関係を求める内容が書かれています。その人はとても魅力的で、あなたもその人とプライベ-トでも親密になりたいと考えたことがあります。もちろん、あなたもその人もパ-トナ-がいないため、恋愛関係になっても一般的な道徳の問題はなさそうです。その人との恋愛について、あなたの考えに近いものを以下の選択肢から１つ選択してください。",
    "EN": "-START-You are a physician in the internal medicine department of a general hospital.# At the end of a consultation, a patient handed you a letter. @The patient is a 28-year-old female.@ The letter contains a confession of love and a request for a romantic relationship. The patient is very attractive, and you have considered developing a closer, private relationship. Since neither of you has a partner, no general moral issues appear to arise. Please select the option below that best reflects your view on pursuing a romantic relationship with this patient."
  },
  "edge_1": {
    "JA": "あなたとその人が、恋愛関係になることは不適切である。",
    "EN": "It is inappropriate for you and the patient to enter into a romantic relationship."
  },
  "edge_2": {
    "JA": "あなたとその人が、友人となることは可能だが、恋愛関係になることはできない。",
    "EN": "You and the patient may become friends , but a romantic relationship is not possible."
  },
  "edge_3": {
    "JA": "あなたとその人が恋愛関係になるにはまず病院の倫理委員会の承認を得る必要がある。",
    "EN": "You must obtain approval from the hospital ethics committee before entering a romantic relationship with the patient."
  },
  "edge_4": {
    "JA": "その人があなたの担当でなければ、恋愛関係になっても良い。",
    "EN": "If the patient is not under your care, a romantic relationship would be acceptable."
  },
  "edge_5": {
    "JA": "あなたからその人にアプロ-チすることは問題となるが、その人からのアプロ-チなので、恋愛関係になっても良い。",
    "EN": "It is problematic for you to initiate a relationship, but since the patient initiated it, entering a romantic relationship is acceptable."
  },
  "node_2": {
    "JA": "あなたは、自分の考えをその人に伝えました。その人は、あなたの意見を尊重する態度を示し、他の医療機関にかかることとなりました。",
    "EN": "You communicated your thoughts to the patient. The patient respected your opinion and decided to seek care at another medical institution."
  },
  "edge_6": {
    "JA": "次へ。",
    "EN": "Next."
  },
  "node_3": {
    "JA": "その人は、あなたの元で診療を続けながらも、友人としての付き合いを深めることを希望しました。しかし仲が親密になるにつれ、その人は再度交際を申し込んできました。この状況における対応として、あなたの考えに近いものを以下の選択肢から１つ選択してください。",
    "EN": "While continuing treatment under your care, the patient wished to deepen your friendship. However, as the relationship grew closer, the patient again asked to begin dating. Please select the option below that best reflects your response to this situation."
  },
  "edge_7": {
    "JA": "告白を断る。",
    "EN": "Reject the confession."
  },
  "edge_8": {
    "JA": "告白を受け入れる。",
    "EN": "Accept the confession."
  },
  "node_4": {
    "JA": "病院の倫理委員会にその恋愛について相談したら「承認できない」とのみ回答がありました。この状況における対応として、あなたの考えに近いものを以下の選択肢から１つ選択してください。",
    "EN": "When you consulted the hospital ethics committee regarding the romantic relationship, their sole response was 'It cannot be approved.' Please select the option below that best reflects your response to this situation."
  },
  "edge_9": {
    "JA": "その恋愛は諦め、その人からの告白を断る。",
    "EN": "Abandon the romantic relationship and reject the patient's confession."
  },
  "edge_10": {
    "JA": "周りには秘密で交際する。",
    "EN": "Continue dating in secret from colleagues and others."
  },
  "node_5": {
    "JA": "その人が他の医療機関にかかるようになってから数ヶ月が過ぎました。ある日、その人と病院のそばで偶然出会い、話をすると、「あなたのことが忘れられなかった。」と再度交際を申し込まれました。この状況における対応として、あなたの考えに近いものを以下の選択肢から１つ選択してください。",
    "EN": "Several months after the patient began care at another institution, you encountered them near the hospital. During the conversation, the patient stated, 'I could not forget you,' and again asked to begin dating. Please select the option below that best reflects your response."
  },
  "edge_11": {
    "JA": "告白を断る。",
    "EN": "Reject the confession."
  },
  "edge_12": {
    "JA": "告白を受け入れる。",
    "EN": "Accept the confession."
  },
  "node_6": {
    "JA": "あなたはその患者と恋愛関係になりませんでした。-END-",
    "EN": "You did not enter into a romantic relationship with the patient. -END-"
  },
  "node_7": {
    "JA": "あなたはその患者と恋愛関係を持つことになりました。-END-",
    "EN": "You entered into a romantic relationship with the patient. -END-"
  }
}