{
  "node_1": {
    "JA": "-START- あなたは産婦人科病院で働く産婦人科医です。あなたの元に妊婦が紹介状を持参し来院しました。妊婦は23歳女性です。その妊婦は、妊娠36週の段階の時に児頭骨盤不均衡と診断され、他院より紹介されました。検査の結果、胎児の頭は妊婦の骨盤と比較して大きく、経膣分娩では胎児が生まれてくることが不可能と思われます。主治医であるあなたは、このままでは胎児が生まれてることはおそらく不可能であること、帝王切開が必要なことについて説明しました。妊婦は、あなたの説明と、現在の状況を理解しているものの、入院期間が延びることを理由に帝王切開を拒否しています。この状況における対応として、あなたの考えに近いものを以下の選択肢から１つ選択してください。",
    "EN": "-START- You are an obstetrician working at a hospital specializing in obstetrics and gynecology.# A pregnant patient visits your clinic with a referral letter. @The patient is a 23-year-old female.@ At 36 weeks of gestation, she was diagnosed with cephalopelvic disproportion at another facility. Examination confirms that the fetal head is disproportionately large compared to the maternal pelvis, rendering vaginal delivery unlikely. As the attending physician, you explain that a cesarean section is necessary for a safe delivery. Although the patient understands the situation, she refuses the procedure due to concerns about an extended hospital stay. Please choose the option that most closely aligns with your perspective on how to manage this case."
  },
  "edge_5": {
    "JA": "妊婦に、入院日数が延びることで何が困るのかを尋ねる。",
    "EN": "Ask the patient what specific concerns arise from an extended hospital stay."
  },
  "edge_6": {
    "JA": "妊婦に、夫とよく話し合うように勧める。",
    "EN": "Encourage the patient to have a thorough discussion with their spouse."
  },
  "edge_7": {
    "JA": "妊婦の意向に従い、帝王切開は行わない方針とする。",
    "EN": "Respect the patient’s decision and adopt a policy of not performing a cesarean section."
  },
  "edge_8": {
    "JA": "帝王切開が必要であることを、妊婦の夫に説明し、夫の同意を取る。",
    "EN": "Explain to the patient's spouse that a cesarean section is necessary and obtain the spouse’s consent."
  },
  "node_3": {
    "JA": "あなたは妊婦に、入院日数が延びることが嫌な理由について尋ねました。妊婦は、手術を受けること、更に入院日数がどれだけ延びる状況かわからない点を挙げて、費用面で心配な旨を言いました。この状況における対応として、あなたの考えに近いものを以下の選択肢から１つ選択してください。",
    "EN": "You ask the patient why an extended hospital stay is problematic. The patient cites anxiety about surgery, uncertainty regarding the length of hospitalization, and financial concerns. Please select the response that best reflects your approach in this situation."
  },
  "edge_9": {
    "JA": "妊婦に、夫とよく話し合うように勧める。",
    "EN": "Encourage the patient to have a thorough discussion with their spouse."
  },
  "edge_10": {
    "JA": "妊婦の意向に従い、帝王切開は行わない方針とする。",
    "EN": "Respect the patient’s decision and adopt a policy of not performing a cesarean section."
  },
  "edge_11": {
    "JA": "帝王切開についての入院日数や、かかる費用について追加で具体的に説明する。",
    "EN": "Provide detailed information about the duration of hospitalization and the associated costs of a cesarean section."
  },
  "edge_12": {
    "JA": "帝王切開が必要であることを、妊婦の夫に説明し、夫の同意を取る。",
    "EN": "Explain to the patient's spouse that a cesarean section is necessary and obtain the spouse’s consent."
  },
  "node_4": {
    "JA": "あなたは妊婦に夫と話し合うように勧めました。その結果、妊婦は自然分娩を希望し、帝王切開の同意は行いませんでした。この状況における対応として、あなたの考えに近いものを以下の選択肢から１つ選択してください。",
    "EN": "You advised the patient to speak with their spouse. After the discussion, the patient expressed a desire for a vaginal delivery and did not consent to a cesarean section. Please select the response that best reflects your approach to this situation."
  },
  "edge_13": {
    "JA": "妊婦に、入院日数が延びることで何が困るのかを尋ねる。",
    "EN": "Ask the patient what specific concerns arise from an extended hospital stay."
  },
  "edge_14": {
    "JA": "妊婦の意向に従い、帝王切開は行わない方針とする。",
    "EN": "Respect the patient’s decision and adopt a policy of not performing a cesarean section."
  },
  "edge_15": {
    "JA": "帝王切開が必要であることを、妊婦の夫に説明し、夫の同意を取る。",
    "EN": "Explain to the patient's spouse that a cesarean section is necessary and obtain the spouse’s consent."
  },
  "node_5": {
    "JA": "あなたは妊婦の希望通り、帝王切開は行わない方針としました。妊婦の今後の出産に関する方針として、あなたの考えに近いものを以下の選択肢から１つ選択してください。",
    "EN": "You decide to respect the patient’s preference and not perform a cesarean section. Please choose the option that best aligns with your intended delivery plan for this patient."
  },
  "edge_16": {
    "JA": "たとえ自然分娩であっても、緊急時には帝王切開を行うことを説明する。",
    "EN": "Explain that even with a vaginal delivery plan, a cesarean section may be performed in the event of an emergency."
  },
  "edge_17": {
    "JA": "自然分娩についてのみ説明する。",
    "EN": "Provide information only regarding vaginal delivery."
  },
  "edge_18": {
    "JA": "紹介状を作成し、他の医療機関を受診するように勧める。",
    "EN": "Prepare a referral letter and recommend that the patient seek care at another facility."
  },
  "node_7": {
    "JA": "妊婦の夫は、困惑しながらも妊婦の受ける帝王切開について同意をしました。この時、妊婦の意向は確認されませんでした。",
    "EN": "The patient's spouse, although confused, consents to the cesarean section. However, the patient’s own wishes were not confirmed."
  },
  "edge_20": {
    "JA": "次へ。",
    "EN": "Next."
  },
  "node_6": {
    "JA": "あなたは、帝王切開にかかる費用について、健康保険が適用され、経済的保証が受けられること、更にその補償を受けた場合、自然分娩であっても帝王切開であっても、妊婦が負担する費用はほとんど変わらないことを説明しました。すると妊婦は、説明に納得し、帝王切開について同意することとなりました。",
    "EN": "You explain that the cesarean section is covered by health insurance, and that with financial assistance, the out-of-pocket costs are nearly the same as for vaginal delivery. The patient understands and consents to the procedure."
  },
  "edge_19": {
    "JA": "次へ。",
    "EN": "Next."
  },
  "node_9": {
    "JA": "あなたは、自然分娩の方針で、対応することにしました。分娩第２期となったある日、胎児がなかなか出てこない遷延分娩となり、母体と胎児の生命が危機に晒されたため、結局緊急帝王切開を行うこととなりました。 -END-",
    "EN": "You proceed with a plan for vaginal delivery. However, during the second stage of labor, prolonged delivery occurs. As both maternal and fetal lives are endangered, an emergency cesarean section is ultimately performed. -END-"
  },
  "node_10": {
    "JA": "妊婦は、自分の希望に合う病院で出産を行うために他の医院を探すことにしました。 -END-",
    "EN": "The patient chooses to seek care at another hospital that aligns with their preferences. -END-"
  },
  "node_8": {
    "JA": "あなたは、予定帝王切開を行う方針としました。妊娠の経過は良好で、安全に出産を迎えられそうです。 -END-",
    "EN": "You proceed with a planned cesarean section. The pregnancy progresses well, and a safe delivery is expected. -END-"
  }
}