{
  "node_1": {
    "JA": "-START- あなたは診療所で働く産婦人科医です。あなたの元に、患者が来院しました。患者は16歳女性です。その患者は、アルバイト先の男性と恋愛関係にあり、経口避妊薬の処方を求めています。更に、患者は、経口避妊薬の処方については、両親には秘密にしてほしいと言いました。この状況における対応として、あなたの考えに近いものを以下の選択肢から１つ選択してください。",
    "EN": "-START- You are an obstetrician-gynecologist working at a clinic. A patient visits your clinic. @The patient is a 16-year-old female.@The patient is in a romantic relationship with a man from their part-time job and requests a prescription for oral contraceptives. Additionally, the patient asks that this information be kept confidential from their parents. Please select the option that best reflects your approach to this situation."
  },
  "edge_5": {
    "JA": "両親に知られたくない理由を尋ねる。",
    "EN": "Ask the patient why they do not want their parents to know."
  },
  "edge_6": {
    "JA": "他の避妊方法について説明する。",
    "EN": "Explain alternative contraceptive methods."
  },
  "edge_7": {
    "JA": "患者の意向に従い、経口避妊薬を処方する。",
    "EN": "Prescribe oral contraceptives in accordance with the patient’s wishes."
  },
  "edge_8": {
    "JA": "未成年への処方は行っていないことを説明して、他院を探して受診するように勧める。",
    "EN": "Explain that prescriptions are not provided to minors and recommend consulting another clinic."
  },
  "node_3": {
    "JA": "患者は、両親はおそらく経口避妊薬の処方について同意をしないこと、また、このことが両親に知られたら、暴力を振るわれるだろうと話しました。この状況における対応として、あなたの考えに近いものを以下の選択肢から１つ選択してください。",
    "EN": "The patient states that their parents would likely not consent to the prescription and that disclosure could lead to physical violence. Please choose the option that most closely aligns with your response in this situation."
  },
  "edge_9": {
    "JA": "他の避妊方法について説明する。",
    "EN": "Explain alternative contraceptive methods."
  },
  "edge_10": {
    "JA": "患者の意向に従い、経口避妊薬を処方する。",
    "EN": "Prescribe oral contraceptives in accordance with the patient’s wishes."
  },
  "edge_11": {
    "JA": "未成年の処方には、両親の同意が必要なため、両親と同伴で受診してほしいと伝える。",
    "EN": "Explain that parental consent is required for minors and ask the patient to return with their parents."
  },
  "edge_12": {
    "JA": "未成年への処方は行っていないことを説明して、他院を探して受診するように勧める。",
    "EN": "Explain that prescriptions are not provided to minors and recommend visiting another clinic."
  },
  "edge_13": {
    "JA": "両親による虐待を児童相談所に通報し、患者に避妊薬を処方する。",
    "EN": "Report the suspected abuse to child protective services and prescribe contraceptives to the patient."
  },
  "node_4": {
    "JA": "患者はあなたの説明を聞き、理解を示しました。それでも両親には内密に、経口避妊薬を処方してほしいと言いました。この状況における対応として、あなたの考えに近いものを以下の選択肢から１つ選択してください。",
    "EN": "After hearing your explanation, the patient expresses understanding but still requests that oral contraceptives be prescribed without informing their parents. Please select the option that best reflects your response."
  },
  "edge_14": {
    "JA": "両親に知られたくない理由を尋ねる。",
    "EN": "Ask the patient why they do not want their parents to know."
  },
  "edge_15": {
    "JA": "患者の意向に従い、経口避妊薬を処方する。",
    "EN": "Prescribe oral contraceptives in accordance with the patient’s wishes."
  },
  "edge_16": {
    "JA": "未成年の処方には、両親の同意が必要なため、両親と同伴で受診してほしいと伝える。",
    "EN": "Explain that parental consent is required for minors and ask the patient to return with their parents."
  },
  "edge_17": {
    "JA": "未成年への処方は行っていないことを説明して、他院を探して受診するように勧める。",
    "EN": "Explain that prescriptions are not provided to minors and recommend visiting another clinic."
  },
  "node_5": {
    "JA": "あなたは患者の希望通り、経口避妊薬の処方を行うことにしました。このことについて、患者の緊急連絡先として記載されている患者の両親に連絡をしますか。あなたの考えに近いものを以下の選択肢から１つ選択してください。",
    "EN": "You decide to prescribe oral contraceptives as requested by the patient. Would you contact the patient’s parents, who are listed as the emergency contact? Please choose the option that best reflects your approach."
  },
  "edge_18": {
    "JA": "未成年の医療は、保護者への通知義務があるため、両親に連絡をする。",
    "EN": "Contact the parents, as medical treatment for minors requires notifying guardians."
  },
  "edge_19": {
    "JA": "患者の意向に従い、患者の希望通り、両親には連絡しない。",
    "EN": "Do not contact the parents, in accordance with the patient’s wishes."
  },
  "node_7": {
    "JA": "あなたは患者に、経口避妊薬の処方を行う代わりに、他院の紹介を行いました。 -END-",
    "EN": "Instead of prescribing oral contraceptives, you refer the patient to another clinic. -END-"
  },
  "node_6": {
    "JA": "あなたは患者に、経口避妊薬の処方を行いませんでした。 -END-",
    "EN": "You decide not to prescribe oral contraceptives to the patient. -END-"
  },
  "node_10": {
    "JA": "あなたは患者の受けている児童虐待を通報しました。 -END-",
    "EN": "You report the abuse the patient is experiencing. -END-"
  },
  "node_8": {
    "JA": "あなたは患者の両親に連絡しました。 -END-",
    "EN": "You contact the patient’s parents. -END-"
  },
  "node_9": {
    "JA": "あなたは患者の両親に連絡しませんでした。 -END-",
    "EN": "You do not contact the patient’s parents. -END-"
  }
}