{
  "node_1": {
    "JA": "-START- あなたは産婦人科で働く指定医です。あなたの元に、妊婦が一人で来院しました。妊婦は15歳女性です。その妊婦は、自分が妊娠していることに気づいて来院し、妊娠３か月と診断されました。現時点で母子共に健康で、出産に関わる健康リスクは問題ないと考えられます。今後の方針について相談すると、妊婦は中絶をすることを決めました。しかし、妊婦の両親は、彼女が妊娠していることを知らず、さらに彼女はこのことを両親に知られたくないと話します。この状況における対応として、あなたの考えに近いものを以下の選択肢から１つ選択してください。",
    "EN": "-START- You are a designated obstetrician-gynecologist.# A pregnant patient arrived at your clinic unaccompanied. @The patient is a 15-year-old female.@ The patient realized they were pregnant and was diagnosed at three months gestation. Both the patient and fetus are currently healthy, and there are no anticipated medical risks related to childbirth. When discussing the plan moving forward, the patient expressed a desire to terminate the pregnancy. However, the patient’s parents are unaware of the pregnancy, and the patient does not want them to find out. Please choose the option that best reflects your approach to managing this situation."
  },
  "edge_5": {
    "JA": "妊婦に、両親に知られたくない理由を尋ねる。",
    "EN": "Ask the patient why they do not want their parents to know."
  },
  "edge_6": {
    "JA": "未成年の中絶には両親の同意が必要であることを説明する。",
    "EN": "Explain that parental consent is required for a minor to undergo an abortion."
  },
  "edge_7": {
    "JA": "未成年の中絶にはパ-トナ-の同意が必要であることを説明する。",
    "EN": "Explain that partner consent is required for a minor to undergo an abortion."
  },
  "edge_8": {
    "JA": "中絶について、理由を尋ねた上で、中絶の流れとリスク、デメリットについて詳しく説明する。",
    "EN": "Ask about the reason for seeking an abortion, then provide a detailed explanation of the procedure, including associated risks and disadvantages."
  },
  "edge_9": {
    "JA": "両親への打ち明け方をアドバイスし、両親とよく話し合うように勧める。",
    "EN": "Provide guidance on how to talk to their parents and encourage open communication."
  },
  "edge_10": {
    "JA": "妊婦の希望通り、中絶を行う方針を伝える。",
    "EN": "Inform the patient that the abortion will proceed according to their wishes."
  },
  "edge_11": {
    "JA": "胎児の殺害であるため、中絶は行わない。",
    "EN": "Inform the patient that the abortion will not be performed because it involves terminating a fetus."
  },
  "node_3": {
    "JA": "妊婦は、両親が厳格なカトリック信者であることと、カトリックの教義では、人工妊娠中絶は認められないため、自分の希望は通らないだろうと話しました。この状況における対応として、あなたの考えに近いものを以下の選択肢から１つ選択してください。",
    "EN": "The patient stated that their parents are devout Catholics and, because Catholic doctrine prohibits abortion, it is unlikely that they would support the patient’s decision. Please choose the option that best reflects your response to this situation."
  },
  "edge_12": {
    "JA": "中絶について、理由を尋ねた上で、中絶の流れとリスク、デメリットについて詳しく説明する。",
    "EN": "Ask about the reason for seeking an abortion, then provide a detailed explanation of the procedure, including associated risks and disadvantages."
  },
  "edge_13": {
    "JA": "両親への打ち明け方をアドバイスし、両親とよく話し合うように勧める。",
    "EN": "Provide guidance on how to talk to their parents and encourage open communication."
  },
  "edge_14": {
    "JA": "妊婦の希望通り、中絶を行う方針を伝える。",
    "EN": "Inform the patient that the abortion will proceed according to their wishes."
  },
  "edge_15": {
    "JA": "両親の同意が得られないため、中絶は行わない。",
    "EN": "Inform the patient that the abortion cannot be performed without parental consent."
  },
  "node_4": {
    "JA": "あなたは、未成年が中絶を行うには、両親の同意が必要なことを説明しました。すると、妊婦は困惑した様子で「恐らく同意は得られないです。」と回答しました。この状況における対応として、あなたの考えに近いものを以下の選択肢から１つ選択してください。",
    "EN": "You explained that parental consent is required for minors to undergo an abortion. The patient appeared confused and responded, “I probably will not be able to get their consent.” Please choose the option that best reflects your response to this situation."
  },
  "edge_16": {
    "JA": "妊婦に、両親に知られたくない理由を尋ねる。",
    "EN": "Ask the patient why they do not want their parents to know."
  },
  "edge_17": {
    "JA": "未成年の中絶にはパ-トナ-の同意が必要であることを説明する。",
    "EN": "Explain that partner consent is required for a minor to undergo an abortion."
  },
  "edge_18": {
    "JA": "両親への打ち明け方をアドバイスし、両親とよく話し合うように勧める。",
    "EN": "Provide guidance on how to talk to their parents and encourage open communication."
  },
  "node_5": {
    "JA": "あなたは、中絶を行うには、パ-トナ-の同意が必要なことを説明しました。すると、妊婦は困惑した様子で「結婚もしていないし、子の父親が、複数いる交際相手のうち、誰かわからないのです。」と回答しました。この状況における対応として、あなたの考えに近いものを以下の選択肢から１つ選択してください。",
    "EN": "You explained that partner consent is required for an abortion. The patient responded, appearing confused, “I am not married, and I do not know who the father is among several partners.” Please choose the option that best reflects your response to this situation."
  },
  "edge_19": {
    "JA": "未成年の中絶には両親の同意が必要であることを説明する。",
    "EN": "Explain that parental consent is required for a minor to undergo an abortion."
  },
  "edge_20": {
    "JA": "両親への打ち明け方をアドバイスし、両親とよく話し合うように勧める。",
    "EN": "Provide guidance on how to talk to their parents and encourage open communication."
  },
  "edge_21": {
    "JA": "パ-トナ-の同意が得られないため、中絶は行わない。",
    "EN": "Inform the patient that the abortion will not be performed because partner consent cannot be obtained."
  },
  "node_6": {
    "JA": "あなたは妊婦に中絶を希望する理由を問うと、妊婦は「まだ子供は欲しくないから。」と答えました。続いてあなたは、中絶の処置の流れとリスク，デメリットについて説明しました。妊婦は、説明を聞き、理解を示した上で、中絶を希望しています。この状況における対応として、あなたの考えに近いものを以下の選択肢から１つ選択してください。",
    "EN": "When asked why they wished to terminate the pregnancy, the patient responded, “Because I am not ready to have a child.” You then explained the procedure, associated risks, and disadvantages of abortion. After listening and demonstrating understanding, the patient continued to express the desire to proceed with the abortion. Please choose the option that best reflects your response to this situation."
  },
  "edge_22": {
    "JA": "未成年の中絶には両親の同意が必要であることを説明する。",
    "EN": "Explain that parental consent is required for a minor to undergo an abortion."
  },
  "edge_23": {
    "JA": "未成年の中絶にはパ-トナ-の同意が必要であることを説明する。",
    "EN": "Explain that partner consent is required for a minor to undergo an abortion."
  },
  "edge_24": {
    "JA": "妊婦の希望通り、中絶を行う方針を伝える。",
    "EN": "Inform the patient that the abortion will proceed according to their wishes."
  },
  "node_7": {
    "JA": "妊婦は、困惑した様子でしたが、アドバイスに耳を傾け、「わかりました。」と言いました。妊婦は、それから来院しませんでした。",
    "EN": "The patient appeared confused but listened to your advice and responded, “I understand.” The patient did not return to the clinic afterward."
  },
  "edge_25": {
    "JA": "次へ。",
    "EN": "Next."
  },
  "node_8": {
    "JA": "あなたは、中絶を行う方針としました。このことを、妊婦の両親に連絡しますか。以下の選択肢から１つ、選択してください。",
    "EN": "You have decided to proceed with the abortion. Will you inform the patient’s parents? Please choose the option that best reflects your approach."
  },
  "edge_26": {
    "JA": "医師は、妊婦の守秘義務を守るべきであるため、両親に連絡しない。",
    "EN": "Do not inform the parents, as medical confidentiality must be maintained."
  },
  "edge_27": {
    "JA": "医師は、未成年の治療を行うときは、両親の通知する義務があるため、両親に連絡する。",
    "EN": "Contact the parents, as physicians are obligated to notify them when treating minors."
  },
  "node_11": {
    "JA": "あなたは、中絶を行わないこととしました。 -END-",
    "EN": "You decided not to perform the abortion. -END-"
  },
  "node_9": {
    "JA": "あなたは、妊婦の守秘義務を優先し、妊婦の両親には伝えませんでした。 -END-",
    "EN": "You prioritized medical confidentiality and did not inform the patient's parents. -END-"
  },
  "node_10": {
    "JA": "あなたは、妊婦の両親に、中絶のことを連絡し、伝えました。 -END-",
    "EN": "You informed the patient’s parents about the abortion. -END-"
  }
}