{
  "node_1": {
    "JA": "-START- あなたは、外科病棟で働く医師です。あなたが新しく担当することとなった患者についてです。患者は90歳女性です。その患者は10日前にくも膜下出血で倒れ、当院に入院しました。しかし、昨夜に再出血を起こし、脳死に準ずる状態となりました。再出血後も心拍は保たれているものの、自発呼吸はなく、回復の見込みはありません。そのため、家族は患者の延命治療の中止を求めています。",
    "EN": "-START- You are a physician working in a surgical ward.# This concerns a patient newly assigned to you. @The patient is a 90-year-old female.@ Ten days ago, they suffered a subarachnoid hemorrhage and were admitted to this hospital. However, the patient experienced a rebleed last night, resulting in a condition equivalent to brain death. Although the heartbeat is maintained, spontaneous breathing is absent, and recovery is not expected. The family requests cessation of life-prolonging treatment."
  },
  "edge_100": {
    "JA": "次へ。",
    "EN": "Next."
  },
  "node_2": {
    "JA": "この状況における適切な対応を以下の選択肢より１つ選択してください。",
    "EN": "Please select the most appropriate response from the options below for this situation."
  },
  "node_2_0": {
    "JA": "この状況における適切な対応を以下の選択肢より１つ選択してください。",
    "EN": "Please select the most appropriate response from the options below for this situation."
  },
  "node_2_4": {
    "JA": "この状況における適切な対応を以下の選択肢より１つ選択してください。",
    "EN": "Please select the most appropriate response from the options below for this situation."
  },
  "node_2_0_1": {
    "JA": "この状況における適切な対応を以下の選択肢より１つ選択してください。",
    "EN": "Please select the most appropriate response from the options below for this situation."
  },
  "node_2_5_9": {
    "JA": "この状況における適切な対応を以下の選択肢より１つ選択してください。",
    "EN": "Please select the most appropriate response from the options below for this situation."
  },
  "node_3": {
    "JA": "倫理委員会からは、患者本人の延命治療拒否の事前指示があるかどうか確認するようにと返答がありました。",
    "EN": "The ethics committee responded by requesting confirmation of whether the patient has an advance directive refusing life-prolonging treatment."
  },
  "node_3_0": {
    "JA": "倫理委員会からは、患者本人の延命治療拒否の事前指示があるかどうか確認するようにと返答がありました。",
    "EN": "The ethics committee responded by requesting confirmation of whether the patient has an advance directive refusing life-prolonging treatment."
  },
  "node_3_0_1": {
    "JA": "倫理委員会からは、患者本人の延命治療拒否の事前指示があるかどうか確認するようにと返答がありました。",
    "EN": "The ethics committee responded by requesting confirmation of whether the patient has an advance directive refusing life-prolonging treatment."
  },
  "node_4_0": {
    "JA": "あなたは、患者家族に、これまで患者本人に延命治療拒否の意向があったかどうかを確認しました。すると後日、家族より、患者のベッドサイドから、リビング・ウィルの書類が見つかったと報告がありました。つまり、患者本人も延命治療を拒否する事前指示を出していました。この状況における対応として、あなたの考えに近いものを以下の選択肢から１つ選択してください。",
    "EN": "You confirmed with the patient's family whether the patient had previously expressed a desire to refuse life-prolonging treatment. Subsequently, the family reported finding a living will document at the patient's bedside. Thus, the patient issued an advance directive refusing life-prolonging treatment. Please select the option below that best aligns with your intended response."
  },
  "node_4_1": {
    "JA": "あなたは、患者家族に、これまで患者本人に延命治療拒否の意向があったかどうかを確認しました。すると後日、家族より、患者のベッドサイドから、リビング・ウィルの書類が見つかったと報告がありました。つまり、患者本人も延命治療を拒否する事前指示を出していました。この状況における対応として、あなたの考えに近いものを以下の選択肢から１つ選択してください。",
    "EN": "You confirmed with the patient's family whether the patient had previously expressed a desire to refuse life-prolonging treatment. Subsequently, the family reported finding a living will document at the patient's bedside. Thus, the patient issued an advance directive refusing life-prolonging treatment. Please select the option below that best aligns with your intended response."
  },
  "node_4_4": {
    "JA": "あなたは、患者家族に、これまで患者本人に延命治療拒否の意向があったかどうかを確認しました。すると後日、家族より、患者のベッドサイドから、リビング・ウィルの書類が見つかったと報告がありました。つまり、患者本人も延命治療を拒否する事前指示を出していました。この状況における対応として、あなたの考えに近いものを以下の選択肢から１つ選択してください。",
    "EN": "You confirmed with the patient's family whether the patient had previously expressed a desire to refuse life-prolonging treatment. Subsequently, the family reported finding a living will document at the patient's bedside. Thus, the patient issued an advance directive refusing life-prolonging treatment. Please select the option below that best aligns with your intended response."
  },
  "node_4_5": {
    "JA": "あなたは、患者家族に、これまで患者本人に延命治療拒否の意向があったかどうかを確認しました。すると後日、家族より、患者のベッドサイドから、リビング・ウィルの書類が見つかったと報告がありました。つまり、患者本人も延命治療を拒否する事前指示を出していました。この状況における対応として、あなたの考えに近いものを以下の選択肢から１つ選択してください。",
    "EN": "You confirmed with the patient's family whether the patient had previously expressed a desire to refuse life-prolonging treatment. Subsequently, the family reported finding a living will document at the patient's bedside. Thus, the patient issued an advance directive refusing life-prolonging treatment. Please select the option below that best aligns with your intended response."
  },
  "node_4_0_1": {
    "JA": "あなたは、患者家族に、これまで患者本人に延命治療拒否の意向があったかどうかを確認しました。すると後日、家族より、患者のベッドサイドから、リビング・ウィルの書類が見つかったと報告がありました。つまり、患者本人も延命治療を拒否する事前指示を出していました。この状況における対応として、あなたの考えに近いものを以下の選択肢から１つ選択してください。",
    "EN": "You confirmed with the patient's family whether the patient had previously expressed a desire to refuse life-prolonging treatment. Subsequently, the family reported finding a living will document at the patient's bedside. Thus, the patient issued an advance directive refusing life-prolonging treatment. Please select the option below that best aligns with your intended response."
  },
  "node_4_5_9": {
    "JA": "あなたは、患者家族に、これまで患者本人に延命治療拒否の意向があったかどうかを確認しました。すると後日、家族より、患者のベッドサイドから、リビング・ウィルの書類が見つかったと報告がありました。つまり、患者本人も延命治療を拒否する事前指示を出していました。この状況における対応として、あなたの考えに近いものを以下の選択肢から１つ選択してください。",
    "EN": "You confirmed with the patient's family whether the patient had previously expressed a desire to refuse life-prolonging treatment. Subsequently, the family reported finding a living will document at the patient's bedside. Thus, the patient issued an advance directive refusing life-prolonging treatment. Please select the option below that best aligns with your intended response."
  },
  "node_5_0": {
    "JA": "あなたは患者の人工呼吸器を取り外すことにしました。",
    "EN": "You decided to remove the patient's ventilator."
  },
  "node_5_1": {
    "JA": "あなたは患者の人工呼吸器を取り外すことにしました。",
    "EN": "You decided to remove the patient's ventilator."
  },
  "node_6": {
    "JA": "あなたは、患者家族に、「医師として患者の命を奪うような行為はできない」と説明し、患者を現状のまま見守ってほしいと説得しました。しかし、患者家族は、苦しむ患者を見ていられないようです。",
    "EN": "You explained to the family that, as a physician, you cannot perform actions that would cause the patient's death and persuaded them to continue supportive care. However, the family appears unable to witness the patient's suffering."
  },
  "node_6_0": {
    "JA": "あなたは、患者家族に、「医師として患者の命を奪うような行為はできない」と説明し、患者を現状のまま見守ってほしいと説得しました。しかし、患者家族は、苦しむ患者を見ていられないようです。",
    "EN": "You explained to the family that, as a physician, you cannot perform actions that would cause the patient's death and persuaded them to continue supportive care. However, the family appears unable to witness the patient's suffering."
  },
  "node_6_5": {
    "JA": "あなたは、患者家族に、「医師として患者の命を奪うような行為はできない」と説明し、患者を現状のまま見守ってほしいと説得しました。しかし、患者家族は、苦しむ患者を見ていられないようです。",
    "EN": "You explained to the family that, as a physician, you cannot perform actions that would cause the patient's death and persuaded them to continue supportive care. However, the family appears unable to witness the patient's suffering."
  },
  "node_6_5_9": {
    "JA": "あなたは、患者家族に、「医師として患者の命を奪うような行為はできない」と説明し、患者を現状のまま見守ってほしいと説得しました。しかし、患者家族は、苦しむ患者を見ていられないようです。",
    "EN": "You explained to the family that, as a physician, you cannot perform actions that would cause the patient's death and persuaded them to continue supportive care. However, the family appears unable to witness the patient's suffering."
  },
  "node_7": {
    "JA": "倫理委員会からは、患者本人の事前指示と患者家族の希望があるため、人工呼吸器を取り外すようにと指示がありました。",
    "EN": "The ethics committee instructed the removal of the ventilator, considering the patient's advance directive and the family's request."
  },
  "node_7_0": {
    "JA": "倫理委員会からは、患者本人の事前指示と患者家族の希望があるため、人工呼吸器を取り外すようにと指示がありました。",
    "EN": "The ethics committee instructed the removal of the ventilator, considering the patient's advance directive and the family's request."
  },
  "node_8": {
    "JA": "あなたは、患者の延命治療を続けたまま、様子を見ることにしました。",
    "EN": "You decided to continue life-prolonging treatment and monitor the patient's condition."
  },
  "node_11": {
    "JA": "あなたが、患者家族の立ち合いのもとで人工呼吸器を取り外すと、患者は体をのけ反らし、苦悶様呼吸を始めました。患者の苦しむ様子を見て、患者家族はパニックになり、「早く楽にしてやってくれ。」「早く死なせてあげてくれ。」とあなたに頼みました。この状況における対応として、あなたの考えに近いものを以下の選択肢から１つ選択してください。",
    "EN": "Upon removing the ventilator in the presence of the patient's family, the patient arched their body and exhibited agonized breathing. Witnessing the patient's distress, the family panicked and pleaded, “Please ease their pain quickly,” and “Please let them die quickly.” Please select the option that best represents your intended response."
  },
  "node_12": {
    "JA": "あなたは、患者に鎮静剤と筋弛緩剤を投与しました。投与数分後に患者の心臓は停止し、患者の死亡が確認できました。 -END-",
    "EN": "You administered sedatives and muscle relaxants. A few minutes later, the patient's heart stopped, confirming death. -END-"
  },
  "node_13": {
    "JA": "患者は、しばらく苦しんだ末に亡くなりました。患者家族は、人工呼吸器の取り外しを要求したことを深く後悔しました。 -END-",
    "EN": "The patient died after prolonged suffering. The family deeply regretted requesting ventilator removal. -END-"
  },
  "node_14": {
    "JA": "あなたが決断する前に、患者は前触れなく亡くなりました。 -END-",
    "EN": "A few days later, the patient died suddenly. -END-"
  },
  "edge_4": {
    "JA": "倫理委員会に相談する。",
    "EN": "Consult the ethics committee."
  },
  "edge_5": {
    "JA": "患者家族に、これまでに患者本人から延命治療の拒否に関する意向やその指示があったかどうかを確認する。",
    "EN": "Confirm with the patient's family whether the patient previously expressed any intention or instructions to refuse life-prolonging treatment."
  },
  "edge_6": {
    "JA": "人工呼吸器を取り外し、延命治療を中断する。",
    "EN": "Remove the ventilator and discontinue life-prolonging treatment."
  },
  "edge_7": {
    "JA": "次へ。",
    "EN": "Next."
  },
  "edge_8": {
    "JA": "人工呼吸器を取り外し、延命治療を中断する。",
    "EN": "Remove the ventilator and discontinue life-prolonging treatment."
  },
  "edge_9_5": {
    "JA": "患者の命を奪うような行為はできない、と説明する。",
    "EN": "Explain that actions resulting in the patient's death cannot be performed."
  },
  "edge_10": {
    "JA": "倫理委員会に相談する。",
    "EN": "Consult the ethics committee."
  },
  "edge_11": {
    "JA": "保存的治療を継続し、様子を見る。",
    "EN": "Continue conservative treatment and monitor the situation."
  },
  "edge_8_4": {
    "JA": "人工呼吸器を取り外し、延命治療を中断する。",
    "EN": "Remove the ventilator and discontinue life-prolonging treatment."
  },
  "edge_9_4": {
    "JA": "患者の命を奪うような行為はできない、と説明する。",
    "EN": "Explain that actions resulting in the patient's death cannot be performed."
  },
  "edge_10_4": {
    "JA": "倫理委員会に相談する。",
    "EN": "Consult the ethics committee."
  },
  "edge_11_4": {
    "JA": "保存的治療を継続し、様子を見る。",
    "EN": "Continue conservative treatment and monitor the situation."
  },
  "edge_13": {
    "JA": "次へ。",
    "EN": "Next."
  },
  "edge_13_5": {
    "JA": "次へ。",
    "EN": "Next."
  },
  "edge_14_5": {
    "JA": "次へ。",
    "EN": "Next."
  },
  "edge_4_5_9": {
    "JA": "倫理委員会に相談する。",
    "EN": "Consult the ethics committee."
  },
  "edge_5_5_9": {
    "JA": "患者家族に、これまでに患者本人から延命治療の拒否に関する意向やその指示があったかどうかを確認する。",
    "EN": "Confirm with the patient's family whether the patient previously expressed any intention or instructions to refuse life-prolonging treatment."
  },
  "edge_6_5_9": {
    "JA": "人工呼吸器を取り外し、延命治療を中断する。",
    "EN": "Remove the ventilator and discontinue life-prolonging treatment."
  },
  "edge_4_0": {
    "JA": "倫理委員会に相談する。",
    "EN": "Consult the ethics committee."
  },
  "edge_5_0": {
    "JA": "患者家族に、これまでに患者本人から延命治療の拒否に関する意向やその指示があったかどうかを確認する。",
    "EN": "Confirm with the patient's family whether the patient previously expressed any intention or instructions to refuse life-prolonging treatment."
  },
  "edge_6_0": {
    "JA": "人工呼吸器を取り外し、延命治療を中断する。",
    "EN": "Remove the ventilator and discontinue life-prolonging treatment."
  },
  "edge_4_4": {
    "JA": "倫理委員会に相談する。",
    "EN": "Consult the ethics committee."
  },
  "edge_5_4": {
    "JA": "患者家族に、これまでに患者本人から延命治療の拒否に関する意向やその指示があったかどうかを確認する。",
    "EN": "Confirm with the patient's family whether the patient previously expressed any intention or instructions to refuse life-prolonging treatment."
  },
  "edge_6_4": {
    "JA": "人工呼吸器を取り外し、延命治療を中断する。",
    "EN": "Remove the ventilator and discontinue life-prolonging treatment."
  },
  "edge_7_0": {
    "JA": "次へ。",
    "EN": "Next."
  },
  "edge_8_5_9": {
    "JA": "人工呼吸器を取り外し、延命治療を中断する。",
    "EN": "Remove the ventilator and discontinue life-prolonging treatment."
  },
  "edge_9_5_9": {
    "JA": "患者の命を奪うような行為はできない、と説明する。",
    "EN": "Explain that actions resulting in the patient's death cannot be performed."
  },
  "edge_10_5_9": {
    "JA": "倫理委員会に相談する。",
    "EN": "Consult the ethics committee."
  },
  "edge_11_5_9": {
    "JA": "保存的治療を継続し、様子を見る。",
    "EN": "Continue conservative treatment and monitor the situation."
  },
  "edge_8_0": {
    "JA": "人工呼吸器を取り外し、延命治療を中断する。",
    "EN": "Remove the ventilator and discontinue life-prolonging treatment."
  },
  "edge_9_0": {
    "JA": "患者の命を奪うような行為はできない、と説明する。",
    "EN": "Explain that actions resulting in the patient's death cannot be performed."
  },
  "edge_10_0": {
    "JA": "倫理委員会に相談する。",
    "EN": "Consult the ethics committee."
  },
  "edge_11_0": {
    "JA": "保存的治療を継続し、様子を見る。",
    "EN": "Continue conservative treatment and monitor the situation."
  },
  "edge_8_1": {
    "JA": "人工呼吸器を取り外し、延命治療を中断する。",
    "EN": "Remove the ventilator and discontinue life-prolonging treatment."
  },
  "edge_9_5_1": {
    "JA": "患者の命を奪うような行為はできない、と説明する。",
    "EN": "Explain that actions resulting in the patient's death cannot be performed."
  },
  "edge_10_1": {
    "JA": "倫理委員会に相談する。",
    "EN": "Consult the ethics committee."
  },
  "edge_11_1": {
    "JA": "保存的治療を継続し、様子を見る。",
    "EN": "Continue conservative treatment and monitor the situation."
  },
  "edge_13_5_9": {
    "JA": "次へ。",
    "EN": "Next."
  },
  "edge_4_0_1": {
    "JA": "倫理委員会に相談する。",
    "EN": "Consult the ethics committee."
  },
  "edge_6_0_1": {
    "JA": "人工呼吸器を取り外し、延命治療を中断する。",
    "EN": "Remove the ventilator and discontinue life-prolonging treatment."
  },
  "edge_7_0_1": {
    "JA": "次へ。",
    "EN": "Next."
  },
  "edge_8_0_1": {
    "JA": "人工呼吸器を取り外し、延命治療を中断する。",
    "EN": "Remove the ventilator and discontinue life-prolonging treatment."
  },
  "edge_10_0_1": {
    "JA": "倫理委員会に相談する。",
    "EN": "Consult the ethics committee."
  },
  "edge_11_0_1": {
    "JA": "保存的治療を継続し、様子を見る。",
    "EN": "Continue conservative treatment and monitor the situation."
  },
  "edge_12": {
    "JA": "次へ。",
    "EN": "Next."
  },
  "edge_12_1": {
    "JA": "次へ。",
    "EN": "Next."
  },
  "edge_13_0": {
    "JA": "次へ。",
    "EN": "Next."
  },
  "edge_14": {
    "JA": "次へ。",
    "EN": "Next."
  },
  "edge_15": {
    "JA": "次へ。",
    "EN": "Next."
  },
  "edge_20": {
    "JA": "患者の苦痛を取り除くために、呼吸停止と心臓の停止を目的とした鎮静剤と筋弛緩剤を投与する。",
    "EN": "Administer sedatives and muscle relaxants to relieve the patient's suffering, with the intent to cease breathing and cardiac activity."
  },
  "edge_21": {
    "JA": "無理やりに患者の命を奪うような行為はできない、と説明する。",
    "EN": "Explain that forcibly causing the patient’s death is not permissible."
  }
}