{
  "node_1": {
    "JA": "-START- あなたは、総合病院で働く循環器内科の若手医師です。心不全の検査治療で入院している、あなたの担当患者についてです。患者は60歳男性です。その患者は、うっ血性心不全の既往があり、心電図は正常であるものの心機能の低下が見られました。その症状について、循環器内科の指導医の方針から、ジゴキシンと利尿薬を投与されていますが、β遮断薬は投与されていません。カルテの内容を考えると、β遮断薬とACE阻害薬を併用した方が予後が良いと考えられます。循環器内科の指導医は、ベテランで、あなたより医師としての経験年数は長いです。この状況における対応について、あなたの考えに近いものを以下の選択肢より１つ選択してください。",
    "EN": "-START- You are a junior cardiologist at a general hospital.# A patient under your care is hospitalized for the evaluation and treatment of heart failure. @The patient is a 60-year-old male.@ Although the patient has a history of congestive heart failure and a normal ECG, cardiac function is impaired. The supervising cardiologist has prescribed digoxin and diuretics, but not beta-blockers. Based on the medical record, co-administration of beta-blockers and ACE inhibitors would likely improve prognosis. The supervising physician has significantly more experience than you. Please choose the response that best reflects your view on how to proceed."
  },
  "edge_5": {
    "JA": "患者本人に、循環器の指導医の問題点を指摘する。",
    "EN": "Point out the supervising physician’s treatment concerns directly to the patient."
  },
  "edge_6": {
    "JA": "循環器内科の指導医に、なぜβ遮断薬を投与しないのか指摘する。",
    "EN": "Raise the issue of omitting beta-blockers with the supervising cardiologist."
  },
  "edge_7": {
    "JA": "循環器内科の指導医の方が専門性も経験年数も高いので、様子を見る。",
    "EN": "Given the supervising physician’s expertise and experience, continue to monitor the situation."
  },
  "edge_8": {
    "JA": "地域の医師会に、その循環器内科の指導医の診療について報告する。",
    "EN": "Report the supervising cardiologist's treatment approach to the regional medical association."
  },
  "edge_9": {
    "JA": "循環器内科の指導医が不在の時に、ジゴキシンと利尿薬をキャンセルし、β遮断薬を投与するように処方指示を訂正する。",
    "EN": "Modify the prescription during the supervising physician’s absence to discontinue digoxin and diuretics and initiate beta-blockers."
  },
  "edge_10": {
    "JA": "循環器内科部長に相談する。",
    "EN": "Consult the head of the cardiology department."
  },
  "node_3": {
    "JA": "あなたは、患者に、循環器内科の指導医の診療の問題点を指摘し、説明しました。すると、患者は、「ベテランで良い先生だと思ったのに。」と困惑してしまいました。この状況における対応として、あなたの考えに近いものを以下の選択肢から１つ選択してください。",
    "EN": "You informed the patient of the concerns regarding the supervising cardiologist's treatment. The patient expressed confusion, saying, “I thought they were a skilled and experienced physician.” Please choose how you would respond in this situation."
  },
  "edge_11": {
    "JA": "循環器内科の指導医に、なぜβ遮断薬を投与しないのか指摘する。",
    "EN": "Raise the issue of omitting beta-blockers with the supervising cardiologist."
  },
  "edge_12": {
    "JA": "循環器内科の指導医の方が専門性も経験年数も高いので、様子を見る。",
    "EN": "Continue to monitor the situation given the physician’s greater experience and expertise."
  },
  "edge_13": {
    "JA": "地域の医師会に、その循環器内科の指導医の診療について報告する。",
    "EN": "Report the supervising cardiologist’s care to the local medical association."
  },
  "edge_14": {
    "JA": "循環器内科の指導医が不在の時に、ジゴキシンと利尿薬をキャンセルし、β遮断薬を投与するように処方指示を訂正する。",
    "EN": "Alter the treatment plan during the supervising physician’s absence by stopping digoxin and diuretics and prescribing beta-blockers."
  },
  "edge_15": {
    "JA": "循環器内科部長に相談する。",
    "EN": "Consult the department head of cardiology."
  },
  "node_4": {
    "JA": "あなたは、循環器内科の指導医になぜβ遮断薬を投与していないのかを尋ねました。すると、その指導医は、あなたを見下したように、「私は30年間循環器専門医として診療をしてきた。自分の投薬内容に問題はない。β遮断薬はうっ血性心不全の患者には危険だ。」と叱られてしまいました。この状況における対応として、あなたの考えに近いものを以下の選択肢から１つ選択してください。",
    "EN": "You asked the supervising cardiologist about the decision not to prescribe beta-blockers. They responded condescendingly: “I have been a cardiologist for 30 years. There is nothing wrong with my prescriptions. Beta-blockers are dangerous for patients with congestive heart failure.” Please choose the response that best reflects your perspective."
  },
  "edge_16": {
    "JA": "患者本人に、循環器の指導医の問題点を指摘する。",
    "EN": "Point out the treatment concerns directly to the patient."
  },
  "edge_17": {
    "JA": "循環器内科の指導医の方が専門性も経験年数も高いので、様子を見る。",
    "EN": "Observe the situation given the supervising physician’s expertise."
  },
  "edge_18": {
    "JA": "地域の医師会に、その循環器内科の指導医の診療について報告する。",
    "EN": "Report the supervising physician’s treatment approach to the local medical association."
  },
  "edge_19": {
    "JA": "循環器内科の指導医が不在の時に、ジゴキシンと利尿薬をキャンセルし、β遮断薬を投与するように処方指示を訂正する。",
    "EN": "Modify the prescription during the physician’s absence by stopping digoxin and diuretics and prescribing beta-blockers."
  },
  "edge_20": {
    "JA": "循環器内科部長に相談する。",
    "EN": "Consult the head of the cardiology department."
  },
  "node_5": {
    "JA": "あなたは、様子を見ることにしました。",
    "EN": "You decided to monitor the situation."
  },
  "edge_21": {
    "JA": "次へ。",
    "EN": "Next."
  },
  "node_6": {
    "JA": "あなたは、地域の医師会に循環器内科の指導医の診療について報告しました。医師会からは、「こちらで確認します。」と返事があったきり、以降の連絡はありませんでした。",
    "EN": "You reported the supervising cardiologist’s care to the local medical association. They replied, “We will review the case,” but no further contact was received."
  },
  "edge_22": {
    "JA": "次へ。",
    "EN": "Next."
  },
  "node_7": {
    "JA": "あなたは、循環器内科の指導医が不在の際に、処方指示の変更を行いました。このことが、のちに問題となってしまいました。",
    "EN": "You changed the prescription in the supervising physician’s absence, which later led to a problem."
  },
  "edge_23": {
    "JA": "次へ。",
    "EN": "Next."
  },
  "node_8": {
    "JA": "あなたは、循環器内科部長に、循環器内科の指導医の診療について相談しました。循環器内科部長は、こちらでも確認する旨をあなたに伝えました。後日、患者の循環器内科の指導医が変わっていることにあなたは気づきました。",
    "EN": "You consulted the department head regarding the supervising physician’s treatment. The department head confirmed they would investigate. Later, you noticed that the supervising physician had been replaced."
  },
  "edge_24": {
    "JA": "次へ。",
    "EN": "Next."
  },
  "node_9": {
    "JA": "心不全の検査治療は終わり、患者は退院していきました。 -END-",
    "EN": "The evaluation and treatment for heart failure were completed, and the patient was discharged. -END-"
  }
}