{
  "node_1": {
    "JA": "-START- あなたは、総合病院で働く小児科医です。あなたの元に、１人の患者が、異変に気づいた家族に付き添われ、救急搬送されてきました。患者は７歳男性です。診察と検査の結果、その患者はダウン症であり、先天性心疾患（房室中隔欠損）の進行によって、心不全の進行が疑われる状態でした。さらに、この患者には、これまでに外科的修復術は行われていないことがわかりました。この先天性心疾患（房室中隔欠損）は早期の外科的介入が推奨される疾患であり、このままでは心肺の機能が著しく低下し、生命に関わることが予想されます。あなたは、外科的手術が必要であること、手術をしなかった場合の予後の悪化について丁寧に説明しましたが、両親は「手術は望まない。今後も対症療法のみにとどめてほしい」と主張しました。この状況の対応としてあなたの考えに近いものを以下の選択肢から１つ選択してください。",
    "EN": "-START- You are a pediatrician working at a general hospital.# A patient was brought to the emergency department by family members who had noticed concerning symptoms. @The patient is a 7-year-old male.@ Based on clinical evaluation and test results, the patient was diagnosed with Down syndrome and suspected progressive heart failure due to an untreated atrioventricular septal defect (AVSD). This condition typically requires early surgical intervention. If left untreated, significant deterioration in cardiopulmonary function is expected, posing a life-threatening risk. You carefully explained the need for surgery and the poor prognosis without it. However, the parents insisted, “We do not want surgery. Please continue with only symptomatic treatment.” Please choose the option that best aligns with your view on how to proceed."
  },
  "edge_5": {
    "JA": "両親に、手術を拒否する理由を尋ねる。",
    "EN": "Ask the parents for their reasons for refusing surgery."
  },
  "edge_6": {
    "JA": "両親に、手術が必要であると説得する。",
    "EN": "Persuade the parents that surgery is necessary."
  },
  "edge_7": {
    "JA": "まずは手術を行う方針とする。",
    "EN": "Proceed with a plan to perform the surgery."
  },
  "edge_8": {
    "JA": "手術を行わず対症療法のみを行う。",
    "EN": "Provide only symptomatic treatment without surgery."
  },
  "node_3": {
    "JA": "両親に手術を拒否する理由を尋ねたところ、患者がダウン症であり、将来どのように成長し、どれほど生きられるのか見通しが持てないこと、また、経済的にも余裕がなく、重度の障害を持つ子どもを育てていくことへの不安があると語りました。",
    "EN": "Upon asking the parents why they refused surgery, they explained that because the patient has Down syndrome, they cannot envision the child’s future development or lifespan. They also cited financial hardship and anxiety about raising a child with severe disabilities."
  },
  "edge_9": {
    "JA": "両親に、手術が必要であると説得する。",
    "EN": "Persuade the parents that surgery is necessary."
  },
  "edge_10": {
    "JA": "裁判所に両親の親権停止の申し立てを行う。",
    "EN": "Petition the court to suspend the parents’ custody."
  },
  "edge_11": {
    "JA": "まずは手術を行う方針とする。",
    "EN": "Proceed with a plan to perform the surgery."
  },
  "edge_12": {
    "JA": "手術を行わず対症療法のみを行う。",
    "EN": "Provide only symptomatic treatment without surgery."
  },
  "node_4": {
    "JA": "あなたは両親に対して、患者の命を救うことは最優先であり、患者の将来の生活や育児の困難さは、その後に支援の選択肢を含めて考えていくべき問題であり、救命を行わない理由にはならないことを説明し、手術への同意を求めました。しかし、両親の意思は変わらず、同意は得られませんでした。この状況の対応としてあなたの考えに近いものを以下の選択肢から１つ選択してください。",
    "EN": "You explained to the parents that saving the patient's life must take precedence, and that concerns about the child’s future or caregiving challenges should be addressed later, with appropriate support. You urged them to consent to surgery, but they remained opposed. Please choose the option that best reflects your response in this situation."
  },
  "edge_13": {
    "JA": "説得を続ける。",
    "EN": "Continue efforts to persuade the parents."
  },
  "edge_14": {
    "JA": "裁判所に両親の親権停止の申し立てを行う。",
    "EN": "File a petition with the court to suspend parental custody."
  },
  "edge_15": {
    "JA": "まずは手術を行う方針とする。",
    "EN": "Proceed with a plan to perform the surgery."
  },
  "edge_16": {
    "JA": "手術を行わず対症療法のみを行う。",
    "EN": "Provide only symptomatic treatment without surgery."
  },
  "node_8": {
    "JA": "その後、患者は未治療の房室中隔欠損症により肺高血圧と心不全が急速に進行し、呼吸困難と酸素飽和の低下を繰り返すようになりました。強心薬や酸素投与などの保存的治療が試みられましたが、病状は改善せず、搬送から数日後、心停止を起こしました。あなたは、蘇生を試みた医療チ-ムの一員として対応にあたり、最終的に死亡確認を行いました。 -END-",
    "EN": "The patient’s condition deteriorated due to untreated AVSD, leading to pulmonary hypertension and worsening heart failure. The patient experienced recurrent respiratory distress and oxygen desaturation. Despite attempts at conservative management, including inotropes and oxygen therapy, the condition did not improve. Several days after admission, the patient experienced cardiac arrest. You were part of the resuscitation team and ultimately confirmed the patient’s death. -END-"
  },
  "node_5": {
    "JA": "裁判所から、手術を行った場合の救命可能性に言及した上で、両親の決定に従うようにと命令がありました。この状況における適切な対応を、以下の選択肢から１つ選択してください",
    "EN": "The court issued an order to respect the parents’ decision, despite acknowledging that surgery might be life-saving. Please choose the most appropriate response in this situation."
  },
  "edge_17": {
    "JA": "手術を行うために、控訴を行う。",
    "EN": "File an appeal to proceed with the surgery."
  },
  "edge_18": {
    "JA": "まずは手術を行う方針とする。",
    "EN": "Proceed with a plan to perform the surgery."
  },
  "edge_19": {
    "JA": "手術を行わず対症療法のみを行う。",
    "EN": "Provide only symptomatic treatment without surgery."
  },
  "node_6": {
    "JA": "あなたは、裁判所の判断を不服として、控訴を行う手続きを始めました。しかし、裁判所からの返答は遅く、しばらく返事がありませんでした。",
    "EN": "You initiated the appeals process in disagreement with the court’s decision. However, the court’s response was delayed, and no decision was issued promptly."
  },
  "edge_20": {
    "JA": "次へ。",
    "EN": "Next."
  },
  "node_7": {
    "JA": "あなたは患者の手術を行う方針としました。結果として、手術は成功し、患者を救命することができました。 -END-",
    "EN": "You decided to proceed with the surgery. The operation was successful, and the patient’s life was saved. -END-"
  }
}