{
  "node_1": {
    "JA": "-START- あなたは、新薬の臨床試験第Ⅲ相に参加する内科の医師です。あなたの担当している患者についてです。患者は54歳男性です。その患者は、２日前に、近年世界的に流行している新型感染症の中等症と診断されました。  この感染症は、未だ有効な治療法が確立されておらず、あなたの参加している臨床試験で扱われる新しい薬剤が世界初の有効薬として期待されています。この薬剤は、異なる疾患に用いられており、その疾患における有効性と副作用については立証されています。そこで、この患者が、臨床試験の参加要件を満たしていると判断したあなたは、患者に臨床試験の参加について説明をすることにしました。この研究は、参加した被験者全員に、新しい薬剤と、有効成分の含まないプラセボ薬のどちらか一方をランダムに割り当て、一定期間投与し、を調べます。この時、割り当てられた薬がどちらであるかは、投与する医師にも、投与される患者にもわかりません。個々の患者の臨床試験参加については、患者の中止希望があった時、薬による有害事象が認められた時、患者が死亡した時のいずれかにおいて終了が可能となります。あなたは、臨床試験についてプロトコルに沿って適切に説明し、患者も内容を理解した上で同意をし、臨床試験が実施されることとなりました。",
    "EN": "-START- You are an internal medicine physician participating in a Phase III clinical trial for a new drug. This concerns one of your patients, diagnosed two days ago with a moderate case of a novel infectious disease that has recently spread globally. @The patient is a 54-year-old male.@ There is currently no established effective treatment for this disease. The new drug under investigation in the clinical trial is anticipated to be the first effective therapy. Although this drug has been used for a different disease, with its efficacy and side effects already verified in that context, it remains unproven for this indication. Determining that the patient meets the inclusion criteria for the trial, you decided to explain the study. The trial randomly assigns participants to receive either the new drug or a placebo with no active ingredient. Neither the administering physician nor the participant knows which treatment is being administered (double-blind). Participation may be discontinued if the patient requests withdrawal, if adverse drug reactions occur, or if the patient dies. You explained the study appropriately in accordance with the protocol. The patient understood the content and provided informed consent to participate."
  },
  "edge_100": {
    "JA": "次へ。",
    "EN": "Next."
  },
  "node_2": {
    "JA": "臨床試験を開始してから１週間後、新しい薬剤の治療効果は著しく、あなたは、他の患者の状態から、その患者が新しい薬剤とプラセボ薬のどちらを投与されているか予想がつくようになってしまいました。あなたの担当の患者は、恐らくプラセボ薬を投与されていると考えられ、状態は日増しに悪化しています。あなたは、その患者に、「自分が投与されている薬はどちらだと考えるか？」と質問されました。この状況における対応として、あなたの考えに近いものを以下の選択肢から１つ選択してください。",
    "EN": "One week into the clinical trial, the new drug has shown marked efficacy. Based on the progress of other patients, you suspect that your patient is receiving the placebo, as their condition is deteriorating daily. The patient asks, “Which drug do you think I am receiving?” Please select the response that best reflects your perspective."
  },
  "edge_5": {
    "JA": "恐らくプラセボ薬であると、考えていることを伝える。",
    "EN": "Inform the patient that you believe they are likely receiving the placebo."
  },
  "edge_6": {
    "JA": "最初に説明した通り、知らされていないため、答えられないと返答する。",
    "EN": "Respond by stating, as explained initially, that you are not informed of the allocation and therefore cannot answer."
  },
  "edge_7": {
    "JA": "どうしてそんなことを聞くのですかと質問する。",
    "EN": "Ask the patient, “Why are you asking this?”"
  },
  "node_3": {
    "JA": "あなたの回答を聞き、患者は、「やはりそうですか。」と回答しました。そして更に、患者は、「このままだと死んでしまうと思うので、参加を中止したい。」と申し出ました。この状況における対応として、あなたの考えに近いものを以下の選択肢から１つ選択してください。",
    "EN": "After hearing your response, the patient replied, “I thought so,” and added, “I fear I may die if this continues, so I want to withdraw from the trial.” Please select the response that best reflects your view."
  },
  "edge_8": {
    "JA": "臨床試験参加を中止しても、結果は変わらないだろうことを説明し、臨床試験の継続を説得する。",
    "EN": "Explain that discontinuing participation is unlikely to change the outcome and attempt to persuade the patient to continue in the trial."
  },
  "edge_9": {
    "JA": "患者の希望に従い、臨床試験参加を中止する。",
    "EN": "Honor the patient’s request and discontinue their participation in the clinical trial."
  },
  "node_4": {
    "JA": "患者は、あなたの質問に対し、「薬が効いている気がしなくて不安です。」と述べました。この状況における対応として、あなたの考えに近いものを以下の選択肢から１つ選択してください。",
    "EN": "In response to your question, the patient said, “I feel the medication is not working, and I am anxious.” Please choose the response that best reflects your position."
  },
  "edge_10": {
    "JA": "恐らくプラセボ薬であると、考えていることを伝える。",
    "EN": "Inform the patient that you believe they are likely receiving the placebo."
  },
  "edge_11": {
    "JA": "医師には薬の内容は知らされていないため、答えられないと返答する。",
    "EN": "Respond that you are unaware of the treatment allocation and therefore cannot answer."
  },
  "node_5": {
    "JA": "患者は、臨床試験参加を継続することとしました。",
    "EN": "The patient decided to continue participating in the clinical trial."
  },
  "edge_12": {
    "JA": "次へ。",
    "EN": "Next."
  },
  "node_6": {
    "JA": "患者の臨床試験参加は中止されることとなりました。",
    "EN": "The patient's participation in the clinical trial was discontinued."
  },
  "edge_13": {
    "JA": "次へ。",
    "EN": "Next."
  },
  "node_7": {
    "JA": "やがて、感染症の症状が悪化し、無治療と同様の経過を辿り、患者は亡くなりました。この患者の死について、あなたの考えに近いものを以下の選択肢から１つ選択してください。",
    "EN": "The patient’s condition worsened and followed a trajectory similar to untreated cases. The patient died. Please select the option that most closely reflects your perspective on the patient’s death."
  },
  "edge_14": {
    "JA": "新薬を投与されていたとしても、救命できたかどうかはわからない上、今後の医学の発展のために、必要な死であった。",
    "EN": "Even if the new drug had been administered, it is uncertain whether the patient could have been saved. This death was, however, a necessary sacrifice for future medical advancement."
  },
  "edge_15": {
    "JA": "この臨床試験は、予め倫理審査で承認された手順に沿って適切に行われたとはいえ、新薬が割り当てられていれば救命できたかもしれないのは不公平である。",
    "EN": "Although the clinical trial followed ethically approved procedures, it seems unjust that the patient may have died simply because they were not assigned the new drug."
  },
  "edge_16": {
    "JA": "臨床試験のインフォ-ムド・コンセントは適切に行われ、患者は自分の意思で同意したため、この結末は患者の自己責任である。",
    "EN": "Informed consent was obtained appropriately, and the patient voluntarily agreed to participate. Therefore, this outcome reflects personal responsibility."
  },
  "edge_17": {
    "JA": "臨床試験に参加することで治る希望があったのにも関わらず、この結果は患者にとって残酷だ。",
    "EN": "Despite the hope that participation might lead to a cure, the outcome is tragic for the patient."
  },
  "edge_18": {
    "JA": "上記のいずれでもない。",
    "EN": "None of the above."
  },
  "node_8": {
    "JA": "臨床試験は無事終了しました。 -END-",
    "EN": "The clinical trial concluded successfully. -END-"
  }
}