{
  "node_1": {
    "JA": "-START- あなたは、救命救急センタ-のセンタ-長です。他医療機関の救命救急センタ-から、患者を診てほしいと、要請がありました。患者は、35歳男性です。その患者は、爆破テロの犯人であり、爆風を受けて全身に重度の火傷を負ったそうです。その爆破テロでは、50名以上の死傷者が出ており、その医療機関では、これ以上の患者の受け入れが困難であるため、あなたのところに、患者の受け入れを要請したとのことでした。患者は、既に逮捕状が出ており、退院が可能になり次第、逮捕される予定であるそうです。大規模災害における患者の受け入れについて、あなたの考えに近いものを以下の選択肢から１つ選択してください。",
    "EN": "-START- You are the director of an emergency medical center.# Another facility has requested that you examine a patient. @The patient is a 35-year-old male.@ The patient has sustained severe burns over their entire body due to a bombing. This individual is reportedly the perpetrator of the bombing, which caused over 50 casualties. The referring institution is unable to accept additional patients and has requested that you provide care. An arrest warrant has already been issued for the patient, and they are expected to be taken into custody upon discharge. Please select the option that most closely aligns with your view regarding the acceptance of patients in large-scale disasters."
  },
  "edge_5": {
    "JA": "患者の受け入れを承認する。",
    "EN": "Approve the acceptance of the patient."
  },
  "edge_6": {
    "JA": "患者の受け入れはできないと返答する。",
    "EN": "Respond that accepting the patient is not possible."
  },
  "node_3": {
    "JA": "あなたは、患者を受け入れることにしました。患者の状態は極めて悪く、全身の９割程度にⅢ度熱傷を負っており、生命の維持には、皮膚の移植が必要です。このような症例においては、他人の表皮を移植する他家表皮移植が標準的な治療ですが、現状、他にも他家表皮移植を必要とする、患者の被害者が大量にいる状況です。そこで、患者に対しては、患者の残りの１割の健康な表皮を切除し、培養して移植する自家培養表皮移植を行うことも可能ですが、他家表皮移植よりも、致死リスクが高いと考えられます。この状況における治療方針として、あなたの考えに近いものを以下の選択肢から１つ選択してください。",
    "EN": "You decided to accept the patient. The patient’s condition is critical, with third-degree burns covering approximately 90% of the body. Skin grafting is necessary to sustain life. The standard treatment is allogeneic epidermal grafting using donor skin; however, there is currently a shortage due to the large number of victims requiring the same procedure. Alternatively, autologous cultured epidermal grafting can be performed, using the patient’s remaining 10% of healthy epidermis. This approach, however, carries a higher risk of mortality than the allogeneic option. Please choose the treatment strategy that most closely reflects your perspective."
  },
  "edge_7": {
    "JA": "他家表皮移植を行う。",
    "EN": "Perform an allogeneic skin graft."
  },
  "edge_8": {
    "JA": "スキンバンクの表皮は、被害者に供給されるべきであるため、犯人である患者には自家培養表皮移植を行う。",
    "EN": "Allocate skin bank resources to victims and perform autologous cultured epidermal grafting on the perpetrator."
  },
  "edge_9": {
    "JA": "積極的な救命治療は行わず対症療法のみを行う。",
    "EN": "Provide only palliative care without pursuing aggressive life-saving treatment."
  },
  "node_4": {
    "JA": "あなたは、患者の受け入れはできないと回答しました。患者の受け入れができない理由について、あなたの考えに近いものを以下の選択肢から１つ選択してください。",
    "EN": "You decided not to accept the patient. Please select the reason that most closely aligns with your rationale for this decision."
  },
  "edge_10": {
    "JA": "重大犯罪の犯人を治療することで病院の風評を損なうことを避けるため。",
    "EN": "To avoid harming the hospital’s reputation by treating a perpetrator of a serious crime."
  },
  "edge_11": {
    "JA": "重大犯罪の犯人を治療することで院内のスタッフの対立などのトラブルを避けるため。",
    "EN": "To prevent internal conflict among hospital staff related to treating a perpetrator of a serious crime."
  },
  "edge_12": {
    "JA": "誰が治療をしても患者の救命は困難であると考えられるため。",
    "EN": "Because the patient’s survival is unlikely, regardless of who provides treatment."
  },
  "edge_13": {
    "JA": "逮捕状が出ている患者を治療することで日々、警察やマスコミの対応が必要となり、日常業務に支障が出てしまうことを避けるため。",
    "EN": "To prevent disruption of daily operations caused by dealing with police and media due to the patient’s arrest warrant."
  },
  "node_5": {
    "JA": "あなたは、患者に表皮移植を行うこととしました。移植は複数回に分けて行い、２回目の移植手術を終えた後、患者は意識を取り戻し、意思疎通が図れるようになりました。患者は、状況を理解し、「自分はたくさんの人を殺してしまった。おそらく死刑になるだろう。無意味だから、もう治療をやめてほしい。」と言いました。この状況における対応として、あなたの考えに近いものを以下の選択肢から１つ選択してください。",
    "EN": "You decided to perform a skin graft. The procedure was conducted in multiple stages. After the second surgery, the patient regained consciousness and was able to communicate. Aware of their situation, the patient said, “I have killed many people. I will likely be sentenced to death. This is meaningless—please stop the treatment.” Please select the response that best reflects your perspective in this situation."
  },
  "edge_14": {
    "JA": "死刑が予想される患者の治療は長い目で見ると意味がないため治療を中止する。",
    "EN": "Discontinue treatment, as continuing care for a patient likely to receive the death penalty is ultimately meaningless."
  },
  "edge_15": {
    "JA": "患者の希望通り、治療を中止する。",
    "EN": "Discontinue treatment in accordance with the patient’s wishes."
  },
  "edge_16": {
    "JA": "医師には、患者を救命する義務があるため治療を継続する。",
    "EN": "Continue treatment, as physicians have an obligation to preserve life."
  },
  "edge_17": {
    "JA": "患者は、罪を償う義務があるため治療を継続する。",
    "EN": "Continue treatment, as the patient has a moral obligation to atone for their actions."
  },
  "node_6": {
    "JA": "あなたは、患者に積極的な救命治療は行わず、対症療法のみを行うこととしました。患者はそのまま、意識を回復させることなく亡くなりました。 -END-",
    "EN": "You chose not to provide aggressive life-saving treatment and instead offered only palliative care. The patient died without regaining consciousness. -END-"
  },
  "node_9": {
    "JA": "あなたはこの件について、内省しました。 -END-",
    "EN": "You reflected on the matter. -END-"
  },
  "node_7": {
    "JA": "あなたは、患者に積極的な救命治療は行わず、対症療法のみの治療に切り替えました。患者はしばらくして、退院することなく亡くなりました。 -END-",
    "EN": "You discontinued aggressive treatment and provided only palliative care. The patient died without being discharged. -END-"
  },
  "node_8": {
    "JA": "あなたは、患者の治療を継続することにしました。患者は奇跡的に回復し、退院が可能となりましたが、退院と同時に逮捕されていきました。 -END-",
    "EN": "You continued the patient’s treatment. They made a remarkable recovery and were discharged but arrested immediately afterward. -END-"
  }
}