{
  "node_1": {
    "JA": "-START- あなたは、耳鼻科の診療所を経営する開業医です。夜中、あなたが一人で閉院後の診療所の片付けをしていると、患者が患者家族に抱きかかえられ来院しました。患者は78歳女性です。その患者は、患者家族と道を歩いていたところ、突然転倒し、そのまま起き上がれなくなったそうです。患者の状態はJCSⅢ-100、脈拍数：130回/分、 呼吸数：16回/分であり、早急な対応が必要であると考えられます。",
    "EN": "-START- You are a general practitioner operating an otolaryngology clinic.# Late at night, while cleaning the clinic alone after hours, a patient was brought in by family members. @The patient is a 78-year-old female.@ One of the family explained the patient collapsed suddenly while walking and was unable to get up. The condition is assessed as JCS III–100, with a pulse of 130 beats per minute and a respiratory rate of 16 breaths per minute, indicating an urgent need for medical intervention."
  },
  "edge_100": {
    "JA": "次へ。",
    "EN": "Next."
  },
  "node_2": {
    "JA": "この状況における対応としてあなたの考えに近いものを以下の選択肢より１つ選択してください。",
    "EN": "Please choose the option that best reflects your response in this situation."
  },
  "edge_5": {
    "JA": "患者の家族に医療費の支払い能力があるか確認する。",
    "EN": "Confirm whether the patient’s family can pay for medical services."
  },
  "edge_6": {
    "JA": "患者の家族に、「処置の結果に関わらず、医療訴訟を行わないこと。」を条件に医療処置を行うことを説明する。",
    "EN": "Explain to the family that treatment will be provided on the condition that they agree not to pursue legal action regardless of the outcome."
  },
  "edge_7": {
    "JA": "早急に、救急車の出動要請を行う。",
    "EN": "Immediately request an ambulance."
  },
  "edge_8": {
    "JA": "夜間診療は対応していないことを説明し、他の医療機関に相談するように回答する。",
    "EN": "Explain that after-hours care is unavailable and recommend they contact another medical facility."
  },
  "edge_9": {
    "JA": "救急が専門ではないことを説明し、他の医療機関に相談するように回答する。",
    "EN": "Explain that emergency care is outside your specialty and recommend that they consult another medical provider."
  },
  "node_3": {
    "JA": "あなたが、患者家族に医療費の支払い能力の有無について確認すると、患者は金銭を所持しておらず、この場での医療費の支払いは難しいそうでした。",
    "EN": "Upon confirming with the family, you learned that the patient lacked funds and that payment could not be made at that time."
  },
  "edge_10": {
    "JA": "次へ。",
    "EN": "Next."
  },
  "node_4": {
    "JA": "あなたは、患者の家族に、このような救急対応は自分の専門ではないことと、処置の結果、救命できなかったとしても訴訟を起こさないことを条件に、救急処置を行う旨を説明しました。患者家族は、説明に同意し、手元の紙に署名を行いました。",
    "EN": "You explained to the family that emergency care is not your specialty and agreed to provide treatment on the condition that no legal action would be taken in case of an unfavorable outcome. The family consented and signed a document."
  },
  "edge_11": {
    "JA": "次へ。",
    "EN": "Next."
  },
  "node_5": {
    "JA": "あなたはまず、救急の出動要請を行い、患者をベッドに寝かせたところ、患者は突然の意識消失と呼吸停止を認めました。脈拍も消失しており、患者は心停止であると考えられます。そして、心停止には、胸骨圧迫を含む適切なCPRが効果的で、生存率の向上が期待できます。しかし、あなたの専門は耳鼻科であり、最後にCPRを行ったのは15年前の研修医の時であるため、CPRの処置を適切に行える確証がありません。この状況における対応として、あなたの考えに近いものを以下の選択肢から１つ選択してください。",
    "EN": "You called for emergency services and laid the patient on a bed. The patient then lost consciousness and stopped breathing. With no detectable pulse, cardiac arrest was suspected. Effective CPR, including chest compressions, improves survival in such cases. However, as an otolaryngologist who last performed CPR 15 years ago during residency, you are unsure of your ability to administer it properly. Please choose the most appropriate response."
  },
  "edge_12": {
    "JA": "自身でできる限りのCPRを実施する。",
    "EN": "Perform CPR to the best of your ability."
  },
  "edge_13": {
    "JA": "経験のあまりないCPRを行う責任を取れないため、他にできることを探しながら、救急隊の到着を待つ。",
    "EN": "Due to limited CPR experience, refrain from performing it and focus on alternative supportive measures while awaiting emergency responders."
  },
  "node_8": {
    "JA": "あなたは、患者の家族に、他の医療機関に相談するように勧めました。患者は同意し、診療所から立ち去りました。この事態について、あなたが診療を断った本当の理由について、あなたの考えに近いものを以下の選択肢から１つ選択してください。",
    "EN": "You advised the family to seek help from another medical facility. The patient agreed and left. Please select the option that most closely reflects your actual reason for refusing care."
  },
  "edge_18": {
    "JA": "専門外の対応であるため。",
    "EN": "Because the situation was outside your specialty."
  },
  "edge_19": {
    "JA": "時間外の対応であるため。",
    "EN": "Because it was outside of regular clinic hours."
  },
  "edge_20": {
    "JA": "患者家族からの訴訟リスクがあるため。",
    "EN": "Because of potential legal risks from the family."
  },
  "edge_21": {
    "JA": "上記以外の理由。",
    "EN": "Other reasons."
  },
  "node_6": {
    "JA": "あなたは患者にの家族に、院内受付にあるAEDをとってくるように指示し、直ちに胸骨圧迫を開始しました。AEDの波形は心室細動であり、電気的除細動が3回施行されました。3回目の除細動を施行した時点で救急隊が到着し、心拍の再開の再開を認めないまま、患者は救急車で搬送されていきました。この後、あなたは救急対応したことについて患者に医療費の請求を行いますか。あなたの考えに近いものを以下の選択肢から１つ選択してください。",
    "EN": "You instructed the family to retrieve the AED from the clinic’s reception area and immediately began chest compressions. The AED indicated ventricular fibrillation, and defibrillation was performed three times. Emergency services arrived after the third shock, and the patient was transported without signs of spontaneous circulation. Would you bill the patient for the emergency services provided? Please select the option that best reflects your opinion."
  },
  "edge_14": {
    "JA": "医療費を請求する。",
    "EN": "Charge for medical services."
  },
  "edge_15": {
    "JA": "医療費を請求しない。",
    "EN": "Do not charge for medical services."
  },
  "node_7": {
    "JA": "あなたは自身には適切なCPRを行えないと判断し、患者のために、他にできることを探して行うこととしました。そして、院内のバイタルモニタ-を患者に装着し、救急隊に報告するために状態の経過を記録しました。15分後に救急隊が到着し、心拍の再開を認めないまま、患者は救急車で搬送されていきました。この後、あなたは救急対応したことについて患者に医療費の請求を行いますか。あなたの考えに近いものを以下の選択肢から１つ選択してください。",
    "EN": "You decided that you were not able to perform CPR appropriately and instead focused on alternative supportive measures. You connected a vital signs monitor to the patient and recorded their condition to report to emergency responders. Fifteen minutes later, emergency services arrived, and the patient was transported without signs of cardiac activity. Would you charge the patient for the emergency services provided? Please select the option that best reflects your opinion."
  },
  "edge_16": {
    "JA": "医療費を請求する。",
    "EN": "Charge for medical services."
  },
  "edge_17": {
    "JA": "医療費を請求しない。",
    "EN": "Do not charge for medical services."
  },
  "node_9": {
    "JA": "あなたは、後日、患者に医療費の請求を行いました。すると、患者はあのあと亡くなっており、患者家族から法的措置に訴えるという連絡がありました。 -END-",
    "EN": "You later billed the patient. However, the patient had died, and the family contacted you, stating that they would pursue legal action. -END-"
  },
  "node_10": {
    "JA": "あなたは、患者に医療費の請求を行わないことにしました。しかし後日、患者はあのあと亡くなっており、患者家族から法的措置に訴えるという連絡がありました。 -END-",
    "EN": "You chose not to bill the patient. However, the patient had died, and the family still contacted you, stating they would pursue legal action. -END-"
  },
  "node_11": {
    "JA": "あなたは今回の件について、内省を行いました。 -END-",
    "EN": "You reflected on the matter. -END-"
  }
}