{
  "node_1": {
    "JA": "-START- あなたは、総合病院に勤務する腎臓内科医です。患者が付き添いの患者家族と共に来院しました。患者は70歳女性です。その患者は糖尿病の合併症から慢性腎不全を発症し、保存的治療を行なっておりましたが、腎機能の低下が著しく、人工透析治療を検討する必要があるとあなたは判断しました。あなたは、患者と患者家族に、現在の患者の腎機能の状況と人工透析治療、特に今回適応となる血液透析について説明したところ、患者家族からは同意が得られましたが、肝心の患者からは同意が得られませんでした。患者本人は、病識が低く、時折患者自身の状況を理解していないような言動を繰り返し、「痛い治療は絶対にしたくないです。」と主張しています。現在の腎機能では、血液透析治療を行わないと、１ヶ月持たず死に至る可能性が高いことを説明したものの、患者の決意は変わりません。血液透析治療は、シャント設置の手術や都度の注射針の穿刺等、痛みを全く伴わない治療とは言えません。また、患者の既往は、慢性腎不全と糖尿病だけであり、他に重篤な疾患はありません。この状況における対応として、あなたの考えに近いものを以下の選択肢から１つ選択してください。",
    "EN": "-START- You are a nephrologist at a general hospital.# A patient has arrived with a family member. @The patient is a 70-year-old female.@ The patient developed chronic kidney failure as a complication of diabetes and had been receiving conservative treatment. Due to a significant decline in kidney function, you determined that dialysis must be considered. You explained the patient's current kidney condition and the need for dialysis, specifically, hemodialysis, to the patient and their family. While the family consented, the patient did not. The patient has limited awareness of their illness and sometimes exhibits behaviors suggesting a lack of understanding, repeatedly stating, 'I absolutely do not want any painful treatments.' You explained that, without hemodialysis, there is a high risk of death within a month. However, the patient remained firm in refusing treatment. Hemodialysis involves procedures such as shunt placement and repeated needle insertions, which are not entirely pain-free. The patient has a history only of chronic kidney failure and diabetes, with no other serious illnesses. Please choose the option that most closely aligns with your view on how to proceed in this situation."
  },
  "edge_4": {
    "JA": "透析治療に関わる医療スタッフと患者、患者家族を交えて、透析治療を行うかどうかについて話し合いの場を設ける。",
    "EN": "Arrange a discussion involving the dialysis team, the patient, and the patient's family to consider whether to proceed with dialysis."
  },
  "edge_5": {
    "JA": "患者家族の同意を取る。",
    "EN": "Obtain consent from the patient's family."
  },
  "edge_6": {
    "JA": "患者に、透析治療は全く痛みがない治療であると説明し、患者本人の同意を得る。",
    "EN": "Explain to the patient that dialysis is completely painless and obtain the patient’s consent."
  },
  "edge_7": {
    "JA": "患者の意向を尊重し、透析治療は差し控える。差し控えによるリスクについての説明を同意を取得する。",
    "EN": "Respect the patient's wishes and refrain from dialysis. Obtain consent after explaining the associated risks."
  },
  "node_3": {
    "JA": "あなたは、透析を行う医療スタッフと患者、患者家族を交えて、透析治療を行うかどうかについて話し合いの場を設けました。あなたは再度、患者の状態と透析治療について説明した上で患者が心配している透析治療に伴う痛みについて、あなたは、手術は麻酔を使用するため痛みを抑えることができること、穿刺についても痛みを極力やわらげる処置を行うことができることを説明しました。患者家族の強い説得もあり、患者は接駅透析治療を行う同意書に署名をしました。",
    "EN": "You organized a meeting with the dialysis team, the patient, and the patient's family to discuss the potential initiation of dialysis. After reiterating the patient's condition and treatment details, you addressed concerns about pain by explaining that anesthesia would be used during surgery and that measures are available to minimize pain during needle insertions. With strong encouragement from the family, the patient signed the consent form to begin dialysis."
  },
  "edge_8": {
    "JA": "次へ。",
    "EN": "Next."
  },
  "node_4": {
    "JA": "患者の血液透析治療が行われることとなりました。無事にシャント設置手術が完了し、血液透析治療を開始することとなりました。血液透析治療が始まってから１ヶ月後、患者は血液透析治療を辞めたいと言いました。患者にとっては、シャント手術や血液透析に関わる侵襲的な処置がかなり苦痛だったようです。また、患者の状態から腹膜透析は不可能、移植臓器の不足から腎移植も難しいと判断されており、現状血液透析以外の選択肢は取れない状態であると考えられています。あなたは、透析治療を中止すると、２週間程度で確実に死に至ることを説明しましたが、患者の中止の意思は固く、治療は今回限りで辞めるの一点張りです。この状況における対応として、あなたの考えに近いものを以下の選択肢から１つ選択してください。",
    "EN": "Hemodialysis treatment was initiated. The shunt placement surgery was successfully completed, and dialysis began. One month later, the patient expressed a desire to discontinue treatment, stating that the invasive procedures were extremely distressing. Peritoneal dialysis was deemed unfeasible due to the patient’s condition, and kidney transplantation was not viable due to organ shortages. Currently, there are no alternatives to hemodialysis. You explained that discontinuation would likely result in death within two weeks, but the patient remained resolute in stopping treatment. Please select the option that best reflects your approach to this situation."
  },
  "edge_9": {
    "JA": "透析治療に関わる医療スタッフと患者、患者家族を交えて、透析治療を中断するかどうかについて話し合いの場を設ける。",
    "EN": "Arrange a meeting with the dialysis team, the patient, and the patient's family to discuss whether to discontinue dialysis."
  },
  "edge_10": {
    "JA": "一度始めた透析治療は続けないといけない、と患者を叱咤する。",
    "EN": "Reprimand the patient, stating that dialysis must continue once initiated."
  },
  "edge_11": {
    "JA": "患者の意向を尊重し、透析治療を中断する。中断によるリスクについての説明を同意を取得する。",
    "EN": "Respect the patient’s wishes and discontinue dialysis. Obtain consent after explaining the risks of discontinuation."
  },
  "node_7": {
    "JA": "あなたは、患者の現在の状態は終末期であることを伝えた上で、透析治療を行わないことで発生した苦痛を緩和する緩和ケアについて詳しく説明しました。患者は説明を聞き、満足した様子で、「今後、透析治療を行わない」という意思表示を確認する確認書と必要時の緩和ケアを行うことについて同意の署名を行い、自宅療養を希望したため、しばらくは自宅療養とすることとなりました。自宅療養を開始してから１０日後、患者は呼吸苦を訴え、来院しました。全身状態が悪化していたため、緊急入院としました。患者は、朦朧とした状態で「苦しい。透析治療を拒否したこと、後悔している。撤回できるならしたい。」と言っています。この状況における対応として、あなたの考えに近いものを以下の選択肢から１つ選択してください。",
    "EN": "You informed the patient that their condition was terminal and explained palliative care options to manage the symptoms resulting from forgoing dialysis. The patient appeared satisfied with the explanation, signed a form confirming their decision not to continue dialysis, and consented to receive palliative care when necessary. The patient opted for home care, which was initiated. Ten days later, the patient returned with breathing difficulties and was admitted for emergency care due to overall deterioration. In a confused state, the patient said, 'I am suffering. I regret refusing dialysis. If I can reverse my decision, I want to.' Please select the option that best reflects your approach to this situation."
  },
  "edge_16": {
    "JA": "現在の患者は同意能力がないと判断できるため、患者の苦痛を取り除いてから、透析治療再開について話し合いを行う。",
    "EN": "As the patient currently lacks decision-making capacity, first alleviate their pain, then discuss the possibility of resuming dialysis."
  },
  "edge_17": {
    "JA": "事前の患者の意思表示を尊重し、苦痛を取り除き看取りを行う緩和ケアを行う。",
    "EN": "Respect the patient's prior expressed wishes, provide palliative care to relieve suffering, and offer end-of-life care."
  },
  "edge_18": {
    "JA": "患者の生命に関わるため、患者が拒否する場合は抑制した上で速やかに透析治療を行う。",
    "EN": "Because the situation is life-threatening, proceed with dialysis promptly, even if the patient refuses, after implementing restraints."
  },
  "edge_19": {
    "JA": "現在の患者は同意能力がないと判断できるため、患者家族に同意をとり、透析治療を行う。",
    "EN": "As the patient is currently unable to provide informed consent, obtain consent from the family and proceed with dialysis."
  },
  "node_5": {
    "JA": "あなたは再度、出席可能な医療スタッフと患者、付き添いの患者家族を交えて、透析治療を中止するかどうかについて話し合いを行うことにしました。患者は、「想像よりも治療が痛くて辛い。２週間の命で構わないので治療を辞めたい。」と主張しています。患者家族は、透析治療を続けてほしいと主張しています。この状況における対応として、あなたの考えに近いものを以下の選択肢から１つ選択してください。",
    "EN": "You decided to hold another meeting with the available medical staff, the patient, and their accompanying family members to discuss the discontinuation of dialysis. The patient insisted, “The treatment is more painful and difficult than I expected. I am willing to live only two more weeks if I can stop it.” The family urged the continuation of dialysis. Please select the option that best reflects your perspective on how to respond."
  },
  "edge_12": {
    "JA": "患者家族の意向も考慮し、患者家族と一緒になって患者を強く説得する。",
    "EN": "Consider the family's wishes and work with them to strongly persuade the patient to continue treatment."
  },
  "edge_13": {
    "JA": "患者の意向を尊重し、透析治療を中断する。中断によるリスクについての説明を同意を取得する。",
    "EN": "Respect the patient’s wishes and discontinue dialysis. Obtain consent after explaining the associated risks."
  },
  "node_6": {
    "JA": "あなたの意見を聞いて、患者は自分の気持ちをわかってもらえないと感じたのか、急に泣き出しました。患者は家族に宥められながらも、泣きながら「もうここには来ません。」と言いました。この状況における対応として、あなたの考えに近いものを以下の選択肢から１つ選択してください。",
    "EN": "After hearing your response, the patient appeared to feel misunderstood and suddenly began to cry. While being consoled by the family, the patient tearfully said, 'I will not come here anymore.' Please select the option that best reflects your approach in this situation."
  },
  "edge_14": {
    "JA": "患者に透析治療を行える他の医療機関を紹介し、紹介状を手渡す。",
    "EN": "Refer the patient to another medical facility that can provide dialysis and issue a referral letter."
  },
  "edge_15": {
    "JA": "２日後に予約を取り、患者が落ち着いてから話をする予定とする。",
    "EN": "Schedule an appointment two days later and plan to resume the discussion after the patient has calmed down."
  },
  "node_8": {
    "JA": "あなたは、他に透析治療が行える医療機関を紹介し、紹介状を手渡しました。患者は紹介状を受け取り、それ以降来院しませんでした。 -END-",
    "EN": "You referred the patient to another facility that provides dialysis and handed over a referral letter. The patient accepted the letter and did not return. -END-"
  },
  "node_9": {
    "JA": "あなたは患者を宥め、２日後の予約を取り、その日の治療を終了としました。しかし、予定の２日後、患者は来院せず、それ以降病院に姿を現すことはありませんでした。 -END-",
    "EN": "You consoled the patient, scheduled a follow-up appointment in two days, and concluded that day's treatment. However, the patient did not return on the scheduled day and has not visited the hospital since. -END-"
  },
  "node_10": {
    "JA": "あなたはまず、始めに患者の苦痛を緩和する処置を行い、患者が冷静になってから、同意の撤回について話し合う方針としました。患者の呼吸苦を緩和する処置を行い、翌朝話をする予定でしたが、患者の状態は急速に悪化し、明け方に亡くなってしまいました。 -END-",
    "EN": "You first focused on alleviating the patient’s distress, planning to discuss the withdrawal of consent after they stabilized. You relieved the patient's breathing difficulties and intended to speak the next morning, but the patient's condition rapidly deteriorated, and they passed away at dawn. -END-"
  },
  "node_11": {
    "JA": "あなたは、事前の患者の意思を尊重し、苦痛を緩和する処置を行い、積極的な救命は行わないこととしました。そして、患者の状態は急激に悪化し、明け方に亡くなってしまいました。 -END-",
    "EN": "You chose to honor the patient's prior wishes, provided palliative care to alleviate suffering, and refrained from life-prolonging interventions. The patient’s condition worsened rapidly, and they passed away at dawn. -END-"
  },
  "node_12": {
    "JA": "あなたは、現在の患者の意向を尊重し、透析治療を行うこととしました。迅速な対応のおかげで患者は一命を取り留めましたが、苦痛が無くなると患者は再度「透析治療を今後はやりたくない。」と主張するようになってしまいました。 -END-",
    "EN": "You respected the patient’s current wishes and proceeded with dialysis. Due to prompt intervention, the patient survived. However, once the pain subsided, the patient again insisted, “I do not want to continue dialysis.” -END-"
  }
}