{
  "node_1": {
    "JA": "-START- あなたは、大学病院の遺伝診療外来で働く医師です。あなたの元に、患者が一人で受診しました。患者は31歳女性です。患者は2年前から肉腫を発症し、外科的切除と抗がん剤を併用した治療を行なっておりましたが、再発したため、治療薬の探索のためのがん遺伝子パネル検査を担当医に勧められ、院内紹介で受診しました。2回目の受診時に、あなたは遺伝カウンセラ-を交えて遺伝カウンセリングを行い、患者からがん遺伝子パネル検査の同意を得ました。検査の同意書には、「検査結果について検査目的の肉腫とは異なる遺伝子の変異等、二次的所見が認められた場合、その内容は開示を希望しない。」そして、「結果について、家族への開示も希望しない。」の欄にチェックがつけられていました。この状況における対応として、あなたの考えに近いものを以下の選択肢から１つ選択してください。",
    "EN": "-START- You are a physician in the genetic counseling outpatient clinic of a university hospital.# A patient came alone for consultation. @The patient is 31 years old@ And the patient developed sarcoma two years ago. Treatment included surgical resection and chemotherapy. Due to recurrence, the attending physician recommended a cancer gene panel test to explore treatment options, and the patient was referred to your clinic. During the second visit, you conducted genetic counseling with a genetic counselor and obtained the patient's consent for the test. On the consent form, the patient checked boxes indicating, “I do not wish to be informed of secondary findings, such as mutations unrelated to the sarcoma,” and “I do not wish for the results to be disclosed to my family.” Please select the option below that best aligns with your approach to this situation."
  },
  "edge_5": {
    "JA": "結果について、二次的所見についての開示や家族への開示を希望していないため、検査はできないと説明する。",
    "EN": "Explain that the test cannot be conducted because the patient does not wish to have results or secondary findings disclosed to themselves or their family."
  },
  "edge_6": {
    "JA": "検査についての同意が取れたため、遺伝子パネル検査を実施する。",
    "EN": "Since consent has been obtained, proceed with the genetic panel test."
  },
  "node_3": {
    "JA": "あなたは患者に、重大な疾患と関わる遺伝子が発見された場合、医療者にはそれを知らせ、治療の方針に役立てる義務があることを説明し、結果を知らされることに同意ができない場合は検査を実施しない、と伝えました。患者は驚いたような反応をしていましたが、「わかりました。」と返し、それ以後、受診することはありませんでした。 -END-",
    "EN": "You explained to the patient that if a gene related to a serious disease is identified, healthcare providers have a duty to inform them and use the information to guide treatment. You also stated that if they do not agree to be informed of such results, the test would not be performed. The patient appeared surprised but responded, “I understand,” and did not return for further consultation. -END-"
  },
  "node_4": {
    "JA": "患者の検体を用いてがん遺伝子パネル検査が実施されました。結果は、患者の肉腫の治療に有望な治療薬は呈示されませんでした。しかし、正常細胞に「家族性甲状腺髄様癌」の原因遺伝子であるRETの変異が判明しました。患者の家族歴としては、患者の母に甲状腺髄様癌の既往があり、患者本人へ遺伝していると考えられます。更に、患者には幼い子供がおり、その子供は50%の確率で同様の遺伝子変異を保有している可能性があります。このRET遺伝子は、出生後早期に遺伝子変異の保因者であるかどうかを確定できれば、早期の治療が可能になり、がんによる死亡リスクを防ぐことが可能と言われています。患者本人は家族に対して結果の開示を拒否していますが、結果を家族に知らせることで患者の子供のがんによる死亡リスクを防ぐことが可能と考えられます。この状況における対応として、あなたの考えに近いものを以下の選択肢から１つ選択してください。",
    "EN": "A cancer gene panel test was performed using the patient's specimen. No promising treatments for the sarcoma were identified. However, a mutation in the RET gene, which causes familial medullary thyroid carcinoma, was found in normal cells. The patient’s mother had medullary thyroid carcinoma, suggesting inheritance. The patient has a young child who has a 50% chance of carrying the same mutation. Early identification of carriers after birth allows early treatment, potentially preventing cancer-related death. The patient refuses to disclose results to family, but informing the family could reduce the child’s risk of death. Please select the option closest to your response in this situation."
  },
  "edge_7": {
    "JA": "結果の説明の前に、患者に、二次的所見の有無とその結果について開示を希望するか尋ねる。",
    "EN": "Before explaining the results, ask the patient if they wish to be informed about secondary findings and their details."
  },
  "edge_8": {
    "JA": "患者に二次的所見の内容も含めて全て開示する。",
    "EN": "Disclose all information, including secondary findings, to the patient."
  },
  "edge_9": {
    "JA": "二次的所見の内容については開示しない。",
    "EN": "Do not disclose the details of secondary findings."
  },
  "node_5": {
    "JA": "あなたは、検査結果開示前に、二次的所見の開示の希望について再度患者に尋ねました。患者は「開示を希望しない。患者の肉腫以外のことは知らないでいたい。」と答えました。患者に患者に二次的所見に関する情報を開示すべきでしょうか。この状況における対応として、あなたの考えに近いものを以下の選択肢から１つ選択してください。",
    "EN": "Before revealing the test results, you asked the patient again whether they wished to receive information about secondary findings. The patient replied, “I do not wish to be informed. I want to remain unaware of anything unrelated to my sarcoma.” Should information regarding secondary findings be disclosed? Please select the option closest to your opinion."
  },
  "edge_10": {
    "JA": "患者に二次的所見の内容も含めて全て開示する。",
    "EN": "Disclose all information, including secondary findings, to the patient."
  },
  "edge_11": {
    "JA": "二次的所見の内容については開示しない。",
    "EN": "Do not disclose the details of secondary findings."
  },
  "node_6": {
    "JA": "あなたは、患者の肉腫の治療に有望な治療薬は提示されなかったこと、またRET遺伝子に関する二次的所見についても患者に説明しました。加えてあなたは、甲状腺髄様癌は早期に治療を行うことで、現在に近い状態での生活が可能となることを伝え、50%の確率で、患者と同じ遺伝子変異を持つ可能性がある患者の子供と、患者のパ-トナ-にこの結果を説明することを勧めました。これらの説明を聞き、患者はショックを受け、「この結果は誰にも知られたくない。」と言い、黙り込んでしまいました。患者は家族に対して結果の開示を希望していませんが、その結果を家族に知らせることで患者の子供のがんによる死亡リスクを防ぐことが可能です。この状況における対応として、あなたの考えに近いものを以下の選択肢から１つ選択してください。",
    "EN": "You informed the patient that no promising treatments for the sarcoma were identified and explained the secondary findings related to the RET gene. You also explained that medullary thyroid carcinoma can be treated early, allowing near-normal life expectancy, and recommended that the patient share these results with their partner and child, who has a 50% chance of carrying the mutation. The patient was shocked, stated, “I do not want anyone to know this result,” and fell silent. Although the patient refuses family disclosure, informing them could prevent cancer-related death in the child. Please select the option closest to your approach."
  },
  "edge_12": {
    "JA": "次回来院時に再度、遺伝カウンセリングを行い、その時に家族への開示について説得する。",
    "EN": "Conduct genetic counseling again at the next visit and attempt to persuade the patient regarding family disclosure at that time."
  },
  "edge_13": {
    "JA": "その場で、家族への開示を行うように強く説得する。",
    "EN": "Strongly persuade the patient to disclose the results to their family immediately."
  },
  "edge_14": {
    "JA": "結果について家族への開示は行わない。",
    "EN": "Do not disclose the results to the family."
  },
  "edge_15": {
    "JA": "患者からは言えないようなので、医師自身が患者のパ-トナ-に直接伝える。",
    "EN": "Since the patient is unwilling to disclose, the physician will directly inform the patient’s partner."
  },
  "node_11": {
    "JA": "あなたは、患者の意思を尊重し、二次的所見については話さず、患者の肉腫の治療に有望な治療薬は見つからなかったことを説明しました。患者はショックを受けながらも、今後の治療方針について話し合い、紹介元の乳腺外科と相談することとなりました。 -END-",
    "EN": "You respected the patient’s wishes, refrained from discussing secondary findings, and explained that no promising treatments for the sarcoma were found. Although the patient was shocked, they discussed future treatment plans and decided to consult with the referring breast surgery department. -END-"
  },
  "node_7": {
    "JA": "あなたは、再度、遺伝カウンセリングを行い、患者の治療の方向について話し合いながらも、結果について患者の家族に患者本人からお話するように説得しました。患者は前回に比べ、少し落ちついた様子ではありましたが、患者は多くを話さないまま、「やはり伝えたくない。」と言っています。患者の家族への情報開示について、あなたの考えに近いものを以下の選択肢から１つ選択してください。",
    "EN": "You conducted genetic counseling again, discussing treatment direction while persuading the patient to personally share the results with their family. The patient appeared somewhat calmer but said, “I still do not want to tell them,” offering little further explanation. Please select the option closest to your thoughts on family disclosure."
  },
  "edge_16": {
    "JA": "その場で、家族への開示を行うように強く説得する。",
    "EN": "Strongly persuade the patient to disclose the results to their family immediately."
  },
  "edge_17": {
    "JA": "結果について家族への開示は行わない。",
    "EN": "Do not disclose the results to the family."
  },
  "edge_18": {
    "JA": "何回か通院を続けてもらい、根気よく遺伝カウンセリングを行い、その中で家族への開示について慎重に説得する。",
    "EN": "Continue clinic visits, patiently provide genetic counseling, and carefully persuade the patient regarding family disclosure over time."
  },
  "edge_19": {
    "JA": "患者からは言えないようなので、医師自身が患者のパ-トナ-に直接伝える。",
    "EN": "Since the patient is unwilling to disclose, the physician will directly inform the patient’s partner."
  },
  "node_8": {
    "JA": "あなたはその場で、結果について家族と話し合うべきだと強く説得しました。患者は急に泣き出し、あなたの話の途中で診察室から出て行ってしまいました。そして、それ以降、遺伝診療外来に来ることはありませんでした。 -END-",
    "EN": "You strongly urged the patient to discuss the results with their family immediately. The patient suddenly began to cry and left the consultation room during your explanation. The patient did not return to the genetic counseling clinic afterward. -END-"
  },
  "node_9": {
    "JA": "あなたは患者の希望を尊重し、患者の家族には結果を開示しない方針としました。患者は、甲状腺の精密検査を行うために、内分泌科を受診することになりました。 -END-",
    "EN": "You respected the patient’s wishes and decided not to disclose the results to the family. The patient was referred to endocrinology for a detailed thyroid examination. -END-"
  },
  "node_12": {
    "JA": "あなたは、患者の子供への病気のリスクを考慮し、患者のパ-トナ-に連絡し、結果を説明することとしました。患者のパ-トナ-は、あなたに丁寧にお礼を言いましたが、患者本人はそれ以降、遺伝診療外来へ来なくなってしまいました。 -END-",
    "EN": "Considering the child’s disease risk, you contacted the patient’s partner to explain the results. The partner expressed gratitude, but the patient ceased attending the genetic counseling clinic thereafter. -END-"
  },
  "node_10": {
    "JA": "あなたは遺伝カウンセリングを続ける中で、根気よく患者の説得を続けることとしました。話し合いの中で、患者の心配事が明らかになっていき、それらについての対処法を一緒に考えながら、方針を模索していきました。 -END-",
    "EN": "You resolved to continue persistent persuasion during genetic counseling. Through discussions, the patient’s concerns became clearer, and you collaboratively explored ways to address them while seeking an appropriate course of action. -END-"
  }
}