{
  "node_1": {
    "JA": "-START- あなたは総合病院の救急医です。あなたの元に、患者が外傷で搬送されてきました。患者は、15歳の男性です。スポ-ツの練習中に転倒し、顔面の裂傷を負ったようです。傷口は浅いですが大きく、なるべく早めに頭皮の縫合手術を行うことが必要と判断しました。患者の意識ははっきりしており、自身の状況と治療が必要なことを理解しています。この状況における対応として、あなたの考えに近いものを以下の選択肢から１つ選択してください。",
    "EN": "-START- You are an emergency physician at a general hospital.# A patient was brought in with a traumatic facial laceration sustained during sports practice. @The patient is a 15-year-old male.@ The wound is large but shallow, and scalp suturing should be performed promptly. The patient is conscious and understands their condition and the need for treatment. Please select the option closest to your approach in this situation from the following choices."
  },
  "edge_1": {
    "JA": "患者本人の同意を取る。",
    "EN": "Obtain the patient's consent. "
  },
  "edge_2": {
    "JA": "患者に付き添いの大人がいるかを確認する。",
    "EN": "Confirm whether an accompanying adult is present."
  },
  "edge_3": {
    "JA": "患者の両親に連絡を取る。",
    "EN": "Contact the patient's parents."
  },
  "edge_4": {
    "JA": "誰の同意も取らずに、手術を開始する。",
    "EN": "Begin surgery without obtaining consent from anyone."
  },
  "node_2": {
    "JA": "患者は、治療に同意しました。この傷を縫合できるのは、現時点からあと３時間程度と考えられます。この状況における対応として、あなたの考えに近いものを以下の選択肢から１つ選択してください。",
    "EN": "The patient has consented to treatment. It is estimated that the wound can be sutured within approximately three hours. Please select the option closest to your approach from the following choices."
  },
  "edge_5": {
    "JA": "患者の同意を取り、すぐに手術を開始する。",
    "EN": "Obtain the patient's consent and begin surgery immediately."
  },
  "edge_6": {
    "JA": "患者に付き添いの大人がいるかを確認する。",
    "EN": "Confirm whether an accompanying adult is present."
  },
  "edge_7": {
    "JA": "患者の両親に連絡を取る。",
    "EN": "Contact the patient's parents."
  },
  "node_3": {
    "JA": "現場に居合わせた患者の知人が付き添いとして来院していました。手術を行うための同意を誰にとりますか。この状況における対応として、あなたの考えに近いものを以下の選択肢から１つ選択してください。",
    "EN": "A friend of the patient who was present at the scene accompanied the patient to the hospital. From whom should consent for surgery be obtained? Please select the option closest to your approach."
  },
  "edge_8": {
    "JA": "患者本人の同意を取り、すぐに手術を開始する。",
    "EN": "Obtain the patient's consent and begin surgery immediately."
  },
  "edge_9": {
    "JA": "付き添いの大人である患者の知人の同意を取り、すぐに手術を開始する。",
    "EN": "Obtain consent from the patient's accompanying adult acquaintance and begin surgery immediately."
  },
  "edge_10": {
    "JA": "患者の両親に連絡を取る。",
    "EN": "Contact the patient's parents."
  },
  "node_4": {
    "JA": "患者に両親の連絡先を聞くと、「母は仕事で５時間後まで連絡が取れない。父は夜まで連絡が取れない。」と返答がありました。この状況における対応として、あなたの考えに近いものを以下の選択肢から１つ選択してください。",
    "EN": "When asked for parents' contact information, the patient stated, 'My mother cannot be reached for five hours due to work. My father cannot be reached until the evening.' Please select the option that best reflects your approach."
  },
  "edge_11": {
    "JA": "誰の同意も取らずに、手術を開始する。",
    "EN": "Begin surgery without obtaining consent from anyone."
  },
  "edge_12": {
    "JA": "患者の同意を取り、すぐに手術を開始する。",
    "EN": "Obtain the patient's consent and begin surgery immediately."
  },
  "edge_13": {
    "JA": "患者の母親の連絡が取れるまで待つ。",
    "EN": "Wait until the patient's mother can be reached."
  },
  "node_6": {
    "JA": "患者の母と連絡が取れ、患者の母が来院しました。父はまだ連絡が取れません。この後の対応について適切なものを以下の選択肢から１つ選択してください。",
    "EN": "The patient's mother has been contacted and has arrived at the hospital. The father remains unreachable. Please select the most appropriate next step."
  },
  "edge_14": {
    "JA": "患者の母親の同意をとり、手術を開始する。",
    "EN": "Obtain consent from the patient's mother and begin surgery."
  },
  "edge_15": {
    "JA": "患者の母親と父親、両方の同意が取れるまで待つ。",
    "EN": "Wait until consent is obtained from both the patient's mother and father."
  },
  "node_7": {
    "JA": "患者の父親も来院しました。",
    "EN": "The patient's father has also arrived at the hospital."
  },
  "edge_16": {
    "JA": "次へ。",
    "EN": "Next."
  },
  "node_5": {
    "JA": "手術を開始し、傷口の感染もなく、縫合は無事終わりました。-END-",
    "EN": "Surgery began, the wound showed no signs of infection, and suturing was successfully completed. -END-"
  }
}