{
  "node_1": {
    "JA": "-START- あなたは、救命救急センタ-の救急医です。一人の患者が付き添いと共に搬送されてきました。患者は、28歳の男性です。患者には、せん妄状態でしたが、頭部CTでは異常は見られませんでした。診察の結果、髄膜炎が考えられたため、腰椎穿刺の検査が必要と判断しました。しかし、患者はその検査を拒否しています。この状況ににおける対応として、あなたの考えに近いものを以下の選択肢から１つ選択してください。",
    "EN": "-START- You are an emergency physician at a critical care center. # A patient has been transported with an accompanying person. @The patient is a 28-year-old male.@ And the patient was delirious, but the head CT revealed no abnormalities. Based on the examination, meningitis is suspected, and a lumbar puncture is necessary. However, the patient refuses the procedure. Please select the option below that best reflects your response to this situation."
  },
  "edge_4": {
    "JA": "患者に検査の必要性を説明し、検査を受けるように説得する。",
    "EN": "Explain the necessity of the examination to the patient and persuade them to undergo it."
  },
  "edge_5": {
    "JA": "患者の家族に連絡する。",
    "EN": "Contact the patient's family."
  },
  "edge_6": {
    "JA": "患者の同意が取れるまで、対症療法を行い、様子を見る。",
    "EN": "Provide symptomatic treatment and monitor the patient until consent is obtained."
  },
  "edge_7": {
    "JA": "患者の付き添い人に、説明をし、腰椎穿刺の同意を求める",
    "EN": "Explain the situation to the patient's companion and seek consent for the lumbar puncture."
  },
  "edge_8": {
    "JA": "患者に鎮静を行い大人しくさせ、腰椎穿刺の検査を行う。",
    "EN": "Sedate the patient to calm them and perform the lumbar puncture."
  },
  "edge_9": {
    "JA": "腰椎穿刺の代わりに血液検査を行う。",
    "EN": "Perform a blood test instead of a lumbar puncture."
  },
  "node_3": {
    "JA": "あなたは検査の必要性を説明し、検査を受けることを説得しましたが、患者は針を刺されるのは嫌だと依然として同意をしません。患者の状態は急速に悪化し、ショック状態となってしまいました。この状況における対応として、あなたの考えに近いものを以下の選択肢から１つ選択してください。",
    "EN": "You explained the necessity of the examination and persuaded the patient to undergo it, but the patient still refuses, expressing fear of needles. The patient’s condition rapidly deteriorates, resulting in shock. Please select the option below that best reflects your response to this situation."
  },
  "edge_10": {
    "JA": "患者に検査の必要性を説明し、検査を受けるように説得する。",
    "EN": "Explain the necessity of the examination to the patient and persuade them to undergo it."
  },
  "edge_11": {
    "JA": "患者の家族に連絡する。",
    "EN": "Contact the patient's family."
  },
  "edge_12": {
    "JA": "患者の同意が取れるまで、対症療法を行い、様子を見る。",
    "EN": "Provide symptomatic treatment and monitor the patient until consent is obtained."
  },
  "edge_13": {
    "JA": "患者の付き添い人に、説明をし、腰椎穿刺の同意を求める",
    "EN": "Explain the situation to the patient's companion and seek consent for the lumbar puncture."
  },
  "edge_14": {
    "JA": "鎮静を行い大人しくさせ、腰椎穿刺の検査を行う。",
    "EN": "Sedate the patient to calm them and perform the lumbar puncture."
  },
  "node_4": {
    "JA": "あなたは、患者家族に連絡をしました。患者家族は遠方に住んでおり、到着は翌日になるとのことでした。この状況における対応として、あなたの考えに近いものを以下の選択肢から１つ選択してください。",
    "EN": "You contacted the patient’s family, who live far away and will arrive the following day. Please select the option below that best reflects your response to this situation."
  },
  "edge_15": {
    "JA": "患者の同意が取れるまで、対症療法を行い、様子を見る。",
    "EN": "Provide symptomatic treatment and monitor the patient until consent is obtained."
  },
  "edge_16": {
    "JA": "患者の家族の到着を待つ。",
    "EN": "Wait for the patient's family to arrive."
  },
  "edge_17": {
    "JA": "患者の付き添い人に、説明をし、腰椎穿刺の同意を求める",
    "EN": "Explain the situation to the patient's companion and seek consent for the lumbar puncture."
  },
  "edge_18": {
    "JA": "鎮静を行い大人しくさせ、腰椎穿刺の検査を行う。",
    "EN": "Sedate the patient to calm them and perform the lumbar puncture."
  },
  "node_5": {
    "JA": "患者の容態は悪化し、とうとう患者は意識を失ってしまいました。この状況における対応として、あなたの考えに近いものを以下の選択肢から１つ選択してください。",
    "EN": "The patient’s condition has worsened, and the patient has lost consciousness. Please select the option below that best reflects your response to this situation."
  },
  "edge_19": {
    "JA": "患者の家族に連絡する。",
    "EN": "Contact the patient's family."
  },
  "edge_20": {
    "JA": "患者の付き添い人に、説明をし、腰椎穿刺の同意を求める",
    "EN": "Explain the situation to the patient's companion and seek consent for the lumbar puncture."
  },
  "edge_21": {
    "JA": "速やかに腰椎穿刺の検査を行う。",
    "EN": "Promptly perform a lumbar puncture."
  },
  "node_9": {
    "JA": "代わりに血液検査を行う旨を患者に伝えたところ、患者は血液検査自体も拒否しました。この状況における対応として、あなたの考えに近いものを以下の選択肢から１つ選択してください。",
    "EN": "After informing the patient that a blood test would be performed instead, the patient also refused the blood test. Please select the option below that best reflects your response to this situation."
  },
  "edge_24": {
    "JA": "患者に検査の必要性を説明し、検査を受けるように説得する。",
    "EN": "Explain the necessity of the examination to the patient and persuade them to undergo it."
  },
  "edge_25": {
    "JA": "患者の家族に連絡する。",
    "EN": "Contact the patient's family."
  },
  "edge_26": {
    "JA": "患者の同意が取れるまで、対症療法を行い、様子を見る。",
    "EN": "Provide symptomatic treatment and monitor the patient until consent is obtained."
  },
  "edge_27": {
    "JA": "患者の付き添い人に、腰椎穿刺の同意を求める",
    "EN": "Request consent for the lumbar puncture from the patient's companion."
  },
  "edge_28": {
    "JA": "鎮静を行い大人しくさせ、腰椎穿刺の検査を行う。",
    "EN": "Sedate the patient to calm them and perform the lumbar puncture."
  },
  "node_6": {
    "JA": "腰椎穿刺を実施した結果、細菌性髄膜炎であることが明らかになりました。的確な治療の甲斐あってか患者は回復し、６日後退院した。-END-",
    "EN": "Lumbar puncture confirmed bacterial meningitis. Appropriate treatment led to patient recovery, and discharge occurred six days later. -END-"
  }
}