{
  "node_1": {
    "JA": "-START- あなたは、総合病院で働く産婦人科医です。あなたの元に患者が、不正出血を主訴に来院しました。患者は34歳女性です。その患者は、以前から月経困難を自覚しており、昨日、大量の性器出血を認めたため、来院したそうです。検査の結果、子宮筋層に2つの筋腫を認め、子宮筋腫と診断しました。あなたは、患者には、筋腫が大きい上に２つもあることから、筋腫ごと子宮を全て取り除く、単純子宮全摘術の適応であると説明しましたが、患者は、子宮を全摘することに難色を示しました。その患者は、既婚ではあるものの出産経験はないため、将来的な妊娠を強く希望しています。患者への手術説明について、あなたの考えに近いものを以下の選択肢から1つ選択してください。",
    "EN": "-START- You are an obstetrician-gynecologist at a general hospital.# A patient presented with abnormal bleeding as her chief complaint. @The patient is 34-year-old female.@ She has a history of dysmenorrhea and sought care after experiencing heavy genital bleeding yesterday. Examination revealed two fibroids in the uterine myometrium, confirming a diagnosis of uterine fibroids. You explained that due to the size and number of fibroids, a simple total hysterectomy, removing the uterus with the fibroids, is indicated. However, the patient expressed reluctance to undergo this procedure. Although married, she has no childbirth history and strongly desires future pregnancy. Please select the option that best reflects your approach to explaining the surgery to the patient."
  },
  "edge_3": {
    "JA": "子宮筋腫核出術の方針とするが、出血多量など生命の危機にさらされた場合は、単純子宮全摘術に切り替える可能性もあることを説明する。",
    "EN": "The plan is to perform a myomectomy, but explain that if life-threatening conditions, such as massive bleeding, occur, conversion to a simple total hysterectomy may be necessary."
  },
  "edge_4": {
    "JA": "子宮筋腫核出術についてのみ、手術の内容とメリットとデメリットの説明を行う。",
    "EN": "Explain only the procedure, advantages, and disadvantages of myomectomy."
  },
  "node_3": {
    "JA": "あなたは、単純子宮全摘術に切り替える可能性があることも説明しました。すると、患者は「子宮を取る可能性があるならば、様子を見たい。」と言いました。しかし、子宮筋腫は放置すると、不妊や流産のリスクを増大します。この状況において、術式の選択について、あなたの考えに近いものを選択してください。",
    "EN": "You also explained the possibility of converting to a simple total hysterectomy. The patient then stated, 'If there is a chance the uterus will be removed, I would prefer to wait and observe.' However, untreated uterine fibroids increase the risk of infertility and miscarriage. Please select the option closest to your perspective on choosing the surgical procedure in this context."
  },
  "edge_5": {
    "JA": "子宮筋腫を放置すると、将来的な不妊や流産のリスクとなることを説明し、手術の必要性を説得する。",
    "EN": "Explain that leaving uterine fibroids untreated increases the risk of future infertility and miscarriage, and persuade the patient of the necessity of surgery."
  },
  "edge_6": {
    "JA": "基本的には筋腫核出術で対応できるため、子宮全摘は行わないと説明する。",
    "EN": "Explain  that myomectomy is generally sufficient and that hysterectomy will not be performed."
  },
  "edge_7": {
    "JA": "子宮温存する治療の選択肢が豊富な他県の病院を紹介する。",
    "EN": "Refer the patient to a hospital in another region offering a variety of uterine preservation treatment options."
  },
  "edge_8": {
    "JA": "患者が治療を望まないため、手術は行わない。",
    "EN": "Do not perform surgery as the patient declines treatment."
  },
  "node_4": {
    "JA": "患者は手術に同意し、入院下での術前コントロ-ルが行われることとなりました。５日後、患者の手術が開始されました。1つ目の筋腫を子宮筋層から剥離中に大量の出血を認め、止血操作を行いましたが、出血は止まりません。ここで単純子宮全摘術に切り替えれば、子宮につながる動脈を全て遮断できるため、患者の生命のリスクを最小限とすることができますが、患者の子宮を温存したいという意向を無視することになります。この状況において、術式の選択について、あなたの考えに近いものを選択してください。",
    "EN": "The patient consented to surgery and was admitted for preoperative management. Five days later, surgery began. During the removal of the first fibroid from the uterine myometrium, massive bleeding occurred. Despite hemostatic efforts, the bleeding persisted. Switching to a simple total hysterectomy at this point would allow for a complete arterial ligation, minimizing life-threatening risk but disregarding the patient’s wish to preserve the uterus. Please select the option closest to your approach regarding the surgical choice in this situation."
  },
  "edge_9": {
    "JA": "輸血を発注し、止血操作を行いながら、子宮筋腫核出術を続行する。",
    "EN": "Order a blood transfusion and continue the myomectomy while attempting hemostasis."
  },
  "edge_10": {
    "JA": "患者の夫に連絡し、現在の状況と子宮の全摘の必要性について説明し、同意をとる。",
    "EN": "Contact the patient’s spouse, explain the current status and the necessity of total hysterectomy, and obtain consent."
  },
  "edge_11": {
    "JA": "輸血を発注し、単純子宮全摘術に切り替える。",
    "EN": "Order a blood transfusion and convert to a simple total hysterectomy."
  },
  "node_8": {
    "JA": "患者は、あなたの紹介先の病院に転院していきました。 -END-",
    "EN": "The patient was transferred to the hospital you referred. -END-"
  },
  "node_9": {
    "JA": "患者は、様子を見るといい、病院を立ち去りました。 -END-",
    "EN": "The patient chose to wait and observe and  subsequently left the hospital. -END-"
  },
  "node_5": {
    "JA": "あなたは、輸血を発注し、手術を続行することにしました。なんとか、1つ目の筋腫の除去は終わりましたが、既に術中の総出血量は、1,000mlに達しており、このまま出血が続けば生命の危険があります。術前の評価では、筋腫はもう１つあります。この後の対応についてあなたの考えに近いものを以下の選択肢から１つ選択してください。",
    "EN": "You ordered a blood transfusion and continued the surgery. Removal of the first fibroid was completed, but intraoperative blood loss reached 1,000 ml. Continued bleeding poses a life-threatening risk. Preoperative evaluation identified a second fibroid. Please select the option that best aligns with your plan going forward."
  },
  "edge_12": {
    "JA": "輸血を発注し、単純子宮全摘術に切り替える。",
    "EN": "Order a blood transfusion and convert to a simple total hysterectomy."
  },
  "edge_13": {
    "JA": "輸血をさらに発注し、2つ目の筋腫の核出は行わず、縫合と止血処置を行い、手術を終了する。",
    "EN": "Order additional blood transfusions, do not remove the second fibroid, perform suturing and hemostasis, and conclude the surgery."
  },
  "node_6": {
    "JA": "あなたは、患者の夫に連絡し、術中に大量出血が起こったこととこのままでは生命の危機があるため、輸血を行い、出血の原因である子宮の全摘を行う旨を説明しました。患者の夫は、命が助かるならばと、子宮全摘について同意をしました。",
    "EN": "You contacted the patient’s spouse, explained the intraoperative massive bleeding and the life-threatening risk, and the need for blood transfusion and total hysterectomy as the source of bleeding. The spouse consented, prioritizing the patient’s survival."
  },
  "edge_14": {
    "JA": "次へ。",
    "EN": "Next."
  },
  "node_7": {
    "JA": "手術は大きな合併症もなく終了しました。 -END-",
    "EN": "The surgery was completed without major complications. -END-"
  }
}