{
  "Q1": "Misrepresentation of Non-Specialist Treatment and Prescriptions",
  "Q2": "Violence by Hospitalized Patients",
  "Q3": "Romantic Relationships Between Physicians and Patients",
  "Q4": "Emergency Care for Suicide Attempt Patients",
  "Q5": "Disclosure of Diagnosis to Patients",
  "Q6": "Decision-Making Capacity of Minor Patients",
  "Q7": "Patient Refusal of Diagnostic Tests",
  "Q8": "Informed Consent with Foreign Patients",
  "Q9": "Treatment Beyond the Scope of Consent",
  "Q10": "Test Refusal by Patients with Intellectual Disabilities",
  "Q11": "Conflicts Between Patient and Family Preferences",
  "Q12": "Parental Refusal of Blood Transfusion",
  "Q13": "Minor Patient’s Refusal of Blood Transfusion",
  "Q14": "Explanation of Alternative Treatment Options",
  "Q15": "Psychological Burden of Diagnosis Disclosure",
  "Q16": "Child Abuse Through Religious Rituals",
  "Q17": "Home Nursing and Abuse",
  "Q18": "Refusal of Treatment by Tuberculosis Patients",
  "Q19": "Patients Posing Risk of Harm to Third Parties",
  "Q20": "Undocumented Patients",
  "Q21": "Driving by Patients with Mental Disorders",
  "Q22": "Driving by Patients with Epilepsy",
  "Q23": "Disclosure of Patient Condition to Referring Physicians",
  "Q24": "Confidentiality in HIV-Positive Patients",
  "Q25": "Response to Medication Errors",
  "Q26": "Death Certificates for Patients Who Died Outside Hospital",
  "Q27": "Management and Disclosure of Medical Records",
  "Q28": "Gifts from Patients",
  "Q29": "Donations from Patients",
  "Q30": "Patient Refusal of Cesarean Section",
  "Q31": "Prescription of Contraceptives to Minors",
  "Q32": "Pregnancy in Minors",
  "Q33": "Spousal Abuse and Induced Abortion",
  "Q34": "Sterilization Surgery",
  "Q35": "Explanation of Organ Transplantation",
  "Q36": "Families Requesting Organ Donation",
  "Q37": "Do-Not-Resuscitate (DNR) Orders",
  "Q38": "Euthanasia",
  "Q39": "Refusal of Pneumonia Treatment in Terminal Patients",
  "Q40": "Submission of Genetic Test Results to Companies",
  "Q41": "Conflicts Between Physicians Over Treatment Policies",
  "Q42": "Treatment Refusal by Parents Considering QOL",
  "Q43": "Responding to Physicians Providing Inappropriate Care",
  "Q44": "Clinical Trials and Placebo Use",
  "Q45": "Witnessing Criminal Acts by Physicians",
  "Q46": "Patients Brought in Emergency Possessing Narcotics",
  "Q47": "Treatment Choices for Criminal Offenders",
  "Q48": "Good Samaritan Law",
  "Q49": "Patients Requesting Withdrawal from Hemodialysis",
  "Q50": "Refusal to Disclose Genetic Test Results"
}