{
  "node_1": {
    "JA": "-START- あなたは総合病院の血液内科医です。患者が、付き添いの両親と共に、近医からの紹介で来院しました。患者は16歳女性です。患者は近医にて急性骨髄性白血病の疑いがあると説明を受け、精密検査のために、あなたのもとを受診しました。検査の結果、患者の血小板数は基準値を大きく下回ったため、今後の治療にあたり、輸血が必要となる可能性が高いことを説明しました。すると、患者の両親は宗教的事情から、輸血を拒否しています。あなたは、輸血を行わない場合、生命に危険があること、無治療の場合数ヶ月で命を落とすことについても説明しましたが、両親の意思は変わりません。この状況における対応として、あなたの考えに近いものを以下の選択肢から１つ、選択してください。",
    "EN": "-START- You are a hematologist at a general hospital.# A patient, accompanied by their parents, has been referred by a local physician. @The patient is a 16-year-old female.@ The referring doctor informed the patient of a possible diagnosis of acute myeloid leukemia and referred them to you for further evaluation. Test results revealed a significantly low platelet count, and you explained that a blood transfusion would likely be required for treatment. However, the parents refused consent for transfusion due to religious beliefs. Despite explaining that, without a transfusion, the patient’s life would be at risk and that untreated leukemia could be fatal within months, the parents maintained their refusal. Please select the response option that most closely aligns with your approach to managing this situation."
  },
  "edge_5": {
    "JA": "輸血に対する患者本人の意向を尋ねる。",
    "EN": "Ask the patient about their own views regarding blood transfusion."
  },
  "edge_6": {
    "JA": "輸血と治療を行うことを両親を説得する。",
    "EN": "Attempt to persuade the parents to consent to blood transfusion and medical treatment."
  },
  "edge_7": {
    "JA": "院内の輸血治療に関するガイドラインを確認する。",
    "EN": "Review the hospital’s internal guidelines on transfusion therapy."
  },
  "edge_8": {
    "JA": "輸血と積極的治療を行わず対症療法のみ行う。",
    "EN": "Provide only symptomatic care without administering a blood transfusion or initiating aggressive treatment."
  },
  "node_3": {
    "JA": "患者本人に、輸血について尋ねると、患者本人も輸血については拒否の姿勢を示しました。この状況における対応として、あなたの考えに近いものを以下の選択肢から１つ選択してください。",
    "EN": "When asked, the patient also expressed a refusal of blood transfusion. Please select the response option that most closely reflects your perspective in this situation."
  },
  "edge_9": {
    "JA": "輸血と治療を行うことを両親を説得する。",
    "EN": "Attempt to persuade the parents to proceed with blood transfusion and treatment."
  },
  "edge_10": {
    "JA": "院内の輸血治療に関するガイドラインを確認する。",
    "EN": "Review the hospital’s internal guidelines on transfusion therapy."
  },
  "edge_11": {
    "JA": "無輸血治療を実施している病院へ転院を勧める。",
    "EN": "Recommend a transfer to a facility that offers bloodless treatment."
  },
  "edge_12": {
    "JA": "輸血と積極的治療を行わず対症療法のみ行う。",
    "EN": "Provide only symptomatic care without administering a blood transfusion or initiating aggressive treatment."
  },
  "node_4": {
    "JA": "あなたは、両親に輸血治療を行うことを説得しましたが、患者の両親は頑なに拒否を続けています。この状況における対応として、あなたの考えに近いものを以下の選択肢から１つ選択してください。",
    "EN": "You attempted to persuade the parents to accept transfusion therapy, but they remained steadfast in their refusal. Please select the response option that most closely aligns with your perspective in this situation."
  },
  "edge_13": {
    "JA": "輸血に対する患者本人の意向を尋ねる。",
    "EN": "Ask the patient directly about their views on blood transfusion."
  },
  "edge_14": {
    "JA": "輸血と治療を行うことについて両親の説得を続ける。",
    "EN": "Continue efforts to persuade the parents to consent to transfusion and treatment."
  },
  "edge_15": {
    "JA": "院内の輸血治療に関するガイドラインを確認する。",
    "EN": "Review the hospital’s internal guidelines on transfusion therapy."
  },
  "edge_16": {
    "JA": "両親の親権を停止する手続きを行い、必要時には輸血を行う方針とする。",
    "EN": "Initiate proceedings to suspend parental authority and proceed with transfusion as necessary."
  },
  "edge_17": {
    "JA": "無輸血治療を実施している病院へ転院を勧める。",
    "EN": "Recommend transferring the patient to a hospital that practices bloodless treatment."
  },
  "edge_18": {
    "JA": "輸血と積極的治療を行わず対症療法のみ行う。",
    "EN": "Provide only symptomatic care without administering a blood transfusion or initiating aggressive treatment."
  },
  "node_5": {
    "JA": "あなたの所属する病院の輸血に関する方針を確認した結果、その病院では相対的無輸血治療のみ行なっていることがわかりました。この状況における対応として、あなたの考えに近いものを以下の選択肢から１つ選択してください。",
    "EN": "Upon reviewing your hospital's transfusion policy, you found that only relatively bloodless treatment is offered. Please select the response option that most closely reflects your approach in this situation."
  },
  "edge_19": {
    "JA": "輸血に対する患者本人の意向を尋ねる。",
    "EN": "Ask the patient about their views on blood transfusion."
  },
  "edge_20": {
    "JA": "輸血と治療を行うことについて両親の説得を続ける。",
    "EN": "Continue efforts to persuade the parents to consent to transfusion and treatment."
  },
  "edge_21": {
    "JA": "両親の親権を停止する手続きを行い、必要時には輸血を行う方針とする。",
    "EN": "Initiate proceedings to suspend parental authority and proceed with transfusion as necessary."
  },
  "edge_22": {
    "JA": "無輸血治療を実施している病院へ転院を勧める。",
    "EN": "Recommend transferring the patient to a facility that offers bloodless treatment."
  },
  "edge_23": {
    "JA": "輸血と積極的治療を行わず対症療法のみ行う。",
    "EN": "Provide only symptomatic care without administering a blood transfusion or initiating aggressive treatment."
  },
  "node_8": {
    "JA": "あなたは、患者両親の意向通り、輸血を伴う治療を行わないことを決めました。数ヶ月後、急変した患者は両親に看取られ亡くなりました。 -END-",
    "EN": "You decided not to proceed with treatment involving blood transfusion, in accordance with the parents' wishes. A few months later, the patient’s condition deteriorated suddenly, and they passed away while being cared for by their parents. -END-"
  },
  "node_7": {
    "JA": "あなたは、無輸血治療を行っている病院について説明し、患者に転院を勧めました。患者は納得し、自分の期待に添える病院へと転院して行きました -END-",
    "EN": "You explained the availability of a hospital offering bloodless treatment and recommended a transfer. The patient agreed and transferred to a facility aligned with their preferences. -END-"
  },
  "node_6": {
    "JA": "あなたは必要時には輸血を行うことにました。その結果、患者の治療は順調に進行しています。 -END-",
    "EN": "You decided to administer a blood transfusion when medically necessary. As a result, the patient's treatment progressed successfully. -END-"
  }
}