{
  "node_1": {
    "JA": "-START- あなたは総合病院で働く内科医です。あなたの元に患者が受診しました。患者は、70歳男性です。2、3か月前から発熱が続いていると言っています。検査の結果、悪性リンパ腫と診断され緊急入院となりました。このケ-スは予後不良と判断され、根治治療のめども立たない状況です。患者はがんなのではと極端に怯え、「知るのが怖い。」と言っています。",
    "EN": "-START- You are an internist working at a general hospital.# A patient has presented with a persistent fever lasting two to three months. @The patient is s 70-year-old male.@ Test results confirmed a diagnosis of malignant lymphoma, and the patient was urgently admitted. The prognosis is poor, and curative treatment is not feasible. The patient, fearful and suspecting cancer, expressed anxiety by stating, “I am afraid to know.”"
  },
  "edge_100": {
    "JA": "次へ。",
    "EN": "Next."
  },
  "node_2": {
    "JA": "この状況における対応として、あなたの考えに近いものを以下の選択肢から１つ選択してください。",
    "EN": "Please select the response that most closely aligns with your perspective on how to handle this situation."
  },
  "edge_4": {
    "JA": "病状説明の相談をするために患者の家族に連絡を取る。",
    "EN": "Contact the patient’s family to discuss the medical condition."
  },
  "edge_5": {
    "JA": "がんではない他の病気であることを説明する。",
    "EN": "Explain that it is a disease other than cancer."
  },
  "edge_6": {
    "JA": "表現に配慮しながら、悪性リンパ腫であることを説明する。",
    "EN": "Explain that it is malignant lymphoma, using sensitive and considerate language."
  },
  "node_3": {
    "JA": "あなたが、患者の家族に連絡を取ろうとしたところ、患者には、家族と呼べる間柄の人は見つからず、民間の身元保証サ-ビスを利用していることが判明しました。",
    "EN": "Upon attempting to contact the patient's family, you discovered that the patient has no  identifiable relatives and is utilizing a private guarantor service."
  },
  "edge_7": {
    "JA": "次へ。",
    "EN": "Next."
  },
  "node_4": {
    "JA": "あなたは、患者に、がんではなく治る病気であることを伝え、患者を励ましました。患者は治療を受け、安心したのも束の間、次第に悪化する病状に怯え、「がんなのではないか？」と、あなたに問いかけました。この状況における対応として、あなたの考えに近いものを以下の選択肢から１つ選択してください。  ",
    "EN": "You reassured the patient by stating it was not cancer and that the illness was curable. The patient began treatment and initially felt relieved. However, as the condition worsened, the patient grew anxious and asked, “Could it be cancer?” Please select the response that most closely reflects your perspective in this situation."
  },
  "edge_8": {
    "JA": "表現に配慮しながら、悪性リンパ腫であることを説明する。",
    "EN": "Explain that it is malignant lymphoma, using sensitive and considerate language."
  },
  "edge_9": {
    "JA": "がんではない他の病気であることを説明する。",
    "EN": "Explain that it is a disease other than cancer."
  },
  "node_5": {
    "JA": "あなたは正直に、患者に悪性リンパ腫であることを告げました。患者はかなりショックを受け、もう聞きたくないと言いました。この状況における対応として、あなたの考えに近いものを以下の選択肢から１つ選択してください。",
    "EN": "You informed the patient honestly that they have malignant lymphoma. The patient was significantly distressed and expressed a desire not to receive further information. Please select the response that most closely reflects your perspective in this situation."
  },
  "edge_10": {
    "JA": "聞きたくないと言う患者の意向を尊重し、その旨をカルテに記載した上で説明を終了する。",
    "EN": "Respect the patient’s wish not to  receive further information, document this in the medical record, and conclude the explanation."
  },
  "edge_11": {
    "JA": "予後不良であることは告げず、患者を励ます。",
    "EN": "Do not disclose the poor prognosis and instead provide emotional support."
  },
  "edge_12": {
    "JA": "正直に、患者の余命が長くないことを説明する。",
    "EN": "Honestly explain that the patient’s life expectancy is limited."
  },
  "node_6": {
    "JA": "患者は、翌日から段々と次第に塞ぎ込むようになりました。 -END-",
    "EN": "Beginning the following day, the patient became increasingly withdrawn. -END-"
  },
  "node_7": {
    "JA": "患者は、病状説明にショックを受け、精神状態が悪化してしました。 -END-",
    "EN": "The patient was distressed by the medical explanation, and their mental health subsequently deteriorated. -END-"
  }
}