{
  "node_1": {
    "JA": "-START- あなたは、当直を担当する救急医です。患者が、両親に連れられて来院しました。患者は3歳女性です。患者は、性器からの出血が止まらず、あなたが患部を診察すると、刃物のような鋭利なもので切られたような傷がありました。また、傷の状態が両親の話と一致しておらず、虐待が疑われる状況です。この状況における対応として、あなたの考えに近いものを以下の選択肢から１つ選択してください。",
    "EN": "-START- You are an emergency physician on duty.# A patient has been brought in by their parents. @The patient is a 3-year-old female.@ There is ongoing genital bleeding, and upon examination, you observe a wound resembling a cut from a sharp object. The nature of the wound does not match the parents’ explanation, raising concerns about potential abuse. Please choose the response that most closely reflects your view on how to proceed."
  },
  "edge_5": {
    "JA": "両親に、怪我をした経緯について本当のことを尋ねる。",
    "EN": "Ask the parents to provide an honest account of how the injury occurred."
  },
  "edge_6": {
    "JA": "虐待と考えられるため、警察に通報する。",
    "EN": "As this is considered abuse, report it to the police."
  },
  "edge_7": {
    "JA": "虐待と考えられるため、児童相談所に相談する。",
    "EN": "As this is considered abuse, consult the child consultation center."
  },
  "edge_8": {
    "JA": "患者の守秘義務を守るために通常通りに止血処置を行う。",
    "EN": "To maintain patient confidentiality, proceed with standard hemostatic treatment."
  },
  "node_3": {
    "JA": "患者の両親は、大ごとにしないでほしいと前置きした上でこの傷は、その日の昼に行われた両親のコミュニティの宗教儀式によって付いた傷であると説明しました。この処置は、両親の属する宗教とコミュニティでは通過儀礼の１つであり、これを施していないと、そのコミュニティの中では、将来的に社会的不利益がある、と説明しました。この患者の属する社会的コミュニティでは、この処置は必要不可欠なものであるそうです。この状況における対応として、あなたの考えに近いものを以下の選択肢から１つ選択してください。",
    "EN": "The patient’s parents requested that the matter not be escalated and explained that the injury resulted from a religious ritual performed earlier that day by their community. They stated that this practice is a rite of passage essential within their religious and social community, and that not undergoing it may lead to future social disadvantages. Please select the response that most closely aligns with your perspective."
  },
  "edge_10": {
    "JA": "両親に、この処置の危険性について説明する。",
    "EN": "Explain to the parents the risks associated with the procedure."
  },
  "edge_11": {
    "JA": "虐待と考えられるため、必要な処置を行った後に警察に通報する。",
    "EN": "As this is considered abuse, provide necessary medical care and report the case to the police."
  },
  "edge_12": {
    "JA": "虐待と考えられるため、必要な処置を行った後に児童相談所に相談する。",
    "EN": "As this is considered abuse, provide necessary medical care and consult the child consultation center."
  },
  "edge_13": {
    "JA": "患者の守秘義務を守るために通常通りに止血処置を行う。",
    "EN": "To protect patient confidentiality, perform standard hemostatic care."
  },
  "edge_14": {
    "JA": "患者の信教の自由は尊重されるべきであるため通常通りに止血処置を行う。",
    "EN": "In recognition of the patient’s right to religious freedom, perform standard hemostatic care."
  },
  "node_5": {
    "JA": "あなたは、通常通りの止血処置を施しながら、虐待を発見したことを、報告しました。 -END-",
    "EN": "While providing standard hemostatic care, you reported the suspected abuse. -END-"
  },
  "node_6": {
    "JA": "あなたは通常通りの止血処置を施し、容体の安定を確認し、治療を終了しました。 -END-",
    "EN": "You performed standard hemostatic care, confirmed the patient’s stability, and completed treatment. -END-"
  },
  "node_4": {
    "JA": "あなたは、いくら宗教儀礼であっても、刃物で傷をつけることは危険な行為であることを両親に伝えました。両親は、説明を理解している様子でした。この後における適切な対応を、以下の選択肢より１つ選択してください。",
    "EN": "You informed the parents that, regardless of religious context, using a blade to inflict injury is a dangerous act. The parents appeared to understand your explanation. Please select the most appropriate response from the options below."
  },
  "edge_15": {
    "JA": "虐待と考えられるため、必要な処置を行った後に警察に通報する。",
    "EN": "As this is considered abuse, provide necessary care and report the case to the police."
  },
  "edge_16": {
    "JA": "虐待と考えられるため、必要な処置を行った後に児童相談所に相談する。",
    "EN": "As this is considered abuse, provide necessary care and consult the child consultation center."
  },
  "edge_17": {
    "JA": "患者の守秘義務を守るために通常通りに止血処置を行う。",
    "EN": "To maintain patient confidentiality, proceed with standard hemostatic treatment."
  }
}