{
  "node_1": {
    "JA": "-START- あなたは、診療所で働く医師です。あなたの元に患者が、遠方に住んでいる家族に連れられて来院しました。患者は85歳男性です。１か月前、患者は、軽乗用車を運転中にガ-ドレ-ルに接触し、頭をハンドルにぶつけ、その後、しばらく頭痛は続いていたそうです。それについては、現在症状はないそうです。さらに昨日、患者家族が患者の体に複数の打撲痕があるのを発見し、患者に確認したところ、患者が自損事故を起こした話をしたため、来院したそうです。２年前に運転免許の更新はできていたそうです。ただ、１年前から統合失調症と診断され、現在治療中であるとのことでした。更に、患者本人は事の重大さを理解していないような様子を見せています。この状況における対応として、あなたの考えに近いものを以下の選択肢から１つ選択してください。",
    "EN": "-START- You are a physician working at a clinic.# A patient was brought in by family members who live far away. @The patient is an 85-year-old male.@ One month ago, while driving a compact car, the patient collided with a guardrail and hit their head on the steering wheel. Headaches persisted for a while but have since resolved. Yesterday, the family discovered multiple bruises on the patient’s body. When questioned, the patient mentioned the prior accident, prompting the visit. The patient renewed their driver’s license two years ago but was diagnosed with schizophrenia one year ago and is currently under treatment. The patient appears unaware of the seriousness of the situation. Please select the response that best aligns with your view on how to proceed."
  },
  "edge_3": {
    "JA": "患者本人に、これ以上自動車運転を継続すると危険であるため、やめるように説得する。",
    "EN": "Persuade the patient to  stop driving, as continuing to do so is dangerous."
  },
  "edge_4": {
    "JA": "患者家族のみに、これ以上患者が自動車運転を継続すると危険であるため、患者の免許を返納するように説明する。",
    "EN": "Explain to the patient's family that continuing to drive is dangerous and recommend that the patient surrender their license."
  },
  "edge_5": {
    "JA": "患者の自動車運転を行う権利と患者の守秘義務を尊重し、様子を見る。",
    "EN": "Respect the patient’s right to drive and confidentiality, and continue monitoring the situation."
  },
  "edge_6": {
    "JA": "患者のことを公安委員会に通報する。",
    "EN": "Report the patient to the Public Safety Commission."
  },
  "node_3": {
    "JA": "患者本人に、このまま運転を続けると、重大な事故を起こす可能性があり、危険であることについて説明しました。患者は、説明を理解しているか疑わしい反応を示しました。この状況における対応として、あなたの考えに近いものを以下の選択肢から１つ選択してください。",
    "EN": "I explained to the patient that continuing to drive could result in a serious accident and is dangerous. The patient’s response suggested they may not have fully understood the explanation. Please choose the response that best reflects your approach."
  },
  "edge_7": {
    "JA": "患者が理解できるまで、説得を続ける。",
    "EN": "Continue efforts to persuade the patient until they understand."
  },
  "edge_8": {
    "JA": "患者家族にも、これ以上患者が自動車運転を継続すると危険であるため、やめさせるように説得する。",
    "EN": "Persuade the patient's family that continued driving is dangerous and encourage them to intervene."
  },
  "edge_9": {
    "JA": "患者の自動車運転を行う権利と患者の守秘義務を尊重し、様子を見る。",
    "EN": "Respect the patient’s right to drive and confidentiality, and continue monitoring the situation."
  },
  "node_4": {
    "JA": "患者家族に、このまま運転を続けると、重大な事故を起こす可能性があり、危険であることについて説明しました。患者家族はあなたの説明を聞き、気をつけると意思表明をしましたが、１ヶ月後、また患者は自損事故を引き起こし、来院しました。この状況における対応として、あなたの考えに近いものを以下の選択肢から１つ選択してください。",
    "EN": "I informed the patient's family that continuing to drive could result in a serious accident and is dangerous. The family acknowledged the explanation and agreed to be cautious. However, one month later, the patient caused another self-inflicted accident and returned to the clinic. Please select the most appropriate response."
  },
  "edge_10": {
    "JA": "患者と患者家族が納得できるまで、説得を続ける。",
    "EN": "Continue persuading the patient and family until they are convinced."
  },
  "edge_11": {
    "JA": "患者と患者家族に、再度患者の自動車運転は控えるように注意する。違反をしたら、公安委員会に通報する旨を伝える。",
    "EN": "Reiterate the importance of the patient ceasing to drive, and inform them that further violations will be reported to the Public Safety Commission."
  },
  "edge_12": {
    "JA": "注意を続けながら、様子を見る。",
    "EN": "Continue observing the situation while remaining vigilant."
  },
  "edge_13": {
    "JA": "周囲の安全を守るために、患者のことを公安委員会に通報する。",
    "EN": "Report the patient to the Public Safety Commission to ensure public safety."
  },
  "node_6": {
    "JA": "あなたは、患者の守秘義務を尊重し、公安委員会には通報せず、様子を見ることにしました。 -END-",
    "EN": "You decided to respect the patient's confidentiality and not report the case to the Public Safety Commission, opting instead to monitor the situation. -END-"
  },
  "node_7": {
    "JA": "あなたは、公安委員会に、患者のことを通報することにしました。 -END-",
    "EN": "You decided to report the patient to the Public Safety Commission. -END-"
  },
  "node_5": {
    "JA": "あなたは患者と患者家族に再度、患者の自動車運転をやめるように注意しました。運転をやめないようであれば、診断書と共に、公安委員会に届け出ることを伝えました。しかし、更に２週間後、また患者は自損事故を引き起こし、来院しました。この状況における対応として、あなたの考えに近いものを以下の選択肢から１つ選択してください。",
    "EN": "You again advised the patient and their family to stop the patient from driving and informed them that failure to comply would result in a report to the Public Safety Commission with a medical certificate. Two weeks later, the patient caused another self-inflicted accident and returned to the clinic. Please select the most appropriate response."
  },
  "edge_14": {
    "JA": "注意を続けながら、様子を見る。",
    "EN": "Continue observing the situation while remaining vigilant."
  },
  "edge_15": {
    "JA": "周囲の安全を守るために、患者のことを公安委員会に通報する。",
    "EN": "Report the patient to the Public Safety Commission to protect public safety."
  }
}