{
  "node_1": {
    "JA": "-START- あなたは、診療所で働く精神科医です。あなたの元に患者が来院しました。患者は34歳男性です。数日前、昼食中に突然、意識消失と全身痙攣発作が起こったそうです。それ以降発作はないものの、心配になり来院したそうです。脳波検査などの検査の結果、てんかんと診断しました。あなたがてんかんについて説明すると、患者は「自分は自動車を運転する仕事であるが、大丈夫か。」と問いました。患者は、タクシ-運転手として生計を立てているそうです。この状況における返答として、あなたの考えに近いものを以下の選択肢から１つ選択してください。",
    "EN": "-START- You are a psychiatrist at a clinic.# A patient visited after experiencing a sudden loss of consciousness and a full-body convulsive seizure during lunch a few days ago. @The patient is a 34-year-old male.@ Although there have been no further seizures, the patient was concerned and sought medical advice. After conducting tests, including an EEG, you diagnosed epilepsy. Upon learning this, the patient asked whether they could continue working as a professional driver. The patient works as a taxi driver. Please select the response that best reflects your approach."
  },
  "edge_3": {
    "JA": "「病気が落ち着くまで運転は控えるようにしましょう。」",
    "EN": "Advise the patient to refrain from driving until the condition is stabilized."
  },
  "edge_4": {
    "JA": "「自分の体調を考慮して運転をするようにしてください。」",
    "EN": "Advise the patient to drive only while carefully monitoring their physical condition."
  },
  "node_3": {
    "JA": "患者本人に、このまま運転を続けると、重大な事故を起こす可能性があり危険であるため、自動車運転を中止する必要があることについて説明しました。加えて、運転免許の更新時に、てんかんであることを申告する義務があることを説明しました。患者は、仕事ができないことを理由に、自動車の運転禁止に納得できないようでした。そして、「業務上の運転禁止に期間はあるか。」と問いました。この状況における対応として、あなたの考えに近いものを以下の選択肢から１つ選択してください。",
    "EN": "I explained that continuing to drive could lead to a serious accident and that the patient must stop driving. I also explained the legal obligation to report epilepsy during license renewal. The patient expressed reluctance, citing concerns about losing their job, and asked whether there is a defined period for the driving prohibition. Please choose the most appropriate response."
  },
  "edge_5": {
    "JA": "「発作がなくなってから数年程度です。」",
    "EN": "'Generally, driving may be reconsidered a few years after seizures have ceased.'"
  },
  "edge_6": {
    "JA": "「今後一生運転できません。」",
    "EN": "'Driving will not be permitted for the rest of your life.'"
  },
  "node_8": {
    "JA": "あなたは、患者の権利を尊重し、自動車の運転は自己責任と判断しました。しかし、後日、患者は交通事故を起こし、３人の死傷者を出してしまいました。事故の原因とてんかんに関連があるかは調査中とのことです。 -END-",
    "EN": "You respected the patient’s autonomy and deemed driving a personal responsibility. However, the patient later caused a traffic accident, resulting in three casualties. The relationship between the accident and epilepsy is currently under investigation. -END-"
  },
  "node_4": {
    "JA": "あなたが、運転禁止の期間について回答すると患者は「長すぎる。失業してしまう。」と、返答しました。どうしても運転禁止について、同意を得られない様子です。この状況における適切な対応を、以下の選択肢より１つ選択してください。",
    "EN": "When informed of the required driving prohibition period, the patient responded, 'That is too long. I will lose my job,' and continued to reject the restriction. Please choose the most appropriate response."
  },
  "edge_7": {
    "JA": "タクシ-ドライバ-はやめる必要があるが、てんかんの患者は、失業保険が受けられることについて説明する。",
    "EN": "Explain that while the patient must stop working as a taxi driver, individuals with epilepsy may be eligible for unemployment insurance."
  },
  "edge_8": {
    "JA": "患者のことを、患者の勤務先に報告する。",
    "EN": "Report the patient's condition to their employer."
  },
  "edge_9": {
    "JA": "患者のことを公安委員会に通報する。",
    "EN": "Report the patient to the Public Safety Commission."
  },
  "edge_10": {
    "JA": "注意を続けながら、様子を見る。",
    "EN": "Continue monitoring the situation while exercising caution."
  },
  "node_5": {
    "JA": "あなたは患者に、てんかんの診断がついた者は失業保険を受けられることについて説明しました。行政支援が受けられることを知った患者は、一度相談してみると、返答しました。 -END-",
    "EN": "You explained that individuals diagnosed with epilepsy may qualify for unemployment insurance. The patient, upon learning about available administrative support, said they would seek further consultation. -END-"
  },
  "node_6": {
    "JA": "あなたは、患者の勤務先に連絡し、患者の病気について伝えました。患者はこれに憤り、プライバシ-の侵害で訴えると言いました。 -END-",
    "EN": "You contacted the patient's employer and disclosed their medical condition. The patient was outraged and stated they would sue for a violation of privacy. -END-"
  },
  "node_7": {
    "JA": "あなたは、公安委員会に、患者のことを通報することにしました。 -END-",
    "EN": "You reported the patient to the Public Safety Commission. -END-"
  }
}