{
  "node_1": {
    "JA": "-START- あなたは、総合病院に勤務している内科の医師です。あなたの元に一人の患者が、あなたの勤務先の病院の事務員の紹介で来院しました。患者は60歳男性です。その患者は事務員と大学時代の同級生で友人であるそうです。診察と検査の結果、患者は、遠隔転移を伴う進行した肺がんと診断されました。数日後、紹介者である事務員から、患者の病状を尋ねられました。この状況における対応として、あなたの考えに近いものを以下の選択肢から１つ選択してください。",
    "EN": "-START- You are an internal medicine physician at a general hospital.# A patient was referred to you by a hospital clerk, who is a former college classmate and friend of the patient. @The patient is a 60-year-old male.@ After examination and diagnostic tests, the patient was diagnosed with advanced lung cancer with distant metastasis. A few days later, the referring clerk asked about the patient’s condition. Please choose the most appropriate response."
  },
  "edge_4": {
    "JA": "患者から紹介者への病状の説明に関する事前指示があるかどうかを確認する。",
    "EN": "Confirm whether the patient has given prior instructions regarding sharing their medical condition with the referrer."
  },
  "edge_5": {
    "JA": "まず、患者に病状を説明し、その上で紹介者に自身の病状を伝えるか聞く。",
    "EN": "First, explain the diagnosis to the patient, then ask whether they wish to inform the referrer."
  },
  "edge_6": {
    "JA": "患者家族に病状を説明し、その上で紹介者に患者の病状について伝えるかを聞く。",
    "EN": "Explain the condition to the patient's family, then ask if they wish to inform the referrer."
  },
  "edge_7": {
    "JA": "事務員に患者の病状について説明する。",
    "EN": "Disclose the patient’s condition to the hospital clerk."
  },
  "edge_8": {
    "JA": "患者の病状については答えられないと回答する。",
    "EN": "Respond that you cannot provide information about the patient’s condition."
  },
  "node_3": {
    "JA": "あなたは、事務員について代理権があるかどうか確認しました。患者には判断能力がある上、事務員に関する患者からの事前指示は見つかりませんでした。事務員からの問いかけに対するあなたの対応について、以下の選択肢から１つ選択してください。",
    "EN": "You confirmed that the clerk does not have legal authority to act on the patient's behalf. The patient is mentally competent, and no prior instructions regarding disclosure to the clerk were found. Please choose your response to the clerk’s inquiry."
  },
  "edge_9": {
    "JA": "まず、患者に病状を説明し、その上で紹介者に自身の病状を伝えるか聞く。",
    "EN": "First, explain the condition to the patient, then ask whether they wish to inform the referrer."
  },
  "edge_10": {
    "JA": "病状が重く、患者の精神に負担をかける恐れがあるため、患者家族に病状を説明し、その上で紹介者に患者の病状について伝えるかを聞く。",
    "EN": "Due to the severity of the condition and potential psychological impact, explain the condition to the patient's family, then ask whether to inform the referrer."
  },
  "edge_11": {
    "JA": "事務員に患者の病状について説明する。",
    "EN": "Disclose the patient's condition to the hospital clerk."
  },
  "edge_12": {
    "JA": "患者の病状については答えられないと回答する。",
    "EN": "Respond that you cannot provide information about the patient’s condition."
  },
  "node_4": {
    "JA": "あなたは、患者にとても重い病状であることを説明した上で、紹介者である事務員に伝えていいか尋ねました。患者は即答できず、「少し考えます。」と答えました。事務員に患者の病状について伝えますか。この状況における対応として、あなたの考えに近いものを以下の選択肢から１つ選択してください。",
    "EN": "After explaining the seriousness of the condition to the patient, you asked whether the clerk could be informed. The patient responded, 'I need some time to think.' Would you inform the clerk? Please choose the most appropriate response."
  },
  "edge_13": {
    "JA": "事務員に患者の病状について説明する。",
    "EN": "Disclose the patient's condition to the hospital clerk."
  },
  "edge_14": {
    "JA": "患者の病状については答えられないと回答する。",
    "EN": "Respond that you cannot provide information about the patient’s condition."
  },
  "node_5": {
    "JA": "患者の病状がとても重かったため、まず患者家族に病状を説明しました。その上で、紹介者に病状を伝えていいかと尋ねると、「患者と話し合いたいため、保留にしてください。」と答えました。事務員に患者の病状について伝えますか。この状況における対応として、あなたの考えに近いものを以下の選択肢から１つ選択してください。",
    "EN": "Due to the severity of the condition, you first explained it to the patient's family. When you asked whether the clerk could be informed, the family responded, 'Please hold off. We want to discuss it with the patient.' Would you inform the clerk? Please choose the most appropriate response."
  },
  "edge_15": {
    "JA": "事務員に患者の病状について、説明する。",
    "EN": "Disclose the patient's condition to the hospital clerk."
  },
  "edge_16": {
    "JA": "患者の病状については答えられないと回答する。",
    "EN": "Respond that you cannot provide information about the patient’s condition."
  },
  "node_6": {
    "JA": "あなたは、患者の病状について、紹介者である事務員に説明しました。 -END-",
    "EN": "You disclosed the patient's condition to the referring hospital clerk. -END-"
  },
  "node_7": {
    "JA": "あなたは、患者本人から許可を受けていない限り、患者の病状については答えられないと説明しました。 -END-",
    "EN": "You explained that you cannot provide information about the patient’s condition without the patient’s consent. -END-"
  }
}