{
  "node_1": {
    "JA": "-START- あなたは、人工透析を行っている診療所を経営する医師です。この診療所では、日常的に血液を扱うので、患者には全員、同意のうえでHIV検査を受けてもらっています。あなたの担当する患者について、HIV検査の結果が陽性であると報告を受けました。患者は、45歳男性です。この診療所ではHIV陽性患者は初めてのことであり、院長であるあなたは、どのように対処すべきか悩むこととなりました。まず検査結果の開示について、あなたの考えに近いものを以下の選択肢から１つ選択してください。",
    "EN": "-START- You are a physician managing a dialysis clinic.# Because the clinic routinely handles blood, all patients consent to HIV testing. You have received a report that a patient under your care tested positive for HIV. @The patient is a 45-year-old male.@ This is the clinic's first HIV-positive case, and as director, you are uncertain how to proceed. First, please select the option closest to your view regarding disclosure of the test results."
  },
  "edge_1": {
    "JA": "患者には検査結果が陽性であることを伝えない。現場スタッフには、検査結果を伝える",
    "EN": "Do not inform the patient of the positive test result, but inform the on-site staff."
  },
  "edge_2": {
    "JA": "患者には検査結果が陽性であることを伝えるが、現場スタッフには検査結果を知らせない",
    "EN": "Inform the patient of the positive test result, but do not disclose it to the on-site staff."
  },
  "edge_3": {
    "JA": "患者にも現場スタッフにも検査結果を伝える。伝える際には、差別がないようにと注意する",
    "EN": "Inform both the patient and on-site staff of the test results, taking care to prevent any discrimination during disclosure."
  },
  "node_2": {
    "JA": "あなたは、検査結果を現場のスタッフには共有することとしました。一方、患者への心理状態を配慮して、検査結果を伝えないこととしました。 -END-",
    "EN": "You decided to share the test results with on-site staff, but, considering the patient’s psychological state, did not disclose the results to the patient. -END-"
  },
  "node_3": {
    "JA": "あなたは、検査結果を患者には説明することとしました。一方、現場スタッフの混乱を防ぐために、現場の看護師や臨床工学技士には検査結果を伝えないこととしました。後日、現場の看護師がその患者の処置中に針刺事故を起こしてしまい、看護師を感染の危険に晒してしまいました。 -END-",
    "EN": "You chose to inform the patient of the test results but withheld the information from on-site nurses and clinical engineers to avoid confusion. Later, a nurse experienced a needlestick injury during the patient’s care, exposing the nurse to infection risk. -END-"
  },
  "node_4": {
    "JA": "現場スタッフにも検査結果について共有しました。後日、あなたは患者にスクリ-ニング検査でのHIV陽性について説明し、患者の同意を得た上で、確認検査を実施しました。その結果、HIVの確認検査でも結果は陽性であること、患者がHIVに感染していること、HIVについてとその治療が可能であることを説明しました。あなたが患者にパ-トナ-の有無を確認すると、その患者には配偶者がいること、更にその配偶者もあなたの診療所に通院していることが判明しました。HIVについて患者に配偶者のことを指摘すると、家族にだけは病気について知られたくないと訴えてきました。この状況における対応として、あなたの考えに近いものを以下の選択肢から１つ選択してください。",
    "EN": "The test results were shared with on-site staff. Subsequently, you explained the initial positive HIV screening result to the patient and, with consent, performed a confirmatory test. Confirmatory testing also yielded a positive result, confirming HIV infection. You explained HIV and its treatability. When asked, the patient disclosed having a spouse who also attends your clinic. Upon discussing the spouse, the patient requested that the family remain uninformed. Please select the option closest to your view on how to proceed in this situation."
  },
  "edge_4": {
    "JA": "患者に、HIV陽性について患者の配偶者に伝えるように説得する",
    "EN": "Persuade the patient to inform their spouse of the HIV-positive status."
  },
  "edge_5": {
    "JA": "患者に、HIV感染のリスクを伴う行為を行わないように指示する",
    "EN": "Instruct the patient to avoid behaviors that risk HIV transmission."
  },
  "edge_6": {
    "JA": "患者の配偶者の来院時に、患者のHIV陽性について説明する",
    "EN": "Inform the patient’s spouse of the HIV-positive status during their clinic visit."
  },
  "edge_7": {
    "JA": "患者の意思を尊重し、様子を見る",
    "EN": "Respect the patient’s wishes and monitor the situation."
  },
  "node_5": {
    "JA": "患者はHIVについて、家族にだけはどうしても知られたくないと訴えます。この状況における対応として、あなたの考えに近いものを以下の選択肢から１つ選択してください。",
    "EN": "The patient insists that family  members should not be informed of their HIV status. Please select the option closest to your view on how to respond."
  },
  "edge_8": {
    "JA": "HIV陽性について患者の配偶者に伝えることを患者の同意が得られるまで説得する。",
    "EN": "Persuade the patient to consent to informing their spouse of the HIV-positive status."
  },
  "edge_9": {
    "JA": "患者に、HIV感染のリスクを伴う行為を行わないように指示する",
    "EN": "Instruct the patient to avoid behaviors that risk HIV transmission."
  },
  "edge_10": {
    "JA": "患者の配偶者の来院時に、患者のHIV陽性について説明する。",
    "EN": "Inform the patient’s spouse of the HIV-positive status during their clinic visit."
  },
  "edge_11": {
    "JA": "患者の意思を尊重し、様子を見る。",
    "EN": "Respect the patient’s wishes and monitor the situation."
  },
  "node_6": {
    "JA": "あなたは、患者に対し、感染のリスクを伴う行為は行わないように指示しました。患者はその指示について、了承しました。患者の配偶者を感染から守るために、他にするべき対応として、あなたの考えに近いものを以下の選択肢から１つ選択してください。",
    "EN": "You instructed the patient to avoid behaviors that risk infection, and the patient agreed. To further protect the spouse, please select the option closest to your view."
  },
  "edge_12": {
    "JA": "患者の配偶者の来院時に、患者のHIV陽性について説明する",
    "EN": "Inform the patient’s spouse of the HIV-positive status during their clinic visit."
  },
  "edge_13": {
    "JA": "患者の意思を尊重し、様子を見る",
    "EN": "Respect the patient’s wishes and monitor the situation."
  },
  "edge_14": {
    "JA": "患者にカウンセリングを施し、患者の秘密に対する行動変容を促す",
    "EN": "Provide counseling to the patient to encourage behavioral changes regarding confidentiality."
  },
  "node_7": {
    "JA": "あなたは、患者の配偶者に、患者のHIVのことを伝えました。 -END-",
    "EN": "You informed the patient’s spouse of the patient’s HIV status. -END-"
  },
  "node_8": {
    "JA": "あなたは、患者の意思を尊重し、あなたからは直接、患者の配偶者に患者のHIV陽性について伝えないことに決めました。 -END-",
    "EN": "You respected the patient’s wishes and decided not to inform the spouse directly about the HIV-positive status. -END-"
  }
}