{
  "node_1": {
    "JA": "-START- あなたは、内科病棟で働く研修医です。あなたの担当している入院患者についてです。患者は72歳女性です。患者は、感染性心内膜炎で入院しており、あなたは標準治療である抗菌薬の静脈内投与を1 4 日間継続して行う予定で、その旨を患者と付き添いの患者家族に説明しました。そして、あなたは手書きの点滴指示書を、担当の看護師に手渡しました。しかし、看護師と病棟薬剤師は、読みにくい手書き文字を読み間違え、誤った投与量の点滴をおこなってしまいました。この際、看護師と病棟薬剤師から、あなたに、点滴指示の確認はありませんでした。あなたは点滴２日目にこの事態に気付きましたが、幸い患者に重大な悪化はみられなかったため、この日から投与量を修正しました。この状況における対応として、あなたの考えに近いものを以下の選択肢から１つ選択してください。",
    "EN": "-START- You are a resident in an internal medicine ward caring for a hospitalized patient.# @The patient is a 72-year-old female.@ The patient is admitted for infective endocarditis. You planned to administer intravenous antibiotics for 14 days as standard treatment and explained this plan to the patient and accompanying family. You handed a handwritten infusion order to the nurse in charge. However, the nurse and ward pharmacist misread the difficult handwriting and administered an incorrect dosage. Neither confirmed the order with you. You noticed the error on day two, but, as the patient did not deteriorate, you corrected the dosage. Please select the option closest to your view on how to respond."
  },
  "edge_7": {
    "JA": "病院にインシデント報告を行い、再発防止策について検討する。",
    "EN": "Report the incident to the hospital and consider measures to prevent recurrence."
  },
  "edge_8": {
    "JA": "このようなミスを起こさないように看護師と薬剤師を厳しく注意する。",
    "EN": "Strictly reprimand the nurse and pharmacist to prevent such errors."
  },
  "edge_9": {
    "JA": "患者には、不利益は生じていないため、この件については患者には知らせない。",
    "EN": "Do not inform the patient, as no harm occurred."
  },
  "edge_10": {
    "JA": "患者に不要な不安を与えてしまうため、この件については患者には知らせない。",
    "EN": "Do not inform the patient to avoid causing unnecessary anxiety."
  },
  "edge_11": {
    "JA": "患者と患者家族に謝罪し、投与量にミスがあったことを説明する。",
    "EN": "Apologize to the patient and family and explain the dosage error."
  },
  "edge_12": {
    "JA": "この問題について、ミスを犯した看護師に説明を依頼する。",
    "EN": "Request that the nurse involved explain the incident."
  },
  "node_3": {
    "JA": "あなたは、病院にインシデント報告を行い、再発防止策について検討しました。この後の対応について、あなたの考えに近いものを以下の選択肢から１つ選択してください。",
    "EN": "You reported the incident and considered recurrence prevention. Please select the option closest to your view on the next steps."
  },
  "edge_13": {
    "JA": "このようなミスを起こさないように看護師と薬剤師を厳しく注意する。",
    "EN": "Strictly reprimand the nurse and pharmacist to prevent such errors."
  },
  "edge_14": {
    "JA": "患者には、不利益は生じていないため、この件については患者には知らせない。",
    "EN": "Do not inform the patient, as no harm occurred."
  },
  "edge_15": {
    "JA": "患者に不要な不安を与えてしまうため、この件については患者には知らせない。",
    "EN": "Do not inform the patient to avoid causing unnecessary anxiety."
  },
  "edge_16": {
    "JA": "患者と患者家族に謝罪し、投与量にミスがあったことを説明する。",
    "EN": "Apologize to the patient and family and explain the dosage error."
  },
  "edge_17": {
    "JA": "この問題について、ミスを犯した看護師に説明を依頼する。",
    "EN": "Request that the nurse involved explain the incident."
  },
  "node_4": {
    "JA": "あなたは、ミスをした看護師と病棟薬剤師を厳しく叱責し、２度とこのようなミスを犯さないように注意しました。この後の対応について、あなたの考えに近いものを以下の選択肢から１つ選択してください。",
    "EN": "You strictly reprimanded the nurse and pharmacist, warning them against repeating the error. Please select the option closest to your view on subsequent actions."
  },
  "edge_18": {
    "JA": "病院にインシデント報告を行い、再発防止策について検討する。",
    "EN": "Report the incident to the hospital and consider recurrence prevention measures."
  },
  "edge_19": {
    "JA": "患者には、不利益は生じていないため、この件については患者には知らせない。",
    "EN": "Do not inform the patient, as no harm occurred."
  },
  "edge_20": {
    "JA": "患者に不要な不安を与えてしまうため、この件については患者には知らせない。",
    "EN": "Do not inform the patient to avoid unnecessary anxiety."
  },
  "edge_21": {
    "JA": "患者と患者家族に謝罪し、投与量にミスがあったことを説明する。",
    "EN": "Apologize to the patient and family and explain the dosage error."
  },
  "edge_22": {
    "JA": "この問題について、ミスを犯した看護師に説明を依頼する。",
    "EN": "Request that the nurse involved explain the incident."
  },
  "node_5": {
    "JA": "あなたは患者と患者家族に、薬剤の投与量ミスがあったことを説明しました。幸い、患者の体には大きな有害事象が認められないまま、程なくして患者は退院していきました。 -END-",
    "EN": "You explained the dosage error to the patient and family. Fortunately, the patient was discharged shortly thereafter without significant adverse effects. -END-"
  },
  "node_6": {
    "JA": "患者は、何も知らないまま退院していきました。 -END-",
    "EN": "The patient was discharged without knowledge of the incident. -END-"
  }
}