{
  "node_1": {
    "JA": "-START- あなたは、総合病院に勤務する内科の医師です。あなたの担当する患者についてです。その患者は、35歳女性です。患者は、慢性腎臓病で10年間通院し、治療を受けています。診察中、患者は、直近10年間の医療記録開示の希望を病院の窓口に伝えたところ、開示を希望する理由が必要であると断られたことについて話しました。患者は、「開示の理由を示さないと自分の診療記録が見れないのはおかしい。」と訴えています。この状況における対応として、あなたの考えに近いものを以下の選択肢から１つ選択してください。",
    "EN": "-START- You are a physician in the internal medicine department of a general hospital.# This case concerns a patient who has been receiving treatment for chronic kidney disease for the past 10 years. @The patient is a 35-year-old female.@ During a consultation, the patient reported that a request to access medical records from the past decade was denied at the hospital's reception desk on the grounds that a reason for the request was required. The patient expressed concern, stating, “It is unreasonable to be denied access to my own medical records just because I did not provide a reason.” Please select the option that best reflects your perspective on how to respond to this situation."
  },
  "edge_4": {
    "JA": "開示を希望する理由を尋ねる。",
    "EN": "Ask the patient for the reason behind the disclosure request."
  },
  "edge_5": {
    "JA": "患者にカルテの開示範囲を確認してその部分のみをその場でコピ-し、患者に手渡す",
    "EN": "Confirm the scope of the requested disclosure, copy only the relevant portion on-site, and provide it to the patient."
  },
  "edge_6": {
    "JA": "患者にカルテの原本を手渡し、患者の手元で預かってもらう。",
    "EN": "Hand over the original medical record to the patient for safekeeping."
  },
  "edge_7": {
    "JA": "病院の手続き上、開示の請求理由が必要であるため、正当な理由と考えられるものを医師の判断で記載する。",
    "EN": "Since hospital policy requires a reason for disclosure, record a reason that appears legitimate based on clinical judgment."
  },
  "edge_8": {
    "JA": "病院が認めた場合のみ開示ができると説明する。",
    "EN": "Explain that disclosure is permitted only with hospital approval."
  },
  "node_3": {
    "JA": "患者は、「理由がないといけないのですか。」と返答した。明確な理由について、はっきりした回答が得られませんでした。この後の対応として、あなたの考えに近いものを以下の選択肢から１つ選択してください。",
    "EN": "The patient asked, “Is a reason really necessary?” but did not provide a clear explanation. Please choose the option that best reflects your intended response to this situation."
  },
  "edge_9": {
    "JA": "患者にカルテの開示範囲を確認してその部分のみをその場でコピ-し、患者に手渡す",
    "EN": "Confirm the scope of the requested disclosure, copy only the relevant portion on-site, and provide it to the patient."
  },
  "edge_10": {
    "JA": "患者にカルテの原本を手渡し、患者の手元で預かってもらう。",
    "EN": "Hand over the original medical record to the patient for safekeeping."
  },
  "edge_11": {
    "JA": "病院の手続き上、開示の請求理由が必要であるため、正当な理由と考えられるものを医師の判断で記載する。",
    "EN": "Since hospital policy requires a reason for disclosure, record a reason that appears legitimate based on clinical judgment."
  },
  "edge_12": {
    "JA": "病院が認めた場合のみ開示ができると説明する。",
    "EN": "Explain that disclosure is permitted only with hospital approval."
  },
  "node_4": {
    "JA": "あなたは患者にカルテを開示しました。患者は納得した様子で、「この開示にお金はかかるのか。」と問いました。この後の対応として、あなたの考えに近いものを以下の選択肢から１つ選択してください。",
    "EN": "You disclosed the medical record. The patient appeared satisfied and asked, “Is there a cost for this disclosure?” Please choose the response that best reflects your view."
  },
  "edge_13": {
    "JA": "開示にかかる事務手数料として、医師が必要な額を設定し請求する。その額は、窓口に連絡する。",
    "EN": "Set and charge a reasonable administrative fee, and inform the patient to confirm the amount at the reception desk."
  },
  "edge_14": {
    "JA": "特別な対応をしているため、医師が自由に金額を設定し請求する。",
    "EN": "Since this involves a special arrangement, the physician may freely determine and charge the fee."
  },
  "edge_15": {
    "JA": "患者は無償で自身の診療記録を開示する権利があるため、開示は無償で行う。",
    "EN": "Since patients have the right to access their own medical records free of charge, the disclosure will be provided at no cost."
  },
  "node_5": {
    "JA": "病院の方針として、正当な理由がない場合にはカルテを開示できないと伝えました。 -END-",
    "EN": "You informed the patient that, in accordance with hospital policy, medical records cannot be disclosed without a valid reason. -END-"
  },
  "node_6": {
    "JA": "あなたは、開示にかかる費用と自身の手間を鑑みて、料金を設定し、患者に請求しました。 -END-",
    "EN": "You set a fee for the disclosure, taking into account both administrative costs and your time, and billed the patient. -END-"
  },
  "node_7": {
    "JA": "あなたは、患者は無償で自身の医療記録を開示する権利があると考え、患者に費用は請求しませんでした。 -END-",
    "EN": "Believing that patients have the right to access their medical records at no cost, you did not charge a fee. -END-"
  }
}