{
  "node_1": {
    "JA": "-START- あなたは、診療所で働く産婦人科の指定医です。あなたの元に妊婦が一人で来院しました。妊婦は36歳女性です。妊婦は、現在妊娠21週であり、経済的な理由から、中絶を希望しています。妊婦は健康な上、22週における胎児の検査では何も異常を認めませんでした。この状況における対応として、あなたの考えに近いものを以下の選択肢から１つ選択してください。",
    "EN": "-START- You are a designated obstetrician working in a clinic.# A pregnant woman has arrived alone. @The patient is a 36-year-old female.@ She is currently 21 weeks pregnant and requests an abortion for financial reasons. The patient is healthy, and fetal examination at 22 weeks revealed no abnormalities. Please select the option closest to your response from the choices below."
  },
  "edge_6": {
    "JA": "中絶を希望する理由について詳しく尋ねる。",
    "EN": "Inquire in detail about the reasons for requesting an abortion."
  },
  "edge_7": {
    "JA": "中絶には配偶者の同意が必要であることを説明する。",
    "EN": "Explain that spousal consent is required for an abortion."
  },
  "edge_8": {
    "JA": "倫理委員会に相談する。",
    "EN": "Consult the ethics committee."
  },
  "edge_9": {
    "JA": "妊婦の希望通り、中絶を行う方針を伝える。",
    "EN": "Inform the patient that the abortion will proceed according to their wishes."
  },
  "edge_10": {
    "JA": "中絶を行ってはならないことを説明する。",
    "EN": "Explain that abortion must not be performed."
  },
  "node_3": {
    "JA": "中絶を希望する理由について詳しく尋ねると、妊婦は、夫が避妊に協力してくれないことと、家族計画について話し合えていないこと、そしてその結果、経済的に苦しい状況にあることについて語りました。この妊婦は、配偶者である夫から性暴力を含む暴力を受けている可能性が考えられます。この状況における対応として、あなたの考えに近いものを以下の選択肢から１つ選択してください。",
    "EN": "When asked about the reasons for seeking abortion, the patient explained that her spouse does not cooperate with contraception, they have not discussed family planning, and she faces financial hardship. There is a possibility that the patient experiences violence, including sexual violence, from the spouse. Please select the option closest to your response from the choices below."
  },
  "edge_11": {
    "JA": "配偶者虐待は通報義務があるため、警察に通報する。",
    "EN": "Since there is a legal duty to report spousal abuse, report it to the police."
  },
  "edge_12": {
    "JA": "配偶者虐待について暴力相談支援センタ-へ相談する。",
    "EN": "Consult the Violence Consultation Support Center regarding spousal abuse."
  },
  "edge_13": {
    "JA": "妊婦に家庭内暴力について説明した上で、シェルタ-を紹介する。",
    "EN": "Explain domestic violence to the patient and refer them to a shelter."
  },
  "edge_14": {
    "JA": "虐待を行っているかどうか、妊婦の夫に直接話を聞く。",
    "EN": "Directly ask the spouse whether abuse is occurring."
  },
  "edge_15": {
    "JA": "妊婦の希望通り、中絶を行う方針を伝える。",
    "EN": "Inform the patient that the abortion will proceed according to their wishes."
  },
  "node_4": {
    "JA": "あなたは、中絶を行うには、配偶者の同意も必要なことを説明しました。すると、妊婦は困惑した様子で「恐らく同意は得られないです。」と回答しました。この状況における対応として、あなたの考えに近いものを以下の選択肢から１つ選択してください。",
    "EN": "You explained that spousal consent is required for abortion. The patient, appearing confused, stated, 'I probably will not obtain consent.' Please select the option closest to your response from the choices below."
  },
  "edge_16": {
    "JA": "中絶を希望する理由について詳しく尋ねる。",
    "EN": "Inquire in detail about the reasons for requesting an abortion."
  },
  "edge_17": {
    "JA": "患者の希望通り、中絶を行う方針を伝える。",
    "EN": "Inform the patient that the abortion will proceed according to their wishes."
  },
  "edge_18": {
    "JA": "配偶者である夫の同意を得ないと、中絶は行えないと伝える。",
    "EN": "Explain that abortion cannot be performed without the spouse's consent."
  },
  "node_5": {
    "JA": "院内の倫理委員会からの回答は、「まずは夫婦でよく話し合い、夫婦双方の意向を明確にした上で、実施するか判断するように」との回答がありました。この状況における対応として、あなたの考えに近いものを以下の選択肢から１つ選択してください。",
    "EN": "The hospital ethics committee responded: 'First, the couple should discuss thoroughly, clarify both parties' intentions, and then decide whether to proceed.' Please select the option closest to your response from the choices below."
  },
  "edge_19": {
    "JA": "中絶には、配偶者の同意が必要であることを説明し、夫婦でよく話し合うことを勧める。",
    "EN": "Explain that spousal consent is required for abortion and recommend a thorough discussion between the couple."
  },
  "edge_20": {
    "JA": "配偶者である夫の同意を得ないと、中絶は行えないと伝える。",
    "EN": "Explain that abortion cannot be performed without the spouse's consent."
  },
  "node_10": {
    "JA": "あなたは患者の意向に従い、中絶を実施する方針としました。 -END-",
    "EN": "You have decided to perform the abortion in accordance with the patient's wishes. -END-"
  },
  "node_11": {
    "JA": "あなたは中絶を行わないこととしました。 -END-",
    "EN": "You have decided not to perform the abortion. -END-"
  },
  "node_6": {
    "JA": "あなたは通報することに決めました。通報する際に、妊婦の個人情報を通報先に伝えることについて、妊婦の同意をとりますか。あなたの考えに近いものを以下の選択肢から１つ選択してください。",
    "EN": "You decided to report the abuse. When reporting, do you obtain the patient's consent to share her personal information with the authorities? Please select the option closest to your response from the choices below."
  },
  "edge_21": {
    "JA": "通報について、妊婦の意向を聞き、同意をとる。",
    "EN": "Obtain the patient's consent regarding the report."
  },
  "edge_22": {
    "JA": "医師は、配偶者虐待について、通報義務があるため同意は必要ない。",
    "EN": "The physician does not require consent to report spousal abuse due to the legal duty to report."
  },
  "node_7": {
    "JA": "あなたは妊婦の同意をとり、妊婦を保護することにしました。 -END-",
    "EN": "You obtained the patient's consent and decided to protect her. -END-"
  },
  "node_9": {
    "JA": "あなたは、妊婦の夫に虐待の有無を直接確認することにしました。妊婦は、あなたの元には受診しなくなりました。 -END-",
    "EN": "You decided to directly question the spouse about possible abuse. The patient ceased visiting your clinic. -END-"
  },
  "node_8": {
    "JA": "あなたは、妊婦に、通報の有無を伝えないまま、配偶者虐待の通報を行いました -END-",
    "EN": "You reported the spousal abuse without informing the patient whether a report was filed. -END-"
  }
}