{
  "node_1": {
    "JA": "-START- あなたは救急部の医師です。1ヶ月前に転落で頭部外傷を負い搬送され、緊急入院した患者についてです。患者は12歳男性です。その患者は、蘇生処置で救命されたものの、48時間経過しても意識は戻らず、自発呼吸もなく、他の検査所見も合わせて脳死状態であると考えられます。患者家族に、患者が脳死状態であることについて説明すると、「回復の希望が見られないのであれば、世の役に立ってほしい。」と、患者の臓器提供について、積極的な姿勢が見られました。一方で、患者は臓器提供意思表示カ-ドを持っておらず、臓器提供について明確な意思表示は見られません。この状況における対応として、あなたの考えに近いものを以下の選択肢から１つ選択してください。",
    "EN": "-START- You are a physician in the emergency department. This case involves a patient urgently admitted one month ago after a head injury from a fall. @The patient is a 12-year-old male.@ Despite resuscitation, the patient has not regained consciousness or spontaneous breathing after 48 hours, and other tests indicate brain death. When explaining this to the family, they expressed willingness for organ donation, stating, “If there is no hope for recovery, we would like the patient to contribute to society.” The patient does not have an organ donation card or clear documented wishes. Please select the option that best aligns with your approach. "
  },
  "edge_4": {
    "JA": "この件について、倫理委員会に相談する。",
    "EN": "I will consult the ethics committee regarding this matter."
  },
  "edge_5": {
    "JA": "患者家族に、患者が普段から、臓器提供の意思について何か言っていたか確認する。",
    "EN": "Confirm with the family whether the patient ever expressed intentions regarding organ donation."
  },
  "edge_6": {
    "JA": "患者家族の意思を尊重し、脳死判定の検査を行う。",
    "EN": "Respecting the family's wishes, proceed with brain death determination tests."
  },
  "edge_7": {
    "JA": "患者本人の意思が不明であるため、臓器提供はできないと説明する。",
    "EN": "Explain that organ donation cannot proceed because the patient's wishes are unknown."
  },
  "node_3": {
    "JA": "倫理委員会からは、「患者の家族の臓器移植の同意があれば、臓器移植は可能です。」と回答がありました。",
    "EN": "The ethics committee responded, 'Organ transplantation is possible if the patient's family consents.'"
  },
  "edge_8": {
    "JA": "患者家族に、患者が普段から、臓器提供の意思について何か言っていたか確認する。",
    "EN": "Confirm with the family if the patient had ever expressed intentions regarding organ donation."
  },
  "edge_9": {
    "JA": "患者家族の意思を尊重し、脳死判定の検査を行う。",
    "EN": "Respecting the family's wishes, conduct brain death determination tests."
  },
  "node_4": {
    "JA": "あなたは、患者家族に、患者は普段から臓器移植についての意思表示をしていたかを確認しました。患者家族は、「普段から、人の役に立つように教育してきた。」、「人の役に立てるのなら、この子も本望だと思う。」と回答しました。患者本人の臓器提供に関する意向として、はっきりしたものは見出せませんでした。この状況における対応として、あなたの考えに近いものを以下の選択肢から１つ選択してください。",
    "EN": "You confirmed with the family whether the patient had expressed organ donation intentions. The family stated they were raised to be helpful to others and believe the patient would wish to help if possible. However, no clear indication of the patient's own wishes was found. Please select the option that best reflects your response."
  },
  "edge_10": {
    "JA": "患者家族の意思を尊重し、脳死判定の検査を行う。",
    "EN": "Respect the family's wishes and conduct brain death determination tests."
  },
  "edge_11": {
    "JA": "虐待が疑われるため、臓器提供はできないと回答する。",
    "EN": "Decline organ donation due to suspected abuse."
  },
  "edge_12": {
    "JA": "患者本人の意思が不明であるため、臓器提供はできないと説明する。",
    "EN": "Explain that organ donation cannot proceed because the patient's intentions are unknown."
  },
  "edge_13": {
    "JA": "患者の心停止後に、臓器の移植を実施する方針とする。",
    "EN": "Plan to perform organ transplantation after the patient's cardiac arrest."
  },
  "node_5": {
    "JA": "脳死判定の結果、脳死が確定しました。患者の父親と弟は、肝臓に疾患を持っており、移植を待っている状態です。両者とも医学的な適合については問題ありません。レシピエントをどのように選定しますか？あなたの考えに近いものを以下の選択肢から１つ選択してください。",
    "EN": "Brain death was confirmed. The patient's father and younger brother both suffer from liver disease and are awaiting transplantation. Both are medically compatible. How would you select the recipient? Please select the option closest to your view. "
  },
  "edge_14": {
    "JA": "院内の移植臓器を必要としている患者をレシピエントとする。",
    "EN": "Select a patient within the hospital who requires a transplant as the recipient."
  },
  "edge_15": {
    "JA": "日本臓器移植ネットワ-クを通してレシピエントを選択する。",
    "EN": "Select the recipient through the Japan Organ Transplant Network."
  },
  "edge_16": {
    "JA": "患者家族の意向に従い、患者の父親をレシピエントとする。",
    "EN": "Follow the family's wishes and select the patient's father as the recipient."
  },
  "edge_17": {
    "JA": "年齢がより若い患者の弟をレシピエントとする。",
    "EN": "Select the younger brother as the recipient."
  },
  "edge_18": {
    "JA": "法律に従い、患者の父親をレシピエントとする。",
    "EN": "Select the patient's father as the recipient in accordance with the law."
  },
  "node_6": {
    "JA": "あなたは、臓器移植を行いませんでした。 -END-",
    "EN": "You did not perform an organ transplant. -END-"
  },
  "node_7": {
    "JA": "あなたは、臓器移植を行いました。 -END-",
    "EN": "You performed an organ transplant. -END-"
  }
}