{
  "node_1": {
    "JA": "-START- あなたは、緩和ケア病棟で働く内科医です。あなたの担当している入院患者についてです。患者は80歳男性です。その患者は、再発した急性白血病のため入院し、化学療法を受けているものの、回復の見込みはほとんどないと考えられる状態です。患者の意識ははっきりしており、自分の診断名および予後についても十分理解しています。そして、患者は不必要な延命治療は受けたくないと意思表示し、延命治療拒否（DNAR）を求めています。この状況における対応として、あなたの考えに近いものを以下の選択肢から１つ選択してください。",
    "EN": "-START- You are an internist in a palliative care ward.# This concerns inpatient with recurrent acute leukemia undergoing chemotherapy but with little chance of recovery. @The patient is an 80-year-old male.@ The patient is fully conscious and understands their diagnosis and prognosis. The patient has expressed a wish to avoid unnecessary life-prolonging treatments and requested a Do Not Attempt Resuscitation (DNAR) order. Please select the option that best reflects your response to this situation."
  },
  "edge_3": {
    "JA": "患者を救うのが医師の役目であることを説明し、再考を促す。",
    "EN": "Explain to the patient that it is the physician's role to save lives and encourage reconsideration."
  },
  "edge_4": {
    "JA": "患者本人のみにDNARの説明をした上で患者の同意を取り、DNAR指示を出す。",
    "EN": "Explain DNAR only to the patient, obtain their consent, and issue the DNAR order."
  },
  "edge_5": {
    "JA": "患者と患者家族にDNARの説明をした上で、患者の同意を取り、DNAR指示を出す。",
    "EN": "Explain DNAR to the patient and their family, obtain the patient's consent, and issue the DNAR order."
  },
  "node_3": {
    "JA": "翌日、患者の血液検査の結果、血清カリウム値が7.5mEg/Lと非常に高く、重度の高カリウム血症を起こしていることがわかりました。一方で、患者に自覚症状はありません。重度の高カリウム血症は、早急に対応しなければ、心停止による生命の危険があります。それを防ぐためには、血中カリウム濃度を下げるための応急処置が必要と考えられます。この状況における対応として、あなたの考えに近いものを以下の選択肢から１つ選択してください。",
    "EN": "The next day, blood tests revealed a serum potassium level of 7.5 mEq/L, indicating severe hyperkalemia. The patient has no symptoms. Severe hyperkalemia poses an imminent risk of cardiac arrest and requires urgent treatment to lower potassium levels. Please select the option closest to your response."
  },
  "edge_6": {
    "JA": "血中カリウム濃度を下げるための応急処置を開始する。",
    "EN": "Begin emergency treatment to lower serum potassium."
  },
  "edge_7": {
    "JA": "高カリウム血症をこれ以上悪化させないための食事療法を提案する。",
    "EN": "Propose dietary therapy to prevent worsening hyperkalemia."
  },
  "edge_8": {
    "JA": "高カリウム血症について積極的な治療は行わない。",
    "EN": "Do not initiate active treatment for hyperkalemia."
  },
  "node_4": {
    "JA": "あなたは、患者の延命治療拒否の希望についてカルテに記載し、DNAR指示を出すことにしました。",
    "EN": "You documented the patient's refusal of life-prolonging treatment and issued a DNAR order."
  },
  "edge_9": {
    "JA": "次へ。",
    "EN": "Next."
  },
  "node_5": {
    "JA": "あなたは、血中カリウム濃度を下げるための処置として、インスリンとブドウ糖を投与し、血清カリウムの追跡を開始しました。",
    "EN": "You administered insulin and glucose to lower potassium levels and began monitoring serum potassium."
  },
  "edge_10": {
    "JA": "次へ。",
    "EN": "Next."
  },
  "node_6": {
    "JA": "あなたは、積極的な治療を行わないという患者の意向を尊重し、血中カリウム濃度がこれ以上上がらないように療法食を提案しました。",
    "EN": "You respected the patient's wish to avoid aggressive treatment and proposed a therapeutic diet to prevent further potassium increase."
  },
  "edge_11": {
    "JA": "次へ。",
    "EN": "Next."
  },
  "node_7": {
    "JA": "あなたは、DNAR指示を出している患者の意向に従い、高カリウム血症の積極的な治療は行わないこととしました。",
    "EN": "You decided not to treat hyperkalemia actively in accordance with the patient's DNAR directive."
  },
  "edge_12": {
    "JA": "次へ。",
    "EN": "Next."
  },
  "node_8": {
    "JA": "その二日後、患者が呼吸をしていないと看護師から報告がありました。あなたが駆けつけた時には、患者の頸動脈は拍動を触知できず、迅速な心肺蘇生法が必要であると判断されました。この状況における対応として、あなたの考えに近いものを以下の選択肢から１つ選択してください。",
    "EN": "Two days later, a nurse reported the patient was not breathing. On arrival, you found no carotid pulse and determined immediate cardiopulmonary resuscitation was necessary. Please select the option that best reflects your response."
  },
  "edge_13": {
    "JA": "直ちに心肺蘇生法を開始する。",
    "EN": "Immediately begin cardiopulmonary resuscitation."
  },
  "edge_14": {
    "JA": "心肺蘇生法は行わない。",
    "EN": "Do not perform cardiopulmonary resuscitation."
  },
  "node_9": {
    "JA": "あなたは懸命に治療を行いましたが、患者は蘇生せずに、そのまま亡くなりました。 -END-",
    "EN": "Despite efforts, the patient did not revive and passed away. -END-"
  },
  "node_10": {
    "JA": "そのまま、患者は亡くなり、あなたは死亡確認を行いました。 -END-",
    "EN": "The patient passed away, and you confirmed the death. -END-"
  }
}