{
  "node_1": {
    "JA": "-START- あなたは、緩和ケア病棟で働く内科医です。あなたの担当している患者についてです。患者は68歳女性です。その患者は、発熱、咳、喀痰、息切れを伴う誤嚥性肺炎と診断されました。患者は、3ヶ月前の交通事故で頸髄を損傷し、それにより四肢に不全麻痺が生じています。今回の誤嚥性肺炎もこの不全麻痺が原因となっていると考えられます。更に、患者は長らく睡眠障害と抑うつ傾向に悩まされているそうです。患者は、抗菌薬による肺炎の治療の中止を求め、このまま死に至ることを希望しています。この状況における対応として、あなたの考えに近いものを以下の選択肢から１つ選択してください。",
    "EN": "-START- You are an internist working in a palliative care ward.# This concerns a patient under your care. @The patient is a 68-year-old female.@ They have been diagnosed with aspiration pneumonia, accompanied by fever, cough, sputum, and dyspnea. Three months ago, the patient sustained a spinal cord injury in a traffic accident, resulting in incomplete paralysis of the limbs. This paralysis is believed to contribute to the pneumonia. Additionally, the patient has long suffered from sleep disturbances and depressive symptoms. The patient requests discontinuation of antibiotic treatment and wishes to allow natural death. Please select the option closest to your intended response."
  },
  "edge_4": {
    "JA": "肺炎治療の中止について、患者に詳しい理由を尋ねる。",
    "EN": "Ask the patient to explain in detail their reasons for discontinuing pneumonia treatment."
  },
  "edge_5": {
    "JA": "肺炎治療の中止について、患者の家族に相談する。",
    "EN": "Consult with the patient's family about discontinuing pneumonia treatment."
  },
  "edge_6": {
    "JA": "患者の意向に従い、治療拒否の指示について書面で同意を取る。",
    "EN": "Obtain written consent from the patient regarding refusal of treatment, in accordance with their wishes."
  },
  "edge_7": {
    "JA": "患者の抑うつ状態について精神科に相談する。",
    "EN": "Consult a psychiatrist regarding the patient's depressive state."
  },
  "edge_8": {
    "JA": "肺炎治療の継続を説得する。",
    "EN": "Attempt to persuade the patient to continue pneumonia treatment."
  },
  "edge_9": {
    "JA": "患者の意向に従い、肺炎の治療を中止する。",
    "EN": "Discontinue pneumonia treatment in accordance with the patient's wishes."
  },
  "node_3": {
    "JA": "あなたは、患者に、肺炎治療を拒否する理由を尋ねました。すると、患者は、不全麻痺による運動障害や神経障害がとてもつらく、また根本的な治療法がないことに絶望し、これ以上苦しみを抱える前に死にたいと考えている、と答えました。この後における対応として、あなたの考えに近いものを以下の選択肢から１つ選択してください。",
    "EN": "You asked the patient why they refused pneumonia treatment. The patient stated that motor and neurological impairments from incomplete paralysis cause severe distress, and despair over the absence of a curative treatment led to the desire to die before enduring further suffering. Please select the option closest to your intended response."
  },
  "edge_10": {
    "JA": "肺炎治療の中止について、患者の家族に相談する。",
    "EN": "Consult with the patient's family about discontinuing pneumonia treatment."
  },
  "edge_11": {
    "JA": "患者の意向に従い、治療拒否の指示について書面で同意を取る。",
    "EN": "Obtain written consent from the patient regarding refusal of treatment, in accordance with their wishes."
  },
  "edge_12": {
    "JA": "患者の抑うつ状態について精神科に相談する。",
    "EN": "Consult a psychiatrist regarding the patient's depressive state."
  },
  "edge_13": {
    "JA": "肺炎治療の継続を説得する。",
    "EN": "Attempt to persuade the patient to continue pneumonia treatment."
  },
  "edge_14": {
    "JA": "患者の意向に従い、肺炎の治療を中止する。",
    "EN": "Discontinue pneumonia treatment in accordance with the patient's wishes."
  },
  "node_4": {
    "JA": "あなたは、患者の家族に、肺炎の治療の中止について相談することにしました。患者の家族は、「患者本人が中止を希望しているならば、中止してください。」と返答しました。この状況における対応としてあなたの考えに近いものを以下の選択肢より１つ選択してください。",
    "EN": "You decided to consult the patient's family regarding discontinuation of pneumonia treatment. The family replied, “If the patient wishes to discontinue, please proceed.” Please select the option closest to your intended response."
  },
  "edge_15": {
    "JA": "肺炎治療の中止について、患者に詳しい理由を尋ねる。",
    "EN": "Ask the patient to explain in detail their reasons for discontinuing pneumonia treatment."
  },
  "edge_16": {
    "JA": "患者の意向に従い、治療拒否の指示について書面で同意を取る。",
    "EN": "Obtain written consent from the patient regarding refusal of treatment, in accordance with their wishes."
  },
  "edge_17": {
    "JA": "患者の抑うつ状態について精神科に相談する。",
    "EN": "Consult a psychiatrist regarding the patient's depressive state."
  },
  "edge_18": {
    "JA": "肺炎治療の継続を説得する。",
    "EN": "Attempt to persuade the patient to continue pneumonia treatment."
  },
  "edge_19": {
    "JA": "患者の意向に従い、肺炎の治療を中止する。",
    "EN": "Discontinue pneumonia treatment in accordance with the patient's wishes."
  },
  "node_5": {
    "JA": "あなたは、患者に治療拒否の指示について説明し、肺炎の治療拒否について患者の同意を書面で取りました。患者の同意の通り、肺炎治療は中止されることとなりました。",
    "EN": "You explained the treatment refusal instructions to the patient and obtained written consent for pneumonia treatment discontinuation. Treatment was then discontinued in accordance with the patient’s consent."
  },
  "edge_20": {
    "JA": "次へ。",
    "EN": "Next."
  },
  "node_6": {
    "JA": "あなたは、患者の精神症状について、精神科に相談しました。精神科では抑うつ状態と診断され、抗うつ薬による治療が開始されました。抑うつ状態の改善に伴い、患者は肺炎治療にも積極的姿勢を見せるようになりました。",
    "EN": "You consulted a psychiatrist regarding the patient's mental symptoms. The patient was diagnosed with depression, and antidepressant treatment was initiated. As depressive symptoms improved, the patient became more willing to pursue pneumonia treatment."
  },
  "edge_21": {
    "JA": "次へ。",
    "EN": "Next."
  },
  "node_7": {
    "JA": "あなたは、患者と家族に、治療をすれば肺炎は治る病気であることを説明し、治療の継続を説得しましたが、患者と患者の家族の意向は変わりませんでした。この後における対応として、あなたの考えに近いものを以下の選択肢から１つ選択してください。",
    "EN": "You explained to the patient and family that pneumonia is a treatable condition with appropriate therapy and encouraged continuation. However, the patient and family maintained their refusal. Please select the option closest to your intended response."
  },
  "edge_22": {
    "JA": "患者の意向に従い、治療拒否の指示について書面で同意を取る。",
    "EN": "Obtain written consent from the patient regarding treatment refusal, in accordance with their wishes."
  },
  "edge_23": {
    "JA": "患者の抑うつ状態について精神科に相談する。",
    "EN": "Consult a psychiatrist regarding the patient’s depressive state."
  },
  "edge_24": {
    "JA": "患者の意向に従い、肺炎の治療を中止する。",
    "EN": "Discontinue pneumonia treatment in accordance with the patient’s wishes."
  },
  "node_10": {
    "JA": "肺炎の治療が、効を奏して患者の全身状態も改善していきました。 -END-",
    "EN": "Pneumonia treatment proved effective, and the patient's overall condition improved. -END-"
  },
  "node_8": {
    "JA": "あなたは患者の意向通り、治療を中断しました。患者は、誤嚥性肺炎が悪化して、亡くなりました。 -END-",
    "EN": "You discontinued treatment per the patient's wishes. The patient died due to progression of aspiration pneumonia. -END-"
  }
}