{
  "node_1": {
    "JA": "-START- あなたは総合病院の救急部の医師です。あなたの元に、重症の患者が、家族に付き添われて救急搬送されてきました。その患者は、50歳男性です。自殺目的で建物の窓から飛び降り、ショック状態で発見されたものの意識はある状態です。検査を行った結果、腹腔内大量出血および腸管破裂と診断され、救命のためには開腹手術が必要と判断されました。しかし患者本人は、手術を拒否し「このまま死なせてほしい」と言っています。その患者は末期がんと診断されてから、その治療も全て拒否しており、このまま死にたいと主張しています。この状況における対応として、あなたの考えに近いものを以下の選択肢から１つ選択してください。",
    "EN": "-START- You are a physician in the emergency department of a general hospital.# A critically ill patient has been brought to you via emergency transport, accompanied by their family. @The patient is a 50-year-old male.@ The patient attempted suicide by jumping from a building window. They were found in shock but remain conscious. Diagnostic tests revealed massive intra-abdominal hemorrhage and intestinal rupture, and emergency laparotomy was  deemed necessary to save their life. However, the patient refuses surgery, stating, 'Please let me die as I am.' The patient has also refused all treatments since being diagnosed with terminal cancer and insists on dying naturally. Please select the option that best reflects your approach to managing this situation."
  },
  "edge_3": {
    "JA": "患者の家族に相談し、その意思に従う。",
    "EN": "Consult the patient's family and follow their wishes."
  },
  "edge_2": {
    "JA": "倫理委員会を開き､判断を仰ぐ。",
    "EN": "Convene an ethics committee meeting and seek their guidance."
  },
  "edge_1": {
    "JA": "人命を優先し、救命のための手術を行う。",
    "EN": "Prioritize preservation of life and perform surgery to save the patient."
  },
  "edge_4": {
    "JA": "患者の希望通り、救命のための手術は控える。",
    "EN": "Respect the patient's wishes and withhold life-saving surgery."
  },
  "node_2": {
    "JA": "患者の家族は混乱し、即座に判断ができません。患者の容態は急速に悪化し、医師の迅速な判断が求められる状況となりました。あなたは、どの対応が最善と考えますか。以下の選択肢から１つ、選択してください。",
    "EN": "The patient's family is confused and unable to decide immediately. The patient's condition is rapidly deteriorating, requiring urgent clinical judgment. Which course of action do you consider best? Please select one option below."
  },
  "edge_5": {
    "JA": "患者の家族を説得する。",
    "EN": "Attempt to persuade the patient's family."
  },
  "edge_6": {
    "JA": "倫理委員会を開き、判断を仰ぐ。",
    "EN": "Convene an ethics committee meeting and seek their guidance."
  },
  "edge_7": {
    "JA": "人命を優先し、救命のための手術を行う。",
    "EN": "Prioritize preservation of life and perform surgery to save the patient."
  },
  "edge_8": {
    "JA": "患者の希望通り、救命のための手術は控える。",
    "EN": "Respect the patient's wishes and withhold life-saving surgery."
  },
  "node_3": {
    "JA": "倫理委員会に相談した結果、手術を行うことを決定しました。",
    "EN": "Following consultation with the ethics committee, the decision was made to proceed with surgery."
  },
  "edge_9": {
    "JA": "次へ。",
    "EN": "Next."
  },
  "node_5": {
    "JA": "手術そのものは成功しました。しかし患者は術後、長期の昏睡状態になり、回復が見られないまま、死亡しました。 -END-",
    "EN": "The surgery itself was successful. However, the patient entered a prolonged coma postoperatively and died without signs of recovery. -END-"
  },
  "node_6": {
    "JA": "患者は満足した様子のまま、亡くなりました。しかし、その患者の死がマスコミに取り上げられ、社会的な議論の的となり、医師の判断が厳しく問われることとなりました。 -END-",
    "EN": "The patient died peacefully. However, the death attracted media attention, sparked public debate, and subjected the physician’s decision to intense scrutiny. -END-"
  }
}