{
  "node_1": {
    "JA": "-START- あなたは、大学病院のゲノム診療科で働く医師です。あなたの元に患者が、遺伝学的検査を希望し、来院しました。患者は30歳女性です。患者は、遺伝性がんの遺伝学的検査(BRCA1/2)の実施を希望しています。患者に、がん全般の既往はなく、患者の血縁のある親族に関しても、乳がんや卵巣がん、膵臓がん、前立腺がんに関する家族歴もないそうです。この状況における対応として、あなたの考えに近いものを以下の選択肢から１つ選択してください。",
    "EN": "-START- You are a physician in the Department of Genomic Medicine at a university hospital.# A patient has requested genetic testing for hereditary cancer (BRCA1/2). @The patient is a 30-year-old femlae.@ The patient has no personal history of cancer, and no family history of breast, ovarian, pancreatic, or prostate cancer among biological relatives. Please choose the option that best reflects how you would respond in this situation."
  },
  "edge_4": {
    "JA": "遺伝検査を希望する理由を尋ねる。",
    "EN": "Ask the patient why they wish to undergo genetic testing."
  },
  "edge_5": {
    "JA": "この件について倫理委員会に相談する。",
    "EN": "Consult the ethics committee regarding this case."
  },
  "edge_6": {
    "JA": "患者の希望通り、遺伝学的検査を実施する。",
    "EN": "Proceed with genetic testing as requested by the patient."
  },
  "edge_7": {
    "JA": "患者が遺伝検査の適応ではないことを説明し、検査を実施しない。",
    "EN": "Explain that the patient does not meet the criteria for genetic testing and do not proceed with the test."
  },
  "node_3": {
    "JA": "あなたは、患者に、上記遺伝学的検査の希望について理由を尋ねました。すると、患者は、患者が就職を希望している会社は、応募の際に健康診断書の提出を義務付けており、その書類のなかに、遺伝性がんの遺伝学的検査( BRCA1/2 )の実施の有無と、実施している場合にはその結果を記載する項目があるそうです。さらにその会社は、将来重要なプロジェクトに応募者を参加させるかを検討するために、この検査デ-タを使用するそうです。この状況における対応として、あなたの考えに近いものを以下の選択肢から１つ選択してください。",
    "EN": "You asked the patient why they were seeking genetic testing. The patient explained that the company they are applying to requires a health certificate, which includes a section asking whether BRCA1/2 genetic testing has been performed and, if so, the results. The company reportedly uses this information to determine eligibility for participation in future critical projects. Please select the response that most closely aligns with your perspective on this situation."
  },
  "edge_8": {
    "JA": "この件について倫理委員会に相談する。",
    "EN": "Consult the ethics committee regarding this matter."
  },
  "edge_9": {
    "JA": "患者の希望通り、遺伝学的検査を実施する。",
    "EN": "Conduct the genetic test as requested by the patient."
  },
  "edge_10": {
    "JA": "患者が遺伝検査の適応ではないことを説明し、検査を実施しない。",
    "EN": "Explain that the patient does not meet the criteria for genetic testing and do not perform the test."
  },
  "node_4": {
    "JA": "倫理委員会からは「ガイドラインに従うこと」との回答がありました。ガイドラインには、「原則として患者の同意を必要とすること」と「被検者の健康維持のために必要な医学的情報を提供すること」とあります。この状況における対応として、あなたの考えに近いものを以下の選択肢から１つ選択してください。",
    "EN": "The ethics committee advised, 'Follow the guidelines,' which state that patient consent is generally required and that necessary medical information should be provided to support the patient's health. Please choose the option that best reflects your response."
  },
  "edge_11": {
    "JA": "患者の希望通り、遺伝学的検査を実施する。",
    "EN": "Proceed with genetic testing as requested by the patient."
  },
  "edge_12": {
    "JA": "患者が遺伝検査の適応ではないことを説明し、検査を実施しない。",
    "EN": "Explain that the patient does not meet the criteria for genetic testing and do not conduct the test."
  },
  "node_5": {
    "JA": "あなたは、患者の希望通り、遺伝学的検査を実施しました。検査結果は、BRCA1の遺伝子に病的変異があるとのことでした。想定外だったのか、患者は青ざめ、この検査結果は問題なかったと健康診断書に記載して欲しいと言いました。この状況における対応として、あなたの考えに近いものを以下の選択肢から１つ選択してください。",
    "EN": "You conducted genetic testing as requested. The results revealed a pathogenic BRCA1 mutation. Perhaps, unexpectedly , the patient appeared distressed and requested that the health certificate indicate no abnormalities. Please select the option that best reflects your approach to this situation."
  },
  "edge_13": {
    "JA": "患者の意に反しても検査結果を正直に記載する。",
    "EN": "Record the test results accurately, even if it goes against the patient's wishes."
  },
  "edge_14": {
    "JA": "患者の希望通り、健康診断書に検査実施の有無について無と記載する。",
    "EN": "At the patient's request, indicate in the report that no genetic testing was performed."
  },
  "edge_15": {
    "JA": "患者の希望通り、健康診断書の検査結果について変異なしと記載する。",
    "EN": "At the patient’s request, indicate in the report that no mutation was detected."
  },
  "edge_16": {
    "JA": "そのような希望であれば、健康診断書を作成できないと説明し、診察を終了する。",
    "EN": "Explain that under these conditions, a health certificate cannot be issued, and end the consultation."
  },
  "node_6": {
    "JA": "あなたは、患者に遺伝学的検査の適応でないことを説明し、検査を行わずに患者は帰っていきました。 -END-",
    "EN": "You explained that genetic testing was not indicated, and the patient left without undergoing the test. -END-"
  },
  "node_7": {
    "JA": "患者は健康診断書を受け取り、帰っていきました。 -END-",
    "EN": "The patient received the health certificate and left the hospital. -END-"
  },
  "node_8": {
    "JA": "患者は不服そうに帰っていきました。 -END-",
    "EN": "The patient left, appearing dissatisfied. -END-"
  }
}