{
  "node_1": {
    "JA": "-START- あなたは、内科の医局員です。あなたとあなたの指導医の元に、患者が定期診察で受診しました。患者は27歳女性です。あなたは診療中に、指導医が隠しカメラで患者を撮影していることに気づきました。撮影は診療に必要なものには見えず、更に患者は撮影されていることに、気づいている様子はありません。この状況における対応として、あなたの考えに近いものを以下の選択肢から１つ選択してください。",
    "EN": "-START- You are a physician in the internal medicine department.# During a routine consultation, a patient is seen under your and your supervising physician’s care. @The patient is a 27-year-old female.@ During the visit, you notice that the supervising physician is covertly recording the patient with a hidden camera. The filming does not appear clinically necessary, and the  patient seems unaware of it. Please select the response below that best aligns with your course of action in this situation."
  },
  "edge_100": {
    "JA": "次へ。",
    "EN": "Next."
  },
  "node_2": {
    "JA": "この状況における対応として、あなたの考えに近いものを以下の選択肢から１つ選択してください。",
    "EN": "Please select the response below that best reflects your perspective on how to address this situation."
  },
  "edge_5": {
    "JA": "診療終了後に、外来部長に相談する。",
    "EN": "Consult the head of the outpatient department after the consultation."
  },
  "edge_6": {
    "JA": "診療終了後、指導医に、盗撮について指摘する。",
    "EN": "After the consultation, confront the supervising physician about the covert filming."
  },
  "edge_7": {
    "JA": "偶然かもしれないため、様子を見る。",
    "EN": "Assume it may be accidental and continue to observe."
  },
  "edge_8": {
    "JA": "患者と指導医には伝えずに、外部機関に通報する。",
    "EN": "Report to an external authority without informing the patient or supervising physician."
  },
  "edge_9": {
    "JA": "その場で、患者に、盗撮されていることを伝える。",
    "EN": "Immediately inform the patient that they are being filmed without their knowledge."
  },
  "edge_10": {
    "JA": "診療終了後にこっそり患者だけに盗撮されていることについて伝える。",
    "EN": "After the consultation, discreetly inform the patient about the unauthorized filming."
  },
  "edge_11": {
    "JA": "見て見ぬふりをする。",
    "EN": "Ignore the situation."
  },
  "node_3": {
    "JA": "あなたは、外来長に、指導医の盗撮について相談しました。外来長は、あなたの話を 聞き入れず、「気にしないように。」と返されてその話は終わってしまいました。",
    "EN": "You consulted the outpatient department head regarding the supervising physician’s covert filming. However, the department head dismissed your concern, stating, “Do not worry about it,” and ended the discussion."
  },
  "edge_12": {
    "JA": "次へ。",
    "EN": "Next."
  },
  "node_4": {
    "JA": "あなたは、指導医に盗撮について指摘しました。すると、指導医は、「そんなことは知らない。勘違いではないか。」と盗撮について否定しました。",
    "EN": "You confronted the supervising physician regarding the hidden camera. The physician denied any wrongdoing and claimed it was a misunderstanding."
  },
  "edge_13": {
    "JA": "次へ。",
    "EN": "Next."
  },
  "node_5": {
    "JA": "あなたは、偶然かもしれないため、様子を見ることにしました。しかし、あくる日、また指導医が患者を無断で撮影している様子を見つけてしまいました。",
    "EN": "Believing the incident might have been accidental, you chose to observe further. However, the following day, you again witnessed the supervising physician covertly recording a patient without consent."
  },
  "edge_14": {
    "JA": "次へ。",
    "EN": "Next."
  },
  "node_6": {
    "JA": "あなたは、指導医の盗撮について外部機関に通報することに決めました。どこに通報しますか。以下の選択肢から１つ選択してください。",
    "EN": "You decided to report the supervising physician’s covert filming to an external organization. Please select the most appropriate reporting destination from the options below."
  },
  "edge_15": {
    "JA": "マス・メディア。",
    "EN": "Mass media."
  },
  "edge_16": {
    "JA": "保健所。",
    "EN": "Public health center."
  },
  "edge_17": {
    "JA": "警察。",
    "EN": "Police."
  },
  "edge_18": {
    "JA": "都道府県の公益通報窓口。",
    "EN": "Prefectural public interest whistleblower contact point."
  },
  "node_7": {
    "JA": "あなたは、その場で、指導医が盗撮をしていることについて告発しました。外来で起こったこの件は、大ごととなり、そのまま警察が出動する事態となりました。",
    "EN": "You reported the supervising physician’s actions immediately. The incident escalated, resulting in police involvement at the outpatient clinic."
  },
  "edge_19": {
    "JA": "次へ。",
    "EN": "Next."
  },
  "node_8": {
    "JA": "あなたは、メディアを通じて、指導医の盗撮について告発を行うこととしました。メディアはそれを大々的に取り上げ、指導医は出勤できない状況となってしまいました。",
    "EN": "You disclosed the supervising physician’s actions through the media. The story received widespread coverage, and the physician became unable to continue working."
  },
  "edge_20": {
    "JA": "次へ。",
    "EN": "Next."
  },
  "node_9": {
    "JA": "あなたは、患者にこっそりと、盗撮されていることについて知らせました。患者は驚き、それ以降二度と、来院することはありませんでした。 -END-",
    "EN": "You discreetly informed the patient of the covert filming. The patient was shocked and never returned to the clinic. -END-"
  },
  "node_10": {
    "JA": "あなたの外来には、行政による調査が入り、指導医は逮捕されることとなりました。 -END-",
    "EN": "An official investigation was initiated at the clinic, resulting in the supervising physician’s arrest. -END-"
  },
  "node_11": {
    "JA": "あなたは見て見ぬ振りをすることにしました。それから、指導医は退職し、問題は解決した様子でした。 -END-",
    "EN": "You chose to ignore the incident. Subsequently, the supervising physician resigned, and the issue appeared to be resolved. -END-"
  }
}