{
  "node_1": {
    "JA": "-START- あなたは内科の医師です。あなたの元に、患者が紹介状を持参して来院しました。患者は、50歳の女性です。その患者は、甲状腺機能低下症と診断され、紹介状も持参していました。しかし、患者の母国語はポルトガル語であり、英語と片言の日本語は話すことができますが、日本語での読み書きはできないそうです。なお、あなたは日本語を母国語であり、英語はあまり話せません。この状況における対応として、あなたの考えに近いものを以下の選択肢から１つ選択してください。",
    "EN": "-START- You are an internal medicine physician.# A patient has arrived at your clinic with a referral letter. @The patient is a 50-year-old female.@ The patient diagnosed with hypothyroidism, who brought the referral letter. Their native language is Portuguese; they speak English and limited Japanese but cannot read or write Japanese. Your native language is Japanese, and your English proficiency is limited. Please select the option closest to your approach in this situation from the following choices."
  },
  "edge_1": {
    "JA": "なんらかの医療保険に加入しているか、医療費の支払いが可能であるかを確認する。",
    "EN": "Confirm whether the patient is enrolled in health insurance or can  pay medical expenses."
  },
  "edge_2": {
    "JA": "通常通り、診察を行う。",
    "EN": "Conduct the examination as usual."
  },
  "edge_3": {
    "JA": "家族や友人など、医師の母国語である日本語でコミュニケ-ションが取れる人に付き添ってもらって再来院するように、説明する。",
    "EN": "Explain that the patient should return accompanied by someone, such as a family member or friend, who can communicate in Japanese, the physician’s native language."
  },
  "edge_4": {
    "JA": "こちらでは対応できないため、他の医療機関を探すように指示する。",
    "EN": "Instruct the patient to seek another medical institution, as this facility cannot provide care."
  },
  "node_2": {
    "JA": "患者は、医療保険に加入しており、医療費の支払い能力もある様子です。この状況における適切な対応を以下の選択肢より１つ選択してください。",
    "EN": "The patient is enrolled in health insurance and appears able to pay medical expenses. Please select the appropriate response from the options below."
  },
  "edge_5": {
    "JA": "通常通り、診察を行う。",
    "EN": "Conduct the examination as usual."
  },
  "edge_6": {
    "JA": "家族や友人など、医師の母国語である日本語でコミュニケ-ションが取れる人に付き添ってもらって再来院するように、説明する。",
    "EN": "Explain that the patient should return with someone able to communicate in Japanese, the physician’s native language."
  },
  "edge_7": {
    "JA": "こちらでは対応できないため、他の医療機関を探すように指示する。",
    "EN": "Instruct the patient to seek care at another medical institution."
  },
  "node_3": {
    "JA": "診察と検査を行った結果、あなたは患者を甲状腺機能低下症と診断し、化学療法が必要であると判断しました。この状況における適切な治療説明の方法を以下の選択肢より１つ選択してください。",
    "EN": "After examination and tests, you diagnosed hypothyroidism and determined that chemotherapy is necessary. Please select one appropriate method for explaining the treatment from the options below."
  },
  "edge_8": {
    "JA": "日本語を使って、患者本人に説明をする。",
    "EN": "Explain directly to the patient in Japanese."
  },
  "edge_9": {
    "JA": "医師ができる限り、英語を使って患者本人に説明をする。",
    "EN": "Explain directly to the patient in English, to the best of the physician’s ability."
  },
  "node_4": {
    "JA": "患者は、日本人のパ-トナ-を付き添いとして連れて来院しました。診察と検査を行った結果、あなたは患者を甲状腺機能低下症と診断し、化学療法が必要であると判断しました。この状況における適切な治療説明の方法を以下の選択肢より１つ選択してください。",
    "EN": "The patient arrived accompanied by their Japanese partner. After examination and tests, you diagnosed hypothyroidism and determined that chemotherapy is necessary. Please select one appropriate method to explain the treatment from the options below."
  },
  "edge_10": {
    "JA": "日本語を使って、患者本人に説明をする。",
    "EN": "Explain directly to the patient in Japanese."
  },
  "edge_11": {
    "JA": "医師ができる限り、英語を使って患者本人に説明をする。",
    "EN": "Explain directly to the patient in English, to the best of the physician’s ability."
  },
  "edge_12": {
    "JA": "日本語を使って、患者本人と付き添いの日本語話者に説明をする。",
    "EN": "Explain to both the patient and the accompanying Japanese speaker in Japanese."
  },
  "node_5": {
    "JA": "あなたは日本語で、患者に、治療について詳細に説明を行いました。患者は治療の説明を聞き、何も質問せず、「Signature」の欄にサインをしました。治療が開始され、しばらくすると、動悸や食欲不振などの説明した通りの副作用が患者に生じました。これについて、患者は、「知らなかった。」と言い、インフォ-ムド・コンセントが適切に行われなかったとして、病院を訴えることを考えているそうです。患者のサインした同意書には、「十分な説明を受けた部分(予期された副作用を含む)について責任はない」との明文規定が含まれています。この状況における適切な指摘を以下の選択肢から１つ選択してください。",
    "EN": "You explained the treatment in detail to the patient in Japanese. The patient listened, asked no questions, and signed the “Signature” section. Treatment commenced, and the patient subsequently developed side effects such as palpitations and loss of appetite, as explained. The patient claims, “I did not know,” and is considering suing the hospital, alleging improper informed consent. The signed consent form explicitly states, “No liability exists for adequately explained matters, including anticipated side effects.” Please select the appropriate point to make from the following options."
  },
  "edge_13": {
    "JA": "医師は、言語に関わらず、説明を患者に理解できるように行う必要があったため、医師は説明義務違反である。",
    "EN": "The physician was obligated to provide explanations in a manner the patient could understand, regardless of language; thus, the physician breached the duty to explain."
  },
  "edge_14": {
    "JA": "医師は、患者に説明を行っており、患者も同意書にサインしているため、医師に責任はない。",
    "EN": "The physician provided explanations, and the patient signed the consent form; therefore, the physician is not liable."
  },
  "edge_15": {
    "JA": "治療説明が適切に行われていても、そうでなかったとしても、副作用は生じたと考えられるため、医師に責任はない。",
    "EN": "Regardless of whether the explanation was adequate, side effects are expected; thus, the physician is not liable."
  },
  "edge_16": {
    "JA": "医師は、患者の理解できる言語で説明する必要があったため、医師は説明義務違反である。",
    "EN": "The physician was required to explain in a language understandable to the patient; therefore, the physician violated  the duty to explain."
  },
  "node_6": {
    "JA": "あなたは、できる限りの英語を使用し、治療について詳細に説明を行いました。患者は治療の説明を聞き、何も質問せず、「Signature」の欄にサインをしました。治療が開始され、しばらくすると、動悸や食欲不振などの説明した通りの副作用が患者に生じました。これについて、患者は、「知らなかった。」と言い、インフォ-ムド・コンセントが適切に行われなかったとして、病院を訴えることを考えているそうです。患者のサインした同意書には、「十分な説明を受けた部分(予期された副作用を含む)について責任はない」との明文規定が含まれています。この状況における適切な指摘を以下の選択肢から１つ選択してください。",
    "EN": "You explained the treatment in as much detail as possible using English. The patient listened, asked no questions, and signed the “Signature” section. Treatment began, and the patient developed side effects such as palpitations and loss of appetite, as explained. The patient claims, “I did not know,” and considers suing the hospital for inadequate informed consent. The signed consent form states, “No liability exists for adequately explained matters, including anticipated side effects.” Please select the appropriate point to make from the options below."
  },
  "edge_17": {
    "JA": "医師は、言語に関わらず、説明を患者に理解できるように行う必要があったため、医師は説明義務違反である。",
    "EN": "The physician was obligated to provide explanations in a way the patient could understand, regardless of language; therefore, the physician breached the duty to explain."
  },
  "edge_18": {
    "JA": "医師は、患者に説明を行っており、患者も同意書にサインしているため、医師に責任はない。",
    "EN": "The physician provided explanations, and the patient signed the consent form; therefore, the physician is not liable."
  },
  "edge_19": {
    "JA": "治療説明が適切に行われていても、そうでなかったとしても、副作用は生じたと考えられるため、医師に責任はない。",
    "EN": "Side effects occur regardless of the adequacy of the explanation; thus, the physician is not liable."
  },
  "node_7": {
    "JA": "あなたは日本語で、患者と患者のパ-トナ-に、治療について詳細に説明を行いました。患者は治療の説明を聞き、何も質問せず、「Signature」の欄にサインをしました。治療が開始され、しばらくすると、動悸や食欲不振などの説明した通りの副作用が患者に生じました。これについて、患者は、「知らなかった。」と言い、インフォ-ムド・コンセントが適切に行われなかったとして、病院を訴えることを考えているそうです。患者のサインした同意書には、「十分な説明を受けた部分(予期された副作用を含む)について責任はない」との明文規定が含まれています。この状況における適切な指摘を以下の選択肢から１つ選択してください。",
    "EN": "You explained the treatment in detail to the patient and their partner in Japanese. The patient listened, asked no questions, and signed the “Signature” section. After treatment began, the patient experienced side effects such as palpitations and loss of appetite, as explained. The patient claims, “I did not know,” and considers suing the hospital for inadequate informed consent. The signed consent form states, “No liability exists for adequately explained matters, including anticipated side effects.” Please select the appropriate point to make from the options below."
  },
  "edge_20": {
    "JA": "医師は、言語に関わらず、説明を患者に理解できるように行う必要があったため、医師は説明義務違反である。",
    "EN": "The physician was obligated to explain in a way the patient could understand, regardless of language; therefore, the physician breached the  duty to explain."
  },
  "edge_21": {
    "JA": "医師は、患者に説明を行っており、患者も同意書にサインしているため、医師に責任はない。",
    "EN": "The physician provided explanations, and the patient signed the consent form; therefore, the physician is not liable."
  },
  "edge_22": {
    "JA": "治療説明が適切に行われていても、そうでなかったとしても、副作用は生じたと考えられるため、医師に責任はない。",
    "EN": "Side effects occur regardless of whether the explanation was adequate; therefore, the physician is not liable."
  },
  "edge_23": {
    "JA": "医師の説明は、患者には理解が難しい言語であったものの、その言語が理解できる付き添い者にも説明を行っており、患者も同意書にサインしているため、医師に責任はない。",
    "EN": "Although the explanation was in a language difficult for the patient, it was also provided to an accompanying person who understood it, and the patient signed the consent form; therefore, the physician is not liable."
  },
  "node_8": {
    "JA": "患者は、他の医療機関を探すために病院を出ていきました。 -END-",
    "EN": "The patient left the hospital to seek care at another medical institution. -END-"
  },
  "node_9": {
    "JA": "あなたは、患者と裁判を行うことになりました。 -END-",
    "EN": "You are preparing to face a trial with the patient. -END-"
  }
}