{
  "edge_3": {
    "Text": "医師として、患者の命を見捨てるような行為は行えないと説明する。",
    "RFA": [
      12
    ],
    "BAN": [
      0
    ],
    "JST": [
      0
    ],
    "CM": [
      0
    ]
  },
  "edge_4": {
    "Text": "患者にDNARの説明をした上で患者の同意を取り、DNAR指示を出す。",
    "RFA": [
      0
    ],
    "BAN": [
      0
    ],
    "JST": [
      0
    ],
    "CM": [
      0
    ]
  },
  "edge_5": {
    "Text": "患者と患者家族にDNARの説明をした上で、患者の同意を取り、DNAR指示を出す。",
    "RFA": [
      0
    ],
    "BAN": [
      0
    ],
    "JST": [
      0
    ],
    "CM": [
      0
    ]
  },
  "edge_6": {
    "Text": "血中カリウム濃度を下げるための処置として、インスリンとブドウ糖の投与と、追加で透析治療を開始する方針とする。",
    "RFA": [
      0
    ],
    "BAN": [
      0
    ],
    "JST": [
      0
    ],
    "CM": [
      0
    ]
  },
  "edge_7": {
    "Text": "積極的な治療を行わないという患者の意向を尊重し、血中カリウム濃度がこれ以上上がらないような療法食を提案する。",
    "RFA": [
      12
    ],
    "BAN": [
      11
    ],
    "JST": [
      0
    ],
    "CM": [
      0
    ]
  },
  "edge_8": {
    "Text": "あなたは、DNAR指示を出している患者の意向に従い、高カリウム血症の積極的な治療は行わない。",
    "RFA": [
      11
    ],
    "BAN": [
      11
    ],
    "JST": [
      0
    ],
    "CM": [
      0
    ]
  },
  "edge_13": {
    "Text": "救命のために直ちにCPRを開始する。",
    "RFA": [
      11
    ],
    "BAN": [
      0
    ],
    "JST": [
      0
    ],
    "CM": [
      6
    ]
  },
  "edge_14": {
    "Text": "患者のDNAR指示に従い、CPRは行わない。",
    "RFA": [
      0
    ],
    "BAN": [
      0
    ],
    "JST": [
      0
    ],
    "CM": [
      0
    ]
  }
}