{
  "edge_3": {
    "Text": "患者の妻に相談し、その意思に従う。",
    "RFA": [
      0
    ],
    "BAN": [
      0
    ],
    "JST": [
      0
    ],
    "CM": [
      0
    ]
  },
  "edge_2": {
    "Text": "緊急に倫理委員会を開き､そのうえで手術を実行する。",
    "RFA": [
      0
    ],
    "BAN": [
      0
    ],
    "JST": [
      0
    ],
    "CM": [
      0
    ]
  },
  "edge_1": {
    "Text": "人命を優先し、救命のための手術を行う。",
    "RFA": [
      0
    ],
    "BAN": [
      0
    ],
    "JST": [
      0
    ],
    "CM": [
      0
    ]
  },
  "edge_4": {
    "Text": "患者の希望に従い、救命のための手術は控える。",
    "RFA": [
      0
    ],
    "BAN": [
      11
    ],
    "JST": [
      0
    ],
    "CM": [
      0
    ]
  },
  "edge_5": {
    "Text": "患者の救命の同意を取るために代理人である患者の妻を説得する。",
    "RFA": [
      12
    ],
    "BAN": [
      0
    ],
    "JST": [
      0
    ],
    "CM": [
      0
    ]
  },
  "edge_6": {
    "Text": "緊急に倫理委員会を開き、そのうえで手術を実行する。",
    "RFA": [
      0
    ],
    "BAN": [
      0
    ],
    "JST": [
      0
    ],
    "CM": [
      0
    ]
  },
  "edge_7": {
    "Text": "人命を優先し、救命のための手術を行う。",
    "RFA": [
      0
    ],
    "BAN": [
      0
    ],
    "JST": [
      0
    ],
    "CM": [
      0
    ]
  },
  "edge_8": {
    "Text": "患者の希望に従い、救命のための手術は控える。",
    "RFA": [
      0
    ],
    "BAN": [
      11
    ],
    "JST": [
      0
    ],
    "CM": [
      0
    ]
  }
}